customer_id,age,tenure_months,contract_type,payment_method,paperless_billing,international_plan,avg_monthly_gb,support_tickets_6m,outages_3m,late_payments_12m,app_sessions_30d,add_ons,monthly_charges,total_charges,churn
C100000,27,6,one-year,electronic-check,no,no,7.46,0,1,0,17,1,43.98,331.21,0
C100001,21,56,month-to-month,bank-transfer,yes,no,35.68,1,0,0,8,1,29.4,1685.53,1
C100002,55,47,month-to-month,bank-transfer,no,no,36.72,2,0,4,8,0,25.76,,0
C100003,68,32,month-to-month,bank-transfer,yes,no,62.67,2,0,0,15,1,77.45,2488.93,0
C100004,33,31,month-to-month,mailed-check,no,no,8.36,1,0,0,15,0,28.32,879.76,0
C100005,23,62,month-to-month,bank-transfer,yes,no,50.96,3,0,1,20,1,59.05,3678.02,0
C100006,18,6,month-to-month,mailed-check,yes,no,4.46,1,2,1,14,0,68.71,,0
C100007,36,50,month-to-month,electronic-check,no,no,37.58,1,1,2,21,1,37.79,1961.32,0
C100008,35,14,month-to-month,mailed-check,no,no,42.55,0,0,0,21,1,63.7,947.75,0
C100009,31,6,one-year,bank-transfer,yes,no,36.51,1,0,0,9,2,67.08,440.01,0
C100010,42,38,two-year,electronic-check,yes,no,5.88,1,0,1,26,0,36.86,1392.94,0
C100011,44,71,one-year,electronic-check,yes,no,48.83,1,0,0,18,1,71.53,5176.27,0
C100012,43,53,one-year,credit-card,no,no,89.09,1,0,2,15,2,76.01,4102.8,0
C100013,35,55,two-year,credit-card,yes,no,9.35,1,0,3,10,3,86.43,4788.65,1
C100014,26,52,month-to-month,bank-transfer,yes,no,17.14,2,1,0,20,0,55.41,2921.24,1
C100015,47,57,one-year,credit-card,yes,no,12.29,1,0,0,15,1,61.86,3653.87,0
C100016,39,37,month-to-month,credit-card,no,no,32.55,1,0,0,14,0,61.29,2365.27,1
C100017,50,9,month-to-month,bank-transfer,no,no,15.28,0,1,2,8,0,71.16,713.65,0
C100018,48,61,month-to-month,electronic-check,no,no,33.87,0,0,1,10,2,93.86,5832.63,0
C100019,22,32,month-to-month,bank-transfer,no,no,19.11,1,0,1,9,2,82.04,2691.96,0
C100020,22,36,one-year,credit-card,yes,no,23.8,0,0,3,7,1,73.9,2724.72,0
C100021,30,27,month-to-month,bank-transfer,yes,no,21.47,0,0,0,14,2,64.6,1769.08,0
C100022,26,13,one-year,electronic-check,yes,no,4.61,0,0,3,11,1,61.92,842.97,0
C100023,48,67,two-year,credit-card,yes,no,22.95,3,0,2,15,1,72.27,4931.83,1
C100024,43,57,month-to-month,bank-transfer,no,no,6.05,0,1,0,19,0,58.32,3432.52,0
C100025,52,47,month-to-month,mailed-check,yes,no,6.97,0,0,1,14,2,76.56,3687.04,0
C100026,44,29,month-to-month,credit-card,no,no,49.47,2,0,3,9,2,93.0,2824.2,0
C100027,42,60,month-to-month,bank-transfer,yes,no,32.08,0,0,2,16,0,55.53,3315.64,1
C100028,53,39,two-year,credit-card,yes,no,30.34,0,0,2,15,1,47.32,1909.64,0
C100029,45,32,one-year,credit-card,no,yes,23.21,2,1,1,14,0,45.7,1519.96,0
C100030,40,32,one-year,electronic-check,yes,no,78.99,2,0,0,23,0,62.24,2026.82,0
C100031,57,16,month-to-month,credit-card,yes,no,22.8,0,1,0,21,0,51.9,879.99,1
C100032,40,6,one-year,mailed-check,no,no,20.04,0,0,2,20,2,55.06,432.14,0
C100033,35,40,one-year,credit-card,yes,no,19.53,1,0,1,21,1,68.08,2806.28,0
C100034,29,64,month-to-month,credit-card,yes,no,44.25,3,2,0,17,3,81.78,5304.0,1
C100035,47,4,month-to-month,credit-card,yes,no,22.02,0,0,1,16,0,63.35,381.03,1
C100036,54,62,month-to-month,credit-card,no,no,26.7,1,1,3,17,3,102.19,6438.73,0
C100037,38,60,month-to-month,credit-card,yes,no,46.5,0,0,0,12,0,71.8,4432.75,0
C100038,55,20,two-year,electronic-check,yes,no,30.83,0,0,1,10,2,64.11,1332.67,0
C100039,18,46,one-year,mailed-check,yes,no,39.24,0,0,5,18,0,49.89,2346.31,0
C100040,38,12,month-to-month,electronic-check,yes,no,12.22,1,0,1,14,0,37.26,536.36,0
C100041,39,55,two-year,credit-card,no,no,8.44,2,0,0,11,2,90.72,5046.24,0
C100042,30,51,month-to-month,bank-transfer,yes,no,56.13,0,3,0,19,3,82.63,4379.6,1
C100043,68,25,month-to-month,bank-transfer,no,yes,38.35,0,0,0,13,1,85.31,2191.79,0
C100044,38,4,two-year,electronic-check,no,no,33.08,0,0,1,19,2,76.14,404.22,0
C100045,34,70,two-year,bank-transfer,yes,no,27.97,1,0,2,14,0,51.33,3663.49,0
C100046,39,32,one-year,mailed-check,no,no,21.75,0,0,0,16,2,51.29,1653.18,0
C100047,18,65,month-to-month,credit-card,no,no,12.6,0,0,0,8,0,59.43,3869.03,0
C100048,30,49,two-year,credit-card,no,no,12.26,0,0,0,21,3,116.18,5764.42,0
C100049,51,56,one-year,mailed-check,yes,no,8.3,1,0,1,15,1,74.47,4237.69,0
C100050,31,55,one-year,credit-card,yes,no,6.15,1,0,1,18,2,75.73,4264.82,0
C100051,29,14,month-to-month,electronic-check,yes,no,10.64,1,1,1,18,1,73.86,1097.98,0
C100052,55,26,month-to-month,electronic-check,yes,no,16.44,0,1,0,17,0,64.77,1729.75,0
C100053,55,34,two-year,bank-transfer,yes,no,55.85,0,0,3,15,0,73.58,2552.91,0
C100054,45,36,two-year,bank-transfer,yes,yes,5.91,0,0,1,10,1,55.46,2044.84,0
C100055,34,3,one-year,electronic-check,no,yes,23.82,1,0,2,15,0,61.65,234.56,1
C100056,36,39,month-to-month,electronic-check,no,no,59.4,2,1,1,15,2,58.65,2329.84,1
C100057,29,11,one-year,mailed-check,yes,no,44.02,0,0,2,17,2,49.72,560.81,1
C100058,27,54,month-to-month,electronic-check,no,no,22.1,1,0,0,8,0,64.75,3532.21,0
C100059,26,49,month-to-month,mailed-check,yes,no,12.93,0,1,4,12,1,78.48,3953.11,1
C100060,32,67,month-to-month,mailed-check,yes,no,3.45,1,0,2,13,3,81.38,5509.7,0
C100061,27,54,month-to-month,credit-card,no,no,24.34,1,2,0,11,1,63.85,3540.34,0
C100062,20,26,one-year,electronic-check,yes,no,35.06,1,0,1,13,2,77.06,2084.6,0
C100063,42,70,month-to-month,electronic-check,yes,no,13.18,1,1,0,16,0,69.65,5012.42,1
C100064,42,29,month-to-month,electronic-check,no,no,46.06,0,0,0,14,2,82.83,,0
C100065,59,23,two-year,electronic-check,no,no,20.24,1,0,0,20,0,60.16,1464.09,0
C100066,31,66,one-year,bank-transfer,no,no,27.2,0,0,0,14,0,64.89,4310.38,0
C100067,43,27,month-to-month,mailed-check,yes,no,22.13,0,1,1,13,1,76.26,,0
C100068,43,5,month-to-month,electronic-check,yes,yes,45.66,2,0,1,17,3,61.86,437.77,1
C100069,36,34,one-year,credit-card,yes,no,46.62,0,0,0,10,1,72.85,2581.84,0
C100070,48,58,month-to-month,credit-card,yes,no,31.64,0,1,1,16,3,69.7,4067.22,0
C100071,48,13,month-to-month,electronic-check,no,no,17.75,1,2,0,9,2,90.85,1294.61,1
C100072,43,33,month-to-month,electronic-check,yes,no,21.51,0,0,0,11,2,81.19,2786.54,0
C100073,36,9,month-to-month,credit-card,no,no,81.26,0,0,1,22,2,82.16,877.92,0
C100074,35,50,one-year,bank-transfer,yes,no,61.66,0,0,1,21,0,56.48,2850.51,0
C100075,23,34,month-to-month,credit-card,yes,no,22.96,1,0,0,10,2,93.95,3282.89,1
C100076,29,24,month-to-month,electronic-check,yes,no,8.75,2,0,1,16,2,69.79,1726.87,0
C100077,32,16,month-to-month,credit-card,yes,no,40.8,1,0,0,17,2,78.33,1339.36,1
C100078,26,41,month-to-month,electronic-check,yes,no,15.38,0,0,0,9,1,68.29,2854.36,0
C100079,44,48,month-to-month,electronic-check,no,no,54.12,1,0,0,15,0,63.15,3119.58,0
C100080,53,68,two-year,bank-transfer,no,yes,13.06,0,0,0,16,3,100.31,6872.7,0
C100081,28,31,month-to-month,bank-transfer,no,no,15.52,0,1,0,21,0,36.62,1178.0,0
C100082,42,11,month-to-month,electronic-check,yes,no,7.95,1,1,5,14,1,63.18,709.22,1
C100083,27,60,month-to-month,electronic-check,no,no,68.94,1,0,1,21,0,34.86,2167.26,1
C100084,35,45,one-year,credit-card,no,no,10.27,2,1,0,17,0,60.43,2770.39,0
C100085,31,51,month-to-month,electronic-check,yes,no,38.64,1,0,0,16,0,49.63,2574.87,0
C100086,46,7,two-year,electronic-check,no,no,19.37,0,1,1,9,1,64.39,544.08,0
C100087,31,22,one-year,electronic-check,no,no,15.71,1,0,2,18,0,46.68,1080.85,0
C100088,51,56,month-to-month,electronic-check,no,no,15.01,2,0,0,11,2,65.83,3752.39,0
C100089,36,60,one-year,credit-card,no,yes,53.39,1,0,1,14,0,52.99,3211.3,0
C100090,31,31,month-to-month,electronic-check,yes,no,110.94,0,0,1,18,0,62.64,1997.25,0
C100091,24,58,two-year,mailed-check,yes,no,49.61,0,0,0,21,0,66.21,3872.7,0
C100092,42,61,two-year,bank-transfer,yes,no,4.42,3,1,1,17,0,46.42,2842.9,0
C100093,50,28,month-to-month,electronic-check,yes,no,38.77,2,0,1,10,0,58.98,1722.58,1
C100094,42,65,one-year,bank-transfer,yes,no,19.48,2,0,2,19,2,74.2,4850.38,0
C100095,66,21,month-to-month,electronic-check,yes,no,20.38,2,1,3,17,2,64.93,1420.92,1
C100096,56,17,month-to-month,credit-card,no,no,25.7,0,1,0,17,0,61.09,1107.8,1
C100097,35,49,one-year,credit-card,yes,no,22.29,0,0,2,21,0,40.78,2051.01,0
C100098,35,46,two-year,credit-card,no,no,31.7,1,0,1,7,1,57.22,2608.78,0
C100099,45,10,month-to-month,mailed-check,no,no,18.82,0,1,2,21,1,77.83,832.94,1
C100100,29,60,one-year,credit-card,yes,no,41.47,1,0,0,16,3,59.62,3665.53,0
C100101,53,14,one-year,bank-transfer,yes,no,23.51,0,0,1,19,3,78.49,1197.62,0
C100102,43,58,month-to-month,mailed-check,no,no,23.87,3,0,0,21,0,57.27,3380.2,0
C100103,42,0,one-year,electronic-check,yes,no,21.99,0,1,0,10,2,69.8,,0
C100104,47,58,one-year,electronic-check,yes,no,38.68,2,0,1,9,1,61.56,3625.09,0
C100105,60,57,one-year,electronic-check,no,no,16.51,0,0,1,16,3,78.24,4550.96,0
C100106,41,56,two-year,electronic-check,yes,no,31.78,1,0,0,12,1,60.7,3446.85,1
C100107,38,48,month-to-month,credit-card,yes,no,24.38,1,0,0,13,1,54.58,2691.91,0
C100108,57,34,month-to-month,credit-card,no,no,53.94,0,2,2,20,1,83.8,2966.05,1
C100109,51,51,month-to-month,electronic-check,yes,yes,17.33,0,0,2,15,0,65.27,3382.03,1
C100110,35,20,month-to-month,credit-card,yes,no,42.05,2,0,0,12,1,69.2,1472.89,1
C100111,39,56,month-to-month,bank-transfer,yes,no,27.98,1,0,4,17,0,55.83,3164.28,0
C100112,41,40,two-year,mailed-check,yes,no,51.28,0,0,2,22,1,59.75,2437.31,0
C100113,43,33,month-to-month,credit-card,yes,no,23.8,1,0,0,15,0,55.83,1918.8,1
C100114,23,36,one-year,bank-transfer,yes,no,16.08,1,0,1,11,1,55.09,2106.18,0
C100115,20,41,month-to-month,bank-transfer,yes,no,15.96,1,1,0,14,2,92.46,3875.81,0
C100116,28,2,month-to-month,electronic-check,no,no,26.13,0,2,1,12,1,54.34,246.33,0
C100117,27,10,two-year,electronic-check,no,yes,22.4,0,0,0,23,0,41.34,435.67,0
C100118,31,17,one-year,credit-card,yes,no,16.85,0,1,1,10,1,97.75,1796.51,0
C100119,47,8,month-to-month,electronic-check,no,yes,26.54,1,0,1,19,1,61.59,590.67,0
C100120,37,32,two-year,electronic-check,yes,no,1.82,0,0,0,13,0,44.71,1519.35,0
C100121,41,48,month-to-month,electronic-check,no,no,19.66,1,1,1,15,0,65.37,3190.45,0
C100122,24,47,month-to-month,mailed-check,yes,no,22.93,0,1,0,11,0,40.36,1955.16,0
C100123,33,34,month-to-month,mailed-check,no,no,5.41,0,0,1,13,1,54.0,1896.31,0
C100124,46,62,one-year,credit-card,no,no,9.73,1,0,0,17,1,77.31,4865.38,0
C100125,46,41,month-to-month,mailed-check,yes,no,10.28,0,0,1,15,2,95.07,,1
C100126,30,5,two-year,credit-card,yes,yes,21.52,0,1,0,20,1,73.29,391.62,0
C100127,41,55,month-to-month,bank-transfer,yes,no,18.6,0,1,0,9,0,64.84,3628.44,1
C100128,65,41,month-to-month,mailed-check,yes,no,18.79,0,1,2,12,0,72.87,3046.05,0
C100129,39,46,two-year,electronic-check,yes,no,5.49,0,0,1,14,0,51.91,2431.81,0
C100130,31,41,month-to-month,electronic-check,no,no,44.57,1,0,1,18,0,40.1,1641.76,0
C100131,37,40,month-to-month,credit-card,yes,no,52.44,0,1,1,15,2,64.74,2643.98,0
C100132,40,6,month-to-month,credit-card,yes,no,6.99,1,0,1,14,1,80.26,571.81,0
C100133,37,40,month-to-month,mailed-check,no,no,17.85,0,0,0,15,1,50.89,2055.37,0
C100134,39,58,month-to-month,credit-card,no,yes,18.48,1,0,0,12,2,74.3,4394.85,1
C100135,22,22,month-to-month,credit-card,yes,no,29.56,1,1,2,18,1,65.07,1500.74,0
C100136,27,44,one-year,electronic-check,no,no,15.93,1,0,0,15,2,79.21,3552.53,0
C100137,37,2,month-to-month,bank-transfer,no,no,41.79,1,1,0,17,0,64.79,214.72,1
C100138,37,25,month-to-month,credit-card,no,no,9.15,1,0,1,20,1,71.61,1895.76,0
C100139,32,31,one-year,credit-card,yes,no,35.21,1,0,2,20,1,101.45,3230.84,0
C100140,37,71,month-to-month,electronic-check,yes,yes,28.94,0,0,0,8,1,75.69,5425.48,1
C100141,40,15,one-year,electronic-check,yes,no,7.79,0,0,0,13,2,87.58,1423.03,0
C100142,50,20,one-year,mailed-check,no,no,17.26,2,1,1,10,1,63.52,1312.93,0
C100143,38,29,month-to-month,electronic-check,no,no,8.59,1,1,0,11,2,98.13,2901.74,0
C100144,44,72,month-to-month,electronic-check,no,no,71.9,0,0,0,19,3,79.02,5793.14,0
C100145,33,62,month-to-month,bank-transfer,yes,no,19.81,1,0,0,16,1,76.82,4821.32,0
C100146,46,2,month-to-month,mailed-check,yes,no,15.56,1,0,1,21,1,61.98,203.94,0
C100147,44,17,month-to-month,electronic-check,no,no,4.6,1,0,0,15,2,82.35,1435.95,0
C100148,49,59,one-year,bank-transfer,yes,no,27.78,0,0,1,13,1,72.37,4350.69,0
C100149,48,4,one-year,electronic-check,yes,no,16.99,1,0,0,16,0,71.52,357.85,1
C100150,46,62,month-to-month,mailed-check,no,no,34.93,0,1,0,12,2,84.44,5347.78,1
C100151,38,20,two-year,credit-card,no,no,58.34,1,0,1,13,1,69.64,1401.66,0
C100152,42,66,month-to-month,credit-card,yes,no,38.26,2,0,0,21,0,69.48,4609.56,1
C100153,52,21,two-year,electronic-check,no,yes,9.82,1,0,1,18,1,55.42,1262.09,0
C100154,31,31,two-year,credit-card,yes,no,15.71,0,0,0,18,0,34.79,1109.82,0
C100155,31,48,month-to-month,credit-card,yes,yes,7.15,0,0,1,17,1,39.43,1891.81,0
C100156,41,9,month-to-month,bank-transfer,yes,no,12.9,1,0,2,11,1,82.89,842.98,0
C100157,44,40,month-to-month,credit-card,yes,no,43.28,0,0,0,17,2,76.5,,0
C100158,29,36,two-year,electronic-check,yes,no,13.68,3,0,0,10,1,69.04,2529.76,0
C100159,38,57,month-to-month,electronic-check,yes,yes,35.18,2,1,0,10,0,52.99,3131.12,0
C100160,38,72,two-year,credit-card,yes,no,14.98,0,1,0,11,2,71.9,5232.58,0
C100161,18,48,month-to-month,mailed-check,yes,no,37.75,0,0,0,13,1,60.85,2911.79,0
C100162,36,29,month-to-month,electronic-check,yes,no,9.63,2,1,1,16,1,64.81,1932.2,1
C100163,37,29,one-year,electronic-check,no,no,8.14,0,0,1,10,0,33.99,991.39,0
C100164,37,30,month-to-month,electronic-check,yes,no,71.49,2,1,0,11,0,36.81,1058.03,1
C100165,56,59,month-to-month,electronic-check,yes,yes,10.42,0,1,0,19,1,51.34,3103.07,1
C100166,24,23,two-year,electronic-check,yes,no,44.0,1,0,0,10,2,64.13,1582.68,0
C100167,29,12,month-to-month,credit-card,yes,no,31.31,0,0,0,12,0,73.4,966.12,0
C100168,18,24,two-year,electronic-check,yes,no,12.51,1,0,2,10,1,96.1,2395.96,1
C100169,33,1,two-year,credit-card,no,no,12.64,1,0,2,13,0,69.6,122.77,0
C100170,34,7,month-to-month,electronic-check,yes,no,17.74,1,1,1,7,2,31.01,240.68,0
C100171,33,6,month-to-month,electronic-check,yes,no,44.62,0,0,1,13,2,91.3,668.57,1
C100172,52,56,month-to-month,credit-card,yes,no,15.45,0,0,1,17,1,60.83,3393.5,0
C100173,49,52,one-year,electronic-check,yes,no,35.03,4,0,2,14,0,38.4,2033.64,0
C100174,40,50,two-year,electronic-check,no,no,28.72,0,0,2,16,1,88.49,4549.23,0
C100175,35,33,two-year,credit-card,yes,no,29.35,0,0,1,16,1,60.26,2001.57,0
C100176,51,52,two-year,electronic-check,no,no,73.07,1,0,0,15,0,47.91,2570.52,0
C100177,39,11,month-to-month,electronic-check,no,no,33.12,0,1,1,18,0,50.59,662.75,1
C100178,29,65,month-to-month,credit-card,yes,no,29.06,0,0,1,12,0,52.9,3470.33,0
C100179,18,36,month-to-month,mailed-check,yes,no,4.61,1,0,0,12,2,80.43,2927.7,0
C100180,34,68,two-year,bank-transfer,no,no,52.36,0,0,0,15,1,70.73,4857.68,0
C100181,48,11,month-to-month,electronic-check,no,no,38.37,1,0,0,14,1,57.09,696.75,0
C100182,66,36,month-to-month,electronic-check,yes,no,28.29,0,1,0,9,1,39.9,1562.63,0
C100183,40,50,month-to-month,mailed-check,yes,no,17.64,1,1,0,10,0,46.7,2354.23,1
C100184,30,36,month-to-month,bank-transfer,yes,no,4.87,0,1,3,15,2,66.44,2432.12,0
C100185,25,32,month-to-month,electronic-check,yes,no,32.6,2,1,0,13,0,48.23,1587.24,1
C100186,46,12,month-to-month,credit-card,no,no,22.63,0,0,0,13,3,83.68,1091.9,0
C100187,18,27,two-year,credit-card,yes,no,69.52,0,1,1,23,1,69.55,1946.39,0
C100188,46,17,one-year,bank-transfer,yes,no,35.16,0,0,0,17,1,79.79,1377.65,0
C100189,49,22,month-to-month,mailed-check,yes,no,24.81,0,1,0,19,1,67.29,1504.55,1
C100190,44,49,one-year,bank-transfer,yes,no,83.55,0,0,1,12,0,70.55,3555.47,0
C100191,36,46,month-to-month,bank-transfer,no,no,22.55,0,0,1,15,1,60.64,2894.81,1
C100192,46,44,one-year,electronic-check,yes,yes,65.69,0,0,1,16,0,78.68,3493.64,0
C100193,41,26,month-to-month,credit-card,no,no,3.82,1,0,2,12,2,65.0,1797.41,0
C100194,30,70,one-year,mailed-check,yes,no,94.17,0,0,1,20,3,68.92,4811.5,0
C100195,61,6,month-to-month,credit-card,yes,no,44.45,0,1,1,11,1,83.69,594.86,1
C100196,35,25,month-to-month,credit-card,yes,no,11.37,1,0,1,15,2,71.48,1846.52,0
C100197,48,8,one-year,electronic-check,yes,no,77.85,0,0,2,16,1,54.33,501.06,1
C100198,18,24,one-year,mailed-check,no,no,2.78,0,0,1,15,0,41.76,996.17,0
C100199,54,70,one-year,mailed-check,yes,no,8.35,0,1,0,7,0,49.54,3544.98,0
C100200,57,26,month-to-month,mailed-check,no,yes,31.85,1,0,0,9,1,59.49,1594.83,0
C100201,39,66,month-to-month,credit-card,yes,no,52.6,1,0,1,17,0,63.15,4203.97,1
C100202,46,36,one-year,electronic-check,no,no,28.56,1,1,1,15,1,74.13,2726.19,0
C100203,46,51,month-to-month,bank-transfer,yes,no,5.23,0,0,0,16,0,55.68,2920.82,0
C100204,31,33,month-to-month,credit-card,no,no,12.37,0,1,0,15,2,79.17,2689.11,0
C100205,46,19,month-to-month,credit-card,yes,yes,15.21,0,1,3,13,2,78.89,1588.66,1
C100206,29,55,month-to-month,electronic-check,yes,no,30.85,0,1,2,18,1,55.84,3150.86,1
C100207,32,70,month-to-month,credit-card,no,no,20.72,0,1,1,9,1,51.29,3615.61,0
C100208,53,19,month-to-month,electronic-check,no,no,49.86,0,0,0,22,1,63.86,1254.6,1
C100209,51,56,one-year,mailed-check,yes,no,4.85,0,0,1,8,2,43.47,2567.84,0
C100210,31,19,one-year,electronic-check,no,no,35.31,1,1,0,12,2,79.61,1544.66,0
C100211,30,52,one-year,bank-transfer,yes,yes,8.42,0,1,1,15,1,62.87,3256.71,0
C100212,31,57,one-year,electronic-check,no,no,59.0,2,0,0,18,0,78.12,4502.62,1
C100213,48,32,month-to-month,electronic-check,yes,no,35.6,1,1,0,15,1,79.21,2602.42,0
C100214,27,53,two-year,electronic-check,no,no,20.73,2,0,1,19,1,61.35,,0
C100215,43,19,one-year,credit-card,yes,yes,17.13,1,0,0,13,3,99.86,1973.21,1
C100216,48,5,month-to-month,bank-transfer,no,no,29.86,0,2,0,13,3,67.07,428.7,0
C100217,38,7,month-to-month,,no,no,48.84,0,0,1,22,2,79.11,615.27,0
C100218,51,32,one-year,bank-transfer,no,no,28.83,2,0,1,13,0,33.58,1125.21,0
C100219,35,65,one-year,mailed-check,no,no,20.63,1,0,1,9,1,60.41,4024.76,0
C100220,36,9,one-year,electronic-check,no,no,10.42,0,0,0,14,3,79.49,772.19,0
C100221,27,33,one-year,electronic-check,yes,yes,19.94,2,1,1,7,1,57.28,1976.51,1
C100222,51,51,two-year,mailed-check,yes,no,49.07,0,0,1,20,1,76.9,3957.28,0
C100223,30,14,two-year,credit-card,yes,no,39.43,2,2,0,13,2,78.85,1184.35,0
C100224,43,52,one-year,electronic-check,yes,no,53.54,0,0,1,9,0,65.59,3482.22,0
C100225,38,22,two-year,bank-transfer,yes,yes,9.94,1,0,0,11,0,58.2,1342.55,0
C100226,26,59,two-year,credit-card,no,no,5.16,1,2,0,16,3,73.19,4399.02,0
C100227,32,42,month-to-month,credit-card,yes,no,37.04,0,1,1,13,2,83.73,3606.77,1
C100228,56,39,one-year,electronic-check,yes,no,6.57,1,2,3,14,1,89.2,3461.61,1
C100229,41,12,month-to-month,credit-card,yes,no,53.51,0,0,1,22,3,66.07,,0
C100230,27,33,month-to-month,bank-transfer,no,yes,37.85,0,0,2,9,1,53.57,1762.38,0
C100231,43,62,month-to-month,mailed-check,yes,no,28.22,1,0,1,16,0,57.41,3595.28,0
C100232,37,1,month-to-month,credit-card,yes,no,8.76,2,1,0,14,1,78.36,184.05,0
C100233,80,55,month-to-month,electronic-check,yes,no,22.71,0,1,1,18,2,84.92,4772.49,1
C100234,42,35,month-to-month,credit-card,yes,no,19.96,0,2,2,8,1,54.14,1999.41,0
C100235,34,52,month-to-month,bank-transfer,yes,no,29.1,1,0,1,18,0,52.07,2772.25,0
C100236,56,48,one-year,credit-card,yes,no,64.5,1,0,2,21,1,76.58,3723.88,1
C100237,18,31,two-year,credit-card,no,no,10.1,1,0,2,14,0,48.43,1502.85,1
C100238,40,22,two-year,bank-transfer,no,no,17.64,1,1,2,10,0,59.46,1408.26,1
C100239,63,45,month-to-month,electronic-check,yes,no,21.07,0,0,1,21,1,55.39,2508.98,1
C100240,38,10,month-to-month,electronic-check,yes,no,55.71,2,0,0,14,1,76.37,797.74,0
C100241,18,42,two-year,credit-card,yes,no,24.5,0,1,0,16,1,69.46,2987.56,0
C100242,34,6,month-to-month,bank-transfer,no,yes,35.42,1,1,1,19,1,32.75,269.78,0
C100243,56,47,two-year,credit-card,no,no,58.7,0,0,2,25,1,88.08,4228.75,0
C100244,44,45,one-year,mailed-check,yes,no,28.15,0,0,0,14,0,79.58,3648.25,0
C100245,29,6,month-to-month,mailed-check,yes,no,17.82,0,2,1,15,1,40.85,258.32,1
C100246,31,55,month-to-month,credit-card,no,no,51.09,0,0,2,20,2,69.97,3930.48,0
C100247,32,30,month-to-month,bank-transfer,yes,no,63.0,0,0,0,20,1,49.34,1465.53,0
C100248,43,57,month-to-month,mailed-check,no,yes,33.54,0,0,0,13,1,38.6,2187.63,0
C100249,55,3,month-to-month,electronic-check,yes,no,13.44,2,0,1,19,0,65.53,232.62,0
C100250,52,13,two-year,credit-card,no,no,16.48,0,1,0,12,0,77.73,1059.75,0
C100251,44,36,one-year,credit-card,yes,no,62.59,0,1,0,21,1,65.33,2395.14,0
C100252,23,13,month-to-month,mailed-check,no,no,37.77,1,0,0,21,0,76.01,1096.34,1
C100253,23,24,month-to-month,mailed-check,no,no,18.7,2,0,1,13,0,48.18,1248.58,0
C100254,45,48,month-to-month,electronic-check,yes,yes,4.43,0,0,1,12,2,55.89,2704.6,1
C100255,23,10,month-to-month,mailed-check,no,no,38.33,1,0,0,11,1,60.2,651.36,0
C100256,36,49,one-year,,yes,no,33.68,1,2,0,12,0,47.62,2352.75,0
C100257,43,7,one-year,electronic-check,yes,no,37.84,3,0,0,15,2,74.44,573.32,0
C100258,25,12,two-year,credit-card,yes,yes,11.84,1,0,2,15,1,79.61,1052.15,1
C100259,27,42,month-to-month,mailed-check,yes,no,17.89,0,0,2,17,2,62.57,2728.6,1
C100260,38,57,month-to-month,credit-card,yes,no,46.78,0,0,1,15,1,48.06,2829.57,0
C100261,45,12,two-year,mailed-check,yes,no,1.75,0,0,0,15,1,71.64,931.45,0
C100262,52,21,one-year,electronic-check,yes,yes,17.73,0,0,0,14,2,66.66,1401.28,0
C100263,46,67,one-year,mailed-check,yes,no,6.04,0,2,3,19,1,73.55,4952.65,0
C100264,40,72,month-to-month,electronic-check,yes,no,10.63,0,0,0,10,1,54.38,3908.4,0
C100265,30,42,two-year,bank-transfer,yes,no,42.19,1,0,2,15,1,55.9,2438.14,0
C100266,26,32,month-to-month,credit-card,no,no,20.42,1,0,1,14,2,83.6,2735.24,0
C100267,33,25,month-to-month,bank-transfer,yes,yes,8.97,0,0,1,14,2,83.49,2173.92,1
C100268,44,44,one-year,credit-card,no,no,31.8,2,1,0,7,2,88.78,4046.56,1
C100269,43,43,month-to-month,credit-card,yes,no,14.37,0,0,1,8,3,79.13,3442.72,0
C100270,18,21,two-year,credit-card,yes,yes,19.81,3,0,1,14,3,102.84,2250.43,0
C100271,30,1,month-to-month,bank-transfer,yes,no,25.98,0,1,0,14,0,61.9,125.1,1
C100272,53,11,month-to-month,bank-transfer,yes,no,53.75,0,1,1,13,1,73.28,827.14,0
C100273,40,69,month-to-month,mailed-check,no,no,25.98,1,0,0,20,1,54.63,3851.18,0
C100274,22,30,two-year,electronic-check,yes,no,16.8,0,1,1,12,0,63.94,2022.73,0
C100275,67,35,one-year,bank-transfer,yes,no,30.58,1,0,2,19,1,59.49,2164.2,0
C100276,39,34,month-to-month,bank-transfer,yes,no,32.01,0,0,1,18,0,79.25,2796.84,0
C100277,44,57,month-to-month,electronic-check,no,yes,15.59,3,0,1,16,1,68.27,3962.09,1
C100278,44,4,month-to-month,credit-card,yes,no,20.41,2,1,0,14,2,66.78,345.3,1
C100279,35,6,month-to-month,electronic-check,yes,no,22.15,0,0,1,18,0,71.66,542.75,1
C100280,30,20,one-year,bank-transfer,yes,no,47.89,1,0,0,21,3,93.57,2002.1,0
C100281,64,35,month-to-month,credit-card,yes,no,1.95,0,2,0,18,2,64.42,2332.39,0
C100282,51,48,month-to-month,electronic-check,no,no,29.41,0,0,1,7,1,45.51,2198.87,0
C100283,49,35,month-to-month,credit-card,yes,no,40.11,0,0,0,23,3,82.22,2867.97,0
C100284,46,32,one-year,credit-card,yes,no,46.91,1,1,0,17,0,35.9,1230.86,0
C100285,27,68,one-year,bank-transfer,yes,no,5.59,0,1,0,15,1,62.76,4388.74,0
C100286,54,11,one-year,credit-card,no,yes,5.41,0,0,3,15,0,65.64,766.23,1
C100287,29,41,one-year,bank-transfer,yes,no,13.81,1,1,1,13,0,49.0,2097.48,0
C100288,42,39,two-year,mailed-check,no,no,35.92,2,0,1,12,2,106.3,4176.15,0
C100289,19,34,month-to-month,bank-transfer,no,no,43.23,1,2,1,12,1,53.21,1886.82,0
C100290,18,58,two-year,mailed-check,yes,no,4.64,0,0,1,17,3,95.38,5640.77,0
C100291,43,19,one-year,electronic-check,no,yes,26.46,0,0,2,14,1,73.45,1445.82,0
C100292,29,69,month-to-month,electronic-check,yes,no,41.66,1,0,0,16,3,73.95,5245.06,0
C100293,18,24,two-year,mailed-check,yes,no,16.19,1,0,2,12,1,63.25,1571.84,1
C100294,45,39,one-year,credit-card,yes,no,27.99,2,0,0,11,1,88.5,3572.45,0
C100295,64,38,one-year,credit-card,yes,no,7.75,2,1,1,11,1,76.05,3030.97,0
C100296,56,62,month-to-month,credit-card,yes,no,33.47,1,0,2,8,2,83.68,5267.51,0
C100297,36,32,month-to-month,electronic-check,no,no,19.54,2,0,0,11,0,44.95,1514.03,0
C100298,39,20,two-year,bank-transfer,no,yes,18.02,0,0,1,12,1,71.47,1499.09,0
C100299,50,1,month-to-month,bank-transfer,no,no,27.13,0,1,2,16,0,66.43,144.07,0
C100300,52,26,month-to-month,electronic-check,yes,no,3.91,0,0,0,16,1,74.67,1981.83,0
C100301,35,60,month-to-month,bank-transfer,yes,no,14.21,1,1,2,11,0,39.09,2389.1,0
C100302,39,0,month-to-month,mailed-check,yes,no,41.68,1,0,0,19,1,69.42,75.37,0
C100303,43,65,two-year,,no,no,4.59,0,0,1,13,0,59.25,3914.48,0
C100304,46,39,one-year,electronic-check,yes,yes,5.19,0,0,0,14,0,68.75,2790.35,1
C100305,37,10,two-year,credit-card,yes,no,15.48,1,0,0,11,2,69.05,769.22,0
C100306,38,22,month-to-month,credit-card,no,yes,21.99,0,0,0,12,0,42.48,940.86,0
C100307,56,40,month-to-month,bank-transfer,no,no,26.01,1,0,0,20,0,45.18,1871.08,0
C100308,54,23,month-to-month,electronic-check,yes,no,69.16,0,0,2,21,1,75.11,1781.94,0
C100309,45,7,month-to-month,electronic-check,yes,no,26.7,0,0,0,11,1,79.58,642.97,1
C100310,60,48,one-year,credit-card,yes,no,29.24,2,0,0,10,1,59.16,2903.28,0
C100311,34,49,month-to-month,electronic-check,no,no,47.04,3,0,1,10,1,68.74,3461.7,1
C100312,58,8,month-to-month,electronic-check,no,yes,11.22,2,0,0,15,1,40.18,368.4,0
C100313,46,20,two-year,credit-card,no,no,30.01,1,0,2,14,0,31.23,676.93,0
C100314,78,17,one-year,credit-card,yes,no,35.63,0,1,0,19,1,69.73,1260.24,0
C100315,25,48,month-to-month,bank-transfer,yes,no,32.29,0,0,0,15,0,62.44,3139.9,0
C100316,31,53,one-year,electronic-check,yes,no,26.05,0,2,0,17,0,65.14,3505.92,0
C100317,44,53,month-to-month,mailed-check,yes,no,24.73,1,0,0,20,2,43.65,2338.55,0
C100318,44,68,two-year,credit-card,no,no,8.99,1,0,1,18,1,81.06,5614.63,0
C100319,62,56,one-year,,yes,no,16.88,1,0,2,20,0,49.29,2794.45,0
C100320,31,23,month-to-month,electronic-check,yes,no,58.66,1,0,0,13,1,56.42,1382.13,0
C100321,50,7,month-to-month,electronic-check,yes,no,13.93,0,0,0,20,1,71.85,532.46,0
C100322,53,44,month-to-month,bank-transfer,yes,no,23.05,0,1,1,12,2,81.03,3652.36,0
C100323,47,66,one-year,electronic-check,yes,no,21.94,2,0,0,20,3,104.27,7002.55,0
C100324,27,71,month-to-month,credit-card,yes,no,30.03,1,1,2,14,0,65.44,4673.08,0
C100325,56,16,one-year,electronic-check,no,no,21.8,0,1,0,20,1,83.32,1430.64,0
C100326,54,17,month-to-month,electronic-check,no,no,19.2,0,0,2,11,0,51.15,852.59,0
C100327,46,2,month-to-month,credit-card,no,no,40.76,1,0,0,16,2,90.29,272.58,0
C100328,41,10,month-to-month,credit-card,no,no,26.67,0,2,2,11,3,66.37,772.11,1
C100329,42,40,month-to-month,bank-transfer,yes,no,24.76,1,1,0,18,0,55.47,2244.97,0
C100330,38,39,month-to-month,credit-card,no,no,14.72,1,0,1,17,0,39.75,1588.23,1
C100331,47,27,one-year,electronic-check,yes,no,17.25,0,0,0,7,2,76.32,2108.11,0
C100332,39,22,two-year,mailed-check,yes,no,27.44,1,0,1,19,1,65.64,1534.53,0
C100333,29,60,month-to-month,electronic-check,yes,no,43.47,0,0,1,12,1,74.91,4598.29,0
C100334,26,33,one-year,mailed-check,yes,no,53.39,0,1,0,13,1,68.88,2361.37,0
C100335,30,59,month-to-month,credit-card,no,no,29.05,0,0,0,18,0,47.99,2906.15,0
C100336,42,70,one-year,credit-card,yes,no,77.23,1,0,0,17,1,66.23,4679.55,0
C100337,39,23,month-to-month,electronic-check,yes,yes,18.4,1,0,1,10,0,58.58,1402.92,0
C100338,42,14,one-year,mailed-check,yes,no,18.3,1,0,2,20,0,48.39,685.67,0
C100339,45,69,month-to-month,credit-card,yes,no,49.2,0,1,0,15,0,72.29,5028.74,0
C100340,31,46,month-to-month,bank-transfer,no,no,25.56,1,0,0,18,2,74.08,3475.38,0
C100341,57,21,one-year,electronic-check,yes,no,15.1,2,0,1,13,0,68.25,1543.42,0
C100342,36,45,month-to-month,mailed-check,yes,no,22.52,1,0,0,13,1,58.4,2656.86,0
C100343,34,37,month-to-month,electronic-check,no,no,10.07,0,0,1,12,3,79.37,3027.65,0
C100344,45,66,month-to-month,mailed-check,no,yes,20.08,0,0,0,9,3,70.79,4713.06,0
C100345,18,18,two-year,mailed-check,yes,no,9.08,1,0,0,11,1,83.06,1536.68,0
C100346,30,72,month-to-month,mailed-check,yes,yes,10.05,0,0,1,13,0,78.59,5785.36,1
C100347,51,68,month-to-month,mailed-check,no,no,27.23,1,0,1,19,1,65.37,4550.8,0
C100348,18,13,two-year,mailed-check,yes,no,2.74,0,0,0,16,1,85.79,1173.99,0
C100349,52,12,one-year,electronic-check,yes,no,9.18,0,0,0,15,2,78.2,1005.27,0
C100350,57,38,month-to-month,electronic-check,yes,no,12.44,0,0,0,17,2,79.82,3119.33,1
C100351,35,3,one-year,mailed-check,yes,no,16.74,0,0,0,12,2,69.09,241.51,0
C100352,43,21,month-to-month,credit-card,no,no,33.64,1,1,2,20,0,44.99,1007.73,0
C100353,52,31,month-to-month,credit-card,no,no,16.28,4,1,1,18,3,102.07,3210.47,1
C100354,33,70,month-to-month,electronic-check,yes,no,57.3,0,0,0,17,1,70.19,4965.61,0
C100355,49,72,one-year,mailed-check,no,no,13.8,0,0,0,11,3,79.41,5784.76,0
C100356,31,11,two-year,bank-transfer,no,no,3.02,0,1,2,14,2,59.86,734.35,0
C100357,33,65,month-to-month,mailed-check,yes,no,9.68,1,1,2,13,2,94.44,6277.04,0
C100358,29,6,month-to-month,bank-transfer,no,no,26.95,1,1,0,19,0,54.9,347.45,1
C100359,43,54,month-to-month,credit-card,no,no,10.02,1,1,0,21,0,53.76,2951.73,0
C100360,53,61,month-to-month,electronic-check,yes,yes,13.5,0,0,0,14,0,68.13,4243.98,0
C100361,37,65,month-to-month,mailed-check,yes,no,48.93,2,0,1,24,1,85.72,,0
C100362,24,16,one-year,mailed-check,no,no,58.87,0,0,1,21,2,66.76,1127.41,0
C100363,26,65,month-to-month,bank-transfer,no,no,6.68,1,0,1,17,0,62.91,4179.37,0
C100364,44,8,two-year,electronic-check,yes,no,19.05,0,1,1,12,3,93.27,773.36,0
C100365,61,37,month-to-month,bank-transfer,yes,no,26.51,1,0,4,10,1,60.18,2278.25,1
C100366,44,34,month-to-month,electronic-check,no,yes,42.01,0,0,2,15,2,73.17,2562.19,0
C100367,34,23,month-to-month,bank-transfer,yes,no,16.14,0,0,1,13,3,67.34,1614.29,0
C100368,48,1,one-year,bank-transfer,no,yes,,0,2,0,12,1,76.23,124.05,0
C100369,36,56,month-to-month,electronic-check,no,no,47.0,0,0,2,16,0,60.86,3498.93,0
C100370,34,24,month-to-month,credit-card,yes,yes,23.03,3,0,1,18,1,64.57,1623.65,1
C100371,27,48,month-to-month,credit-card,no,yes,1.46,2,0,0,16,1,55.3,2592.35,0
C100372,56,29,one-year,mailed-check,no,yes,18.91,0,0,0,10,3,93.69,2831.21,0
C100373,18,27,two-year,credit-card,yes,no,11.67,0,0,1,20,0,59.51,1660.22,0
C100374,49,64,month-to-month,credit-card,yes,yes,12.35,0,0,2,12,0,45.32,2975.75,1
C100375,33,6,month-to-month,electronic-check,yes,no,13.18,1,0,1,14,2,74.42,567.04,1
C100376,34,53,month-to-month,bank-transfer,no,yes,2.65,0,0,1,14,2,83.24,4497.01,0
C100377,59,54,month-to-month,bank-transfer,no,no,56.28,2,2,1,15,2,53.14,2895.5,0
C100378,30,27,two-year,bank-transfer,yes,yes,43.81,1,0,1,15,3,83.42,2367.25,0
C100379,31,19,month-to-month,credit-card,no,no,61.9,0,0,0,22,1,79.97,1650.87,0
C100380,37,0,one-year,mailed-check,yes,no,81.03,1,0,1,17,2,77.86,89.19,0
C100381,44,68,two-year,electronic-check,yes,yes,25.69,0,0,0,11,3,88.48,6103.17,0
C100382,34,69,one-year,mailed-check,yes,yes,14.93,0,0,0,12,0,30.86,2192.88,0
C100383,20,17,month-to-month,credit-card,no,no,30.99,2,1,2,13,1,45.44,787.93,1
C100384,29,2,one-year,mailed-check,yes,no,31.93,0,0,0,13,1,77.62,236.33,0
C100385,54,8,month-to-month,electronic-check,no,no,14.88,0,2,0,13,2,78.62,692.03,1
C100386,40,4,month-to-month,electronic-check,yes,yes,14.55,0,2,0,14,0,52.69,283.43,0
C100387,44,60,two-year,bank-transfer,yes,no,21.08,0,1,0,15,2,74.83,4557.29,0
C100388,36,65,month-to-month,electronic-check,yes,no,13.7,1,0,0,12,1,68.74,4530.51,1
C100389,31,11,month-to-month,mailed-check,yes,no,32.16,0,0,3,16,1,59.94,739.16,0
C100390,59,54,month-to-month,electronic-check,no,yes,7.94,1,0,2,11,2,59.64,3328.66,0
C100391,37,13,month-to-month,mailed-check,yes,no,37.15,0,0,0,17,0,41.23,599.62,0
C100392,34,26,one-year,electronic-check,yes,yes,52.46,1,0,0,14,2,95.37,2603.58,0
C100393,52,43,one-year,electronic-check,yes,no,59.53,1,0,0,20,2,85.14,3782.94,1
C100394,30,52,one-year,bank-transfer,no,yes,89.04,0,0,0,16,0,78.61,4155.83,0
C100395,32,63,month-to-month,electronic-check,yes,no,32.51,0,0,0,12,0,40.88,2623.59,1
C100396,39,3,month-to-month,electronic-check,no,no,6.72,1,3,2,13,2,73.08,288.58,1
C100397,39,14,month-to-month,bank-transfer,yes,yes,24.35,2,1,0,12,1,52.52,788.15,0
C100398,42,20,month-to-month,electronic-check,yes,no,76.83,0,0,0,20,0,80.72,1682.49,1
C100399,64,22,one-year,electronic-check,no,no,58.33,0,0,2,20,1,98.83,2267.41,0
C100400,43,72,one-year,mailed-check,yes,no,18.12,1,0,1,13,0,71.13,5183.02,0
C100401,18,56,two-year,mailed-check,no,no,3.5,0,0,1,10,0,41.78,2355.93,0
C100402,43,23,one-year,mailed-check,no,yes,31.36,0,0,0,15,0,43.01,946.15,0
C100403,39,70,month-to-month,credit-card,no,no,6.32,0,2,1,16,2,73.93,5250.27,0
C100404,40,36,one-year,mailed-check,yes,no,30.75,0,0,1,21,2,75.89,2862.51,0
C100405,42,36,one-year,bank-transfer,no,yes,33.36,0,1,0,14,2,87.97,3273.34,0
C100406,39,31,two-year,credit-card,yes,no,56.48,1,1,0,16,0,64.08,2045.46,0
C100407,38,10,month-to-month,mailed-check,yes,no,3.93,1,1,2,12,2,67.01,690.69,0
C100408,46,68,one-year,credit-card,yes,no,42.29,0,0,0,13,1,62.86,4306.95,0
C100409,32,1,month-to-month,mailed-check,yes,no,21.23,2,2,1,20,1,56.5,49.14,1
C100410,28,12,one-year,bank-transfer,yes,yes,66.34,0,0,1,18,0,67.12,886.54,0
C100411,75,16,two-year,credit-card,no,no,40.42,1,1,1,20,0,28.88,462.89,0
C100412,30,20,two-year,electronic-check,yes,no,,2,1,1,12,0,57.74,1251.65,1
C100413,40,9,month-to-month,credit-card,yes,no,11.35,1,0,1,13,0,58.41,502.6,0
C100414,21,1,month-to-month,mailed-check,yes,yes,22.85,0,0,1,14,1,61.76,104.49,1
C100415,40,49,one-year,bank-transfer,yes,no,49.29,1,0,1,17,0,67.73,3421.11,0
C100416,28,70,one-year,mailed-check,yes,no,22.96,0,0,1,12,1,78.66,5538.9,0
C100417,34,8,two-year,electronic-check,no,yes,22.4,0,0,3,14,2,81.14,683.76,1
C100418,52,21,month-to-month,electronic-check,yes,yes,23.28,0,0,0,14,1,95.28,2074.93,1
C100419,45,36,two-year,credit-card,no,no,14.95,2,0,0,14,1,53.33,1932.49,0
C100420,46,67,one-year,bank-transfer,yes,no,10.33,1,0,1,13,3,76.61,5193.95,1
C100421,18,50,month-to-month,credit-card,yes,no,11.75,1,0,2,14,1,56.22,2786.56,1
C100422,61,55,month-to-month,electronic-check,yes,no,24.84,3,1,0,11,1,78.68,,1
C100423,25,42,one-year,electronic-check,yes,yes,43.65,0,0,2,13,0,61.98,2691.31,0
C100424,57,30,month-to-month,electronic-check,no,no,27.36,1,0,0,20,1,46.18,1410.75,0
C100425,51,14,one-year,electronic-check,no,no,49.94,1,0,0,20,1,63.57,887.13,0
C100426,46,63,one-year,mailed-check,yes,no,59.01,0,3,1,10,3,78.79,5009.09,0
C100427,29,58,month-to-month,credit-card,yes,no,80.05,1,0,1,16,2,96.55,5720.58,0
C100428,41,1,month-to-month,credit-card,no,no,75.51,0,0,0,18,2,66.87,158.9,0
C100429,33,52,two-year,mailed-check,yes,no,7.15,0,0,1,16,1,66.71,3511.3,0
C100430,39,6,one-year,electronic-check,no,no,35.07,0,0,2,14,0,38.21,281.25,1
C100431,36,53,one-year,bank-transfer,yes,yes,16.99,0,0,1,14,1,65.93,3504.6,0
C100432,18,60,one-year,bank-transfer,yes,no,12.21,1,1,0,9,3,104.09,6344.33,1
C100433,52,9,one-year,bank-transfer,yes,yes,20.03,1,0,0,23,0,46.21,414.7,0
C100434,38,31,two-year,mailed-check,yes,no,63.23,2,2,0,19,0,69.98,2249.67,1
C100435,33,9,one-year,electronic-check,yes,no,49.46,0,0,2,10,0,55.5,537.31,1
C100436,32,41,month-to-month,electronic-check,yes,no,25.04,0,1,0,16,2,75.87,3175.02,0
C100437,43,67,month-to-month,credit-card,no,no,39.05,0,0,2,11,0,64.79,4402.79,0
C100438,28,5,month-to-month,bank-transfer,yes,no,31.83,0,1,1,12,3,62.93,312.65,0
C100439,18,29,one-year,credit-card,no,no,20.06,1,0,1,9,2,58.97,1767.68,0
C100440,44,71,month-to-month,electronic-check,yes,no,13.64,1,0,1,12,1,53.25,3871.89,0
C100441,45,21,one-year,mailed-check,yes,no,22.83,0,1,1,17,0,76.66,1688.47,0
C100442,37,9,two-year,electronic-check,yes,yes,40.82,1,0,0,5,1,79.1,826.67,0
C100443,25,35,month-to-month,credit-card,no,no,68.02,0,0,0,12,0,70.93,2538.65,0
C100444,40,37,month-to-month,electronic-check,no,no,,1,0,0,15,1,74.94,2855.46,1
C100445,21,48,one-year,bank-transfer,no,no,15.77,2,0,1,18,0,65.65,3228.87,0
C100446,27,22,month-to-month,electronic-check,no,no,10.86,0,2,1,10,1,45.93,1078.04,0
C100447,30,69,one-year,electronic-check,yes,no,31.04,0,1,1,18,1,55.43,3912.23,0
C100448,49,38,month-to-month,electronic-check,yes,no,4.07,0,0,0,14,1,62.13,2374.01,1
C100449,35,20,month-to-month,mailed-check,yes,no,109.78,0,0,1,16,1,70.37,1450.34,0
C100450,34,70,one-year,credit-card,no,yes,34.85,0,0,1,16,3,71.96,5125.79,0
C100451,62,67,month-to-month,credit-card,yes,no,56.17,1,1,1,14,3,66.95,4565.72,0
C100452,43,36,month-to-month,bank-transfer,no,no,47.41,0,0,0,17,1,54.0,1997.03,0
C100453,43,1,month-to-month,mailed-check,no,no,34.43,2,0,1,14,0,47.96,187.5,0
C100454,35,43,month-to-month,credit-card,yes,no,32.92,0,0,2,13,0,52.56,2316.01,0
C100455,32,40,two-year,electronic-check,yes,no,42.35,0,0,0,19,3,97.08,3990.34,0
C100456,18,10,month-to-month,credit-card,yes,no,18.71,0,0,0,17,1,64.3,659.98,1
C100457,51,46,month-to-month,bank-transfer,yes,no,25.36,0,2,0,19,1,78.97,3744.44,0
C100458,44,61,month-to-month,mailed-check,yes,yes,44.01,1,0,0,23,0,65.09,4038.94,0
C100459,37,7,month-to-month,electronic-check,yes,no,7.13,1,0,0,23,3,77.87,625.18,0
C100460,37,52,month-to-month,electronic-check,no,yes,24.73,1,0,0,20,0,61.87,3345.77,0
C100461,48,10,one-year,mailed-check,no,no,22.58,0,0,2,23,1,60.13,655.52,0
C100462,20,54,month-to-month,credit-card,yes,no,3.79,0,1,0,15,0,48.15,,1
C100463,32,30,one-year,bank-transfer,yes,no,36.86,0,0,1,11,1,64.44,2036.28,1
C100464,25,0,month-to-month,mailed-check,no,no,28.98,1,1,0,17,0,61.72,54.95,0
C100465,60,70,month-to-month,mailed-check,yes,no,24.69,0,1,1,13,0,68.52,4814.89,0
C100466,50,12,month-to-month,credit-card,no,no,49.77,1,1,1,17,0,84.45,1075.55,1
C100467,18,43,one-year,electronic-check,yes,no,44.48,2,0,0,14,0,72.95,3248.37,0
C100468,21,13,two-year,electronic-check,no,no,46.82,0,1,1,12,0,45.84,628.03,1
C100469,37,68,month-to-month,bank-transfer,no,no,22.8,0,0,2,16,1,44.08,2997.61,0
C100470,33,53,two-year,electronic-check,no,yes,18.28,3,1,0,9,0,71.62,3872.49,0
C100471,23,58,month-to-month,electronic-check,no,no,28.5,0,0,0,18,0,55.22,3220.32,0
C100472,62,31,one-year,mailed-check,yes,no,34.21,2,0,2,11,0,48.6,1522.55,0
C100473,43,34,one-year,electronic-check,yes,no,40.13,3,1,1,14,1,82.48,2851.34,1
C100474,45,46,month-to-month,credit-card,no,no,12.19,2,1,0,14,1,59.91,2849.9,1
C100475,31,57,month-to-month,credit-card,yes,yes,32.65,1,0,1,19,1,61.5,3610.98,0
C100476,48,61,month-to-month,credit-card,yes,no,53.65,2,0,1,18,1,56.15,3433.49,0
C100477,34,1,one-year,credit-card,yes,no,13.56,0,0,0,15,3,56.94,121.06,0
C100478,36,48,month-to-month,electronic-check,yes,no,3.58,0,0,1,14,1,52.56,2593.11,0
C100479,46,7,two-year,mailed-check,yes,no,1.75,0,0,0,16,1,55.21,417.29,0
C100480,19,21,month-to-month,bank-transfer,yes,no,18.13,1,0,2,16,1,45.3,968.34,1
C100481,58,60,two-year,electronic-check,yes,no,10.33,0,0,0,15,0,56.58,3508.51,0
C100482,41,18,month-to-month,credit-card,yes,no,35.78,1,2,0,15,1,67.32,1234.85,1
C100483,54,58,one-year,electronic-check,no,no,31.76,0,0,0,15,0,67.82,4022.46,0
C100484,26,33,month-to-month,mailed-check,yes,no,4.6,0,0,0,12,0,46.2,1586.08,0
C100485,28,16,month-to-month,bank-transfer,no,no,52.02,1,0,1,10,2,47.78,895.81,0
C100486,25,24,month-to-month,credit-card,no,no,14.55,1,0,0,9,0,51.94,1337.95,0
C100487,42,38,one-year,bank-transfer,yes,no,11.57,1,0,1,13,1,42.75,1612.19,0
C100488,40,55,month-to-month,bank-transfer,yes,no,30.62,1,0,1,23,1,64.95,3594.03,1
C100489,33,44,one-year,electronic-check,yes,no,17.07,1,0,1,18,3,93.83,4197.96,0
C100490,27,68,two-year,bank-transfer,no,no,28.7,0,1,2,11,1,56.92,3930.06,0
C100491,24,63,month-to-month,bank-transfer,yes,no,22.0,1,1,2,13,2,76.71,4848.2,0
C100492,38,54,month-to-month,mailed-check,yes,yes,56.01,0,0,1,16,0,33.77,1869.56,1
C100493,33,44,month-to-month,credit-card,yes,no,29.16,0,0,3,10,0,52.08,2352.58,0
C100494,31,21,month-to-month,electronic-check,no,no,20.09,1,1,0,15,1,87.2,1902.83,0
C100495,58,30,month-to-month,electronic-check,yes,no,24.09,0,0,0,11,1,70.04,2211.78,0
C100496,38,8,one-year,credit-card,yes,no,48.38,0,1,0,12,0,48.53,457.03,0
C100497,54,27,month-to-month,electronic-check,no,no,12.31,1,0,1,13,2,64.92,1859.16,1
C100498,33,67,month-to-month,bank-transfer,yes,yes,37.14,0,1,2,19,1,63.14,4384.87,0
C100499,42,31,one-year,mailed-check,no,no,25.1,0,1,0,14,1,71.27,2248.6,0
C100500,38,8,month-to-month,credit-card,no,yes,25.69,1,1,1,7,2,58.42,543.78,0
C100501,19,47,one-year,,yes,no,10.39,1,1,0,19,0,53.3,2537.92,0
C100502,56,70,two-year,electronic-check,yes,no,18.22,0,0,3,19,0,32.92,2362.42,0
C100503,37,63,month-to-month,credit-card,yes,no,15.47,0,1,0,19,2,80.49,5137.44,0
C100504,48,20,month-to-month,bank-transfer,no,no,25.0,1,2,1,13,1,54.66,1134.99,0
C100505,30,33,two-year,mailed-check,no,no,7.43,0,0,1,11,2,78.01,2615.46,0
C100506,37,38,one-year,mailed-check,yes,no,,0,1,0,9,0,59.37,2333.79,0
C100507,29,18,one-year,mailed-check,no,no,16.98,0,0,1,27,1,68.25,1356.58,0
C100508,54,19,one-year,,yes,no,49.03,0,0,1,23,2,68.19,1327.43,1
C100509,43,17,month-to-month,bank-transfer,yes,no,34.86,0,1,1,15,1,86.45,1484.88,1
C100510,43,72,month-to-month,credit-card,yes,no,23.15,1,0,0,17,0,48.58,3570.29,0
C100511,55,54,one-year,credit-card,no,no,11.03,0,0,1,18,1,89.11,4946.31,0
C100512,53,61,one-year,mailed-check,yes,no,1.55,3,0,1,9,1,70.61,4468.26,0
C100513,48,59,one-year,bank-transfer,no,yes,14.46,0,0,0,8,3,86.55,5188.73,0
C100514,22,70,month-to-month,bank-transfer,yes,no,20.83,0,0,1,22,1,63.85,4528.63,1
C100515,31,7,two-year,credit-card,no,no,9.2,2,0,0,21,0,56.9,476.41,0
C100516,27,64,month-to-month,bank-transfer,no,yes,33.07,0,0,0,11,1,67.69,4369.6,0
C100517,48,4,month-to-month,electronic-check,yes,no,32.49,1,0,0,15,0,77.86,364.28,0
C100518,41,34,month-to-month,credit-card,yes,no,16.75,1,0,2,16,2,54.4,1935.76,1
C100519,22,43,month-to-month,bank-transfer,no,no,21.79,1,0,1,8,2,67.68,2930.33,0
C100520,37,26,one-year,credit-card,yes,yes,21.45,1,0,0,17,1,55.37,1459.79,0
C100521,21,10,month-to-month,mailed-check,yes,yes,30.96,1,0,3,16,1,57.45,580.3,0
C100522,38,14,one-year,mailed-check,yes,no,12.0,1,0,1,11,0,55.93,813.49,0
C100523,19,60,month-to-month,bank-transfer,yes,no,104.19,0,1,1,23,0,79.31,4825.64,0
C100524,45,23,month-to-month,credit-card,no,yes,7.39,3,1,1,17,3,79.62,1901.55,1
C100525,44,22,month-to-month,,yes,no,12.14,0,0,0,13,1,50.45,1152.59,1
C100526,62,67,month-to-month,mailed-check,yes,no,27.83,0,0,1,14,2,64.92,4441.49,0
C100527,49,10,one-year,bank-transfer,no,no,68.7,0,1,2,21,2,93.09,1018.03,0
C100528,34,66,month-to-month,credit-card,no,no,15.73,0,1,2,18,0,48.93,3250.03,0
C100529,49,67,month-to-month,electronic-check,yes,no,10.7,0,0,0,10,2,72.71,4902.56,0
C100530,22,43,month-to-month,electronic-check,yes,no,19.42,0,0,1,24,0,61.07,2674.08,0
C100531,27,12,month-to-month,mailed-check,yes,no,37.87,1,2,1,14,2,72.92,,1
C100532,43,11,month-to-month,electronic-check,yes,no,39.19,1,0,1,17,0,46.4,565.84,0
C100533,18,20,two-year,electronic-check,no,no,34.74,1,1,0,24,2,75.71,1649.55,0
C100534,39,42,month-to-month,mailed-check,yes,no,73.55,2,0,0,16,1,96.44,4074.22,0
C100535,27,11,month-to-month,bank-transfer,yes,yes,39.33,0,0,1,20,1,60.12,688.35,1
C100536,40,33,two-year,mailed-check,yes,yes,44.75,1,0,1,11,1,56.64,1861.89,0
C100537,26,8,one-year,mailed-check,yes,no,47.74,1,1,2,17,2,89.24,798.49,0
C100538,44,39,month-to-month,credit-card,no,no,9.64,1,0,3,11,0,84.18,3383.31,1
C100539,39,1,one-year,mailed-check,yes,no,21.2,0,1,0,18,3,70.42,173.32,0
C100540,56,51,two-year,credit-card,yes,no,12.33,1,0,0,18,2,55.53,2913.25,0
C100541,39,4,month-to-month,electronic-check,yes,no,13.28,0,0,2,16,1,72.44,395.63,0
C100542,30,14,month-to-month,credit-card,yes,no,18.0,1,0,1,8,0,65.91,980.62,0
C100543,36,12,two-year,credit-card,yes,no,30.44,0,0,0,21,0,45.11,566.84,1
C100544,23,60,one-year,electronic-check,no,no,66.54,1,0,3,16,1,62.05,3752.39,1
C100545,44,3,two-year,bank-transfer,yes,no,36.79,0,0,1,10,2,58.09,286.89,0
C100546,46,31,month-to-month,bank-transfer,yes,no,32.38,1,0,1,14,3,85.97,2778.48,0
C100547,69,43,two-year,mailed-check,yes,no,18.32,0,1,0,17,1,62.33,2728.93,0
C100548,32,37,month-to-month,credit-card,no,no,70.98,2,0,0,18,0,70.68,2687.54,0
C100549,36,49,one-year,electronic-check,yes,no,6.89,0,0,2,13,2,80.73,4072.3,0
C100550,32,58,two-year,mailed-check,yes,no,40.03,3,1,0,19,0,56.25,3294.27,0
C100551,42,28,month-to-month,credit-card,yes,yes,3.56,2,0,2,14,1,84.63,2463.71,0
C100552,44,60,month-to-month,electronic-check,yes,no,26.38,1,0,0,12,1,77.92,4746.61,0
C100553,38,23,one-year,electronic-check,yes,no,48.07,0,0,0,23,1,50.19,1248.99,0
C100554,52,71,two-year,electronic-check,no,no,24.28,1,0,1,15,0,70.05,5032.65,0
C100555,32,36,month-to-month,credit-card,yes,no,56.85,3,0,0,17,0,68.12,2544.64,1
C100556,51,53,two-year,electronic-check,no,no,11.0,2,0,1,12,0,78.72,4216.5,1
C100557,45,63,month-to-month,electronic-check,yes,no,1.43,1,1,0,14,3,97.38,6193.9,1
C100558,39,57,month-to-month,bank-transfer,no,no,7.42,1,1,1,11,2,94.05,5412.03,0
C100559,35,62,month-to-month,bank-transfer,yes,no,,1,0,0,19,2,48.6,3095.98,0
C100560,68,39,two-year,mailed-check,yes,no,30.54,1,0,0,14,1,55.97,2261.6,0
C100561,29,3,month-to-month,credit-card,no,no,14.26,2,0,0,9,1,41.46,212.56,0
C100562,43,35,one-year,electronic-check,yes,yes,26.5,2,0,0,16,0,52.89,1926.31,0
C100563,30,13,month-to-month,bank-transfer,yes,no,35.0,1,1,3,13,1,65.72,924.66,1
C100564,60,64,two-year,bank-transfer,no,no,11.65,2,0,0,9,0,55.39,3590.98,0
C100565,50,17,one-year,electronic-check,no,no,11.95,1,0,1,19,1,75.93,1402.69,0
C100566,31,16,month-to-month,credit-card,no,yes,6.02,0,1,0,13,1,92.68,1597.48,0
C100567,45,18,month-to-month,bank-transfer,yes,no,56.86,1,0,0,14,0,54.1,999.98,1
C100568,42,46,month-to-month,electronic-check,yes,no,57.76,1,0,0,17,1,81.96,3832.2,0
C100569,33,41,month-to-month,electronic-check,yes,no,26.3,1,0,1,9,3,96.15,4044.2,0
C100570,48,69,two-year,electronic-check,yes,no,8.06,1,0,0,9,1,68.64,4805.12,0
C100571,44,30,one-year,credit-card,yes,no,64.44,1,0,1,20,0,69.14,2171.21,1
C100572,42,20,month-to-month,electronic-check,no,no,11.97,1,0,0,15,2,73.61,1569.52,0
C100573,38,3,one-year,credit-card,no,yes,6.33,0,0,1,18,1,74.42,270.97,0
C100574,44,0,month-to-month,electronic-check,yes,no,11.69,0,1,0,15,2,49.76,11.96,1
C100575,42,27,month-to-month,credit-card,yes,yes,10.47,4,0,0,18,2,72.14,1962.28,0
C100576,40,67,month-to-month,credit-card,yes,yes,8.42,0,0,1,19,0,51.84,3524.99,0
C100577,31,38,month-to-month,electronic-check,yes,no,14.09,1,1,0,16,0,85.71,3406.09,1
C100578,59,65,one-year,electronic-check,no,no,24.81,1,0,0,13,1,51.6,3398.02,1
C100579,26,7,month-to-month,credit-card,yes,yes,39.7,0,1,2,12,0,63.31,505.75,1
C100580,44,6,one-year,electronic-check,yes,no,19.68,0,1,1,14,0,71.36,508.51,1
C100581,35,60,month-to-month,electronic-check,no,no,19.79,0,0,0,17,1,58.97,3598.01,0
C100582,60,7,one-year,credit-card,no,no,19.31,0,1,1,19,1,64.19,470.92,0
C100583,28,3,month-to-month,credit-card,yes,yes,6.33,0,0,0,9,1,54.0,191.9,1
C100584,30,29,month-to-month,bank-transfer,yes,no,38.99,0,0,2,15,1,62.14,1855.35,0
C100585,27,67,month-to-month,credit-card,yes,yes,48.31,0,1,1,17,3,103.18,7071.08,0
C100586,43,50,month-to-month,bank-transfer,yes,no,62.43,0,1,1,14,3,65.8,3398.11,0
C100587,23,7,month-to-month,credit-card,yes,no,17.45,2,0,0,10,1,69.13,513.06,0
C100588,33,61,month-to-month,,yes,no,59.99,1,0,2,16,1,44.26,2791.16,0
C100589,18,61,one-year,credit-card,no,no,42.43,2,1,1,18,1,75.74,4756.76,1
C100590,42,58,month-to-month,bank-transfer,yes,yes,8.88,1,1,1,9,2,63.2,3744.55,0
C100591,33,65,one-year,bank-transfer,yes,no,11.99,1,0,1,17,1,43.37,2841.19,1
C100592,21,17,one-year,credit-card,no,yes,25.2,1,0,0,14,0,54.78,988.41,0
C100593,52,71,month-to-month,mailed-check,yes,no,19.78,2,0,0,13,1,52.73,3851.52,1
C100594,23,23,one-year,bank-transfer,yes,no,7.49,0,0,1,15,3,95.97,2263.85,0
C100595,49,58,month-to-month,mailed-check,yes,no,25.05,1,0,1,23,0,69.03,4058.33,0
C100596,31,42,one-year,electronic-check,yes,no,25.52,0,0,1,19,2,55.0,2379.29,0
C100597,58,56,one-year,electronic-check,yes,no,42.08,1,0,1,15,0,64.11,3642.22,0
C100598,48,45,one-year,credit-card,yes,yes,15.23,1,0,1,13,2,58.75,2643.58,1
C100599,27,46,month-to-month,mailed-check,yes,no,12.3,2,0,0,22,1,59.18,2741.24,0
C100600,28,44,one-year,bank-transfer,no,yes,5.92,0,1,1,19,2,97.06,4319.56,1
C100601,46,56,month-to-month,bank-transfer,no,yes,28.53,1,1,1,9,2,71.07,4035.35,1
C100602,36,53,month-to-month,credit-card,yes,no,26.16,1,0,2,15,0,74.21,4070.57,0
C100603,37,9,month-to-month,bank-transfer,no,no,67.99,1,0,1,19,1,90.39,,0
C100604,54,60,month-to-month,electronic-check,yes,no,40.15,1,0,0,18,0,53.7,3277.25,1
C100605,30,39,one-year,mailed-check,yes,no,15.32,0,0,2,15,3,81.32,3275.6,0
C100606,40,23,two-year,bank-transfer,yes,no,23.85,0,0,1,12,1,57.87,1394.95,0
C100607,50,37,month-to-month,electronic-check,yes,no,7.33,2,0,0,18,0,55.78,2113.05,0
C100608,49,70,one-year,mailed-check,yes,no,17.34,1,0,0,12,1,71.83,5101.11,0
C100609,37,62,one-year,electronic-check,no,no,26.99,1,2,3,19,1,63.59,3994.93,1
C100610,36,60,two-year,electronic-check,yes,no,70.12,0,0,0,16,1,72.37,4369.93,0
C100611,18,33,one-year,credit-card,yes,no,10.4,0,0,0,15,3,64.03,2178.07,0
C100612,26,57,month-to-month,credit-card,yes,yes,55.66,1,0,0,17,3,72.17,4157.95,0
C100613,43,28,month-to-month,bank-transfer,no,no,28.28,0,0,1,13,1,57.86,1659.79,0
C100614,37,50,one-year,electronic-check,yes,no,39.53,0,0,0,16,2,78.81,4035.23,0
C100615,40,46,month-to-month,credit-card,no,yes,23.2,2,1,4,13,0,72.1,3332.81,1
C100616,51,18,two-year,bank-transfer,yes,no,13.25,0,0,0,18,0,53.81,983.54,0
C100617,25,19,two-year,credit-card,no,no,53.69,1,1,0,12,2,72.7,1453.54,0
C100618,36,4,two-year,electronic-check,yes,no,16.36,1,0,0,12,0,44.9,183.01,0
C100619,41,10,month-to-month,electronic-check,yes,no,38.0,1,0,0,14,0,67.81,723.36,0
C100620,31,31,one-year,bank-transfer,yes,no,7.93,2,1,1,19,1,58.37,1897.88,0
C100621,56,34,one-year,credit-card,yes,no,9.84,0,0,1,13,1,61.55,2144.24,0
C100622,50,12,month-to-month,electronic-check,yes,no,3.62,1,2,0,15,2,79.48,1006.82,1
C100623,42,30,month-to-month,electronic-check,yes,no,21.3,2,0,0,20,3,89.69,2807.83,0
C100624,61,44,month-to-month,bank-transfer,yes,no,28.31,0,0,0,14,0,43.59,1900.86,1
C100625,21,16,month-to-month,credit-card,yes,no,23.82,0,2,1,10,3,94.87,1561.81,1
C100626,39,24,two-year,credit-card,yes,no,5.84,0,1,0,13,1,69.4,1686.82,1
C100627,43,26,two-year,credit-card,no,no,10.0,0,0,0,14,1,42.0,1110.2,0
C100628,28,36,month-to-month,bank-transfer,no,no,39.09,0,0,0,14,1,65.47,2367.23,0
C100629,43,26,month-to-month,credit-card,no,no,15.01,0,1,1,15,3,82.2,2283.67,0
C100630,26,53,month-to-month,mailed-check,yes,yes,24.68,1,2,0,18,0,52.36,2736.52,1
C100631,47,23,month-to-month,electronic-check,yes,yes,14.14,0,0,1,17,1,62.79,1521.44,0
C100632,52,31,month-to-month,bank-transfer,no,yes,36.03,1,0,2,11,1,78.79,2506.92,1
C100633,42,27,one-year,bank-transfer,no,no,14.27,1,0,0,17,1,91.82,2572.9,0
C100634,18,13,one-year,mailed-check,no,no,19.97,1,0,2,9,1,79.8,1097.01,1
C100635,27,50,two-year,electronic-check,yes,no,46.16,0,0,1,19,0,64.46,3279.12,0
C100636,46,17,two-year,credit-card,yes,no,24.19,0,0,0,15,1,79.16,1389.86,1
C100637,39,21,month-to-month,credit-card,no,no,11.05,1,0,0,12,3,98.71,2212.91,1
C100638,18,57,one-year,mailed-check,yes,no,32.13,1,0,2,16,1,57.77,3304.64,1
C100639,54,69,month-to-month,credit-card,yes,no,5.83,0,0,0,15,1,68.71,4803.74,0
C100640,41,48,month-to-month,mailed-check,no,no,10.65,0,0,1,17,0,39.67,2027.4,0
C100641,29,66,month-to-month,electronic-check,no,no,6.35,0,0,1,14,2,59.6,4020.3,0
C100642,51,62,month-to-month,electronic-check,yes,no,36.68,0,0,1,14,1,75.77,4730.18,0
C100643,31,35,month-to-month,mailed-check,yes,no,30.51,0,0,0,12,1,64.41,2363.24,0
C100644,31,56,month-to-month,electronic-check,no,no,34.01,0,0,0,12,3,74.66,4266.66,1
C100645,43,23,month-to-month,bank-transfer,yes,no,27.33,0,0,4,13,1,54.05,1281.21,0
C100646,60,33,two-year,credit-card,no,no,52.98,1,0,1,13,1,53.0,1829.93,0
C100647,58,39,month-to-month,mailed-check,yes,no,26.86,0,0,0,12,3,90.38,3661.44,0
C100648,43,70,month-to-month,credit-card,yes,no,14.84,0,0,0,16,2,70.19,4957.38,0
C100649,45,61,two-year,credit-card,no,no,11.44,1,0,1,13,1,62.43,3854.37,0
C100650,48,35,one-year,mailed-check,no,yes,26.58,1,0,1,12,1,71.29,2548.91,1
C100651,24,47,month-to-month,electronic-check,yes,no,50.1,0,0,3,12,0,62.12,3001.53,0
C100652,47,14,two-year,electronic-check,yes,no,7.7,0,1,2,11,0,41.25,649.65,0
C100653,30,58,month-to-month,bank-transfer,yes,yes,33.41,0,2,1,16,0,43.19,2570.59,1
C100654,43,40,month-to-month,mailed-check,yes,no,19.97,0,1,0,17,1,67.31,2725.87,0
C100655,36,38,month-to-month,bank-transfer,no,no,45.15,0,0,3,19,1,76.55,3051.77,0
C100656,45,55,month-to-month,bank-transfer,yes,no,5.09,4,0,1,20,2,65.38,3632.44,0
C100657,40,46,one-year,bank-transfer,no,yes,68.16,1,0,0,19,0,52.74,2488.06,0
C100658,18,5,month-to-month,electronic-check,no,no,19.77,1,2,0,8,1,65.13,384.45,0
C100659,41,21,one-year,electronic-check,yes,no,4.14,1,2,3,17,0,56.73,1211.11,1
C100660,47,12,one-year,mailed-check,yes,no,7.55,0,0,2,17,1,65.27,857.07,0
C100661,44,53,two-year,credit-card,no,no,74.45,1,0,0,15,2,75.15,4060.7,0
C100662,38,2,month-to-month,bank-transfer,yes,no,33.31,0,0,2,21,1,53.9,186.28,0
C100663,59,14,month-to-month,bank-transfer,no,no,18.1,0,0,0,8,1,82.0,1228.62,1
C100664,43,43,two-year,bank-transfer,yes,no,85.53,1,0,3,16,2,78.56,3464.77,0
C100665,44,50,one-year,mailed-check,yes,no,26.06,2,0,2,12,0,76.73,3976.6,0
C100666,52,36,month-to-month,electronic-check,yes,no,43.33,0,1,0,16,0,31.48,1158.39,0
C100667,43,62,month-to-month,electronic-check,yes,no,9.88,0,0,1,18,2,51.81,3206.55,1
C100668,28,67,one-year,electronic-check,no,yes,17.55,1,0,0,14,1,63.14,4326.22,1
C100669,18,9,one-year,electronic-check,yes,no,25.75,0,0,1,10,2,88.05,910.86,0
C100670,33,69,one-year,electronic-check,yes,no,15.91,2,1,0,12,2,71.71,4970.84,0
C100671,48,44,two-year,credit-card,yes,yes,52.56,1,0,1,13,2,75.04,3333.88,0
C100672,35,46,month-to-month,electronic-check,yes,no,32.62,2,3,1,18,3,84.66,3961.41,1
C100673,49,6,month-to-month,electronic-check,no,no,7.51,0,0,0,14,1,68.6,447.78,0
C100674,41,45,one-year,electronic-check,no,no,19.01,0,1,0,12,0,79.69,3653.4,0
C100675,54,52,two-year,electronic-check,yes,no,11.69,1,0,0,14,1,60.47,3194.49,0
C100676,35,42,month-to-month,electronic-check,no,no,33.18,0,0,1,12,2,87.59,3763.04,0
C100677,45,6,one-year,electronic-check,yes,yes,15.84,0,1,0,9,1,55.39,432.19,0
C100678,45,38,month-to-month,electronic-check,yes,no,4.14,1,1,0,17,1,62.93,2527.69,1
C100679,57,68,month-to-month,credit-card,yes,yes,29.41,1,0,1,13,0,45.11,3068.91,0
C100680,19,52,two-year,electronic-check,no,no,15.14,1,0,2,16,2,82.71,4387.2,0
C100681,33,10,month-to-month,electronic-check,yes,no,57.69,0,0,1,16,1,80.81,927.28,1
C100682,49,70,month-to-month,mailed-check,no,no,8.62,0,0,1,14,2,76.0,5439.47,1
C100683,58,69,one-year,electronic-check,yes,no,12.34,0,0,2,15,2,77.87,5399.81,0
C100684,42,12,month-to-month,bank-transfer,yes,yes,18.33,0,0,0,17,1,65.42,850.51,0
C100685,35,58,month-to-month,mailed-check,yes,no,30.59,0,0,1,17,0,63.97,3806.07,0
C100686,48,29,one-year,credit-card,yes,yes,46.08,0,0,2,14,0,71.96,2129.35,0
C100687,49,43,month-to-month,credit-card,yes,yes,17.55,1,0,0,16,0,42.34,1841.21,0
C100688,35,32,one-year,bank-transfer,no,yes,26.32,1,1,1,23,3,71.14,2380.17,0
C100689,43,57,month-to-month,electronic-check,no,no,5.47,0,1,1,19,0,48.72,2809.07,1
C100690,53,72,month-to-month,mailed-check,yes,no,12.47,2,0,1,10,0,50.47,3705.24,0
C100691,62,58,one-year,electronic-check,no,no,16.18,2,1,1,12,3,82.37,4919.66,1
C100692,48,67,month-to-month,credit-card,yes,no,18.28,1,0,2,13,2,71.75,4886.74,0
C100693,40,69,two-year,electronic-check,no,no,35.84,0,0,0,16,1,62.04,4330.87,0
C100694,38,6,two-year,bank-transfer,yes,no,77.27,0,0,2,9,0,58.75,434.35,0
C100695,46,18,two-year,electronic-check,no,yes,13.08,0,0,1,20,0,58.45,1125.76,0
C100696,38,52,month-to-month,mailed-check,yes,yes,33.07,1,0,0,11,1,55.71,2935.32,1
C100697,41,43,month-to-month,electronic-check,yes,no,52.38,0,2,0,15,2,57.77,2545.53,0
C100698,26,3,two-year,mailed-check,no,no,50.64,0,0,0,15,1,54.36,245.02,0
C100699,55,6,month-to-month,,yes,no,10.38,1,0,1,12,0,68.92,491.89,1
C100700,25,37,one-year,bank-transfer,no,no,48.69,3,0,2,17,0,26.85,989.4,0
C100701,34,44,two-year,electronic-check,yes,no,7.83,0,0,3,17,2,88.52,4012.02,0
C100702,40,12,month-to-month,electronic-check,yes,no,7.66,1,0,1,18,1,57.58,741.48,0
C100703,63,12,month-to-month,credit-card,yes,no,23.69,0,0,1,23,2,80.3,1032.9,0
C100704,34,9,one-year,mailed-check,no,no,16.09,1,1,0,15,3,73.13,674.34,0
C100705,31,41,one-year,bank-transfer,yes,no,60.77,0,1,1,13,2,45.65,1964.81,0
C100706,32,0,month-to-month,mailed-check,yes,no,3.98,3,0,0,13,1,55.4,74.62,0
C100707,59,41,one-year,bank-transfer,yes,no,23.94,0,0,0,12,2,75.0,3136.39,0
C100708,18,34,one-year,bank-transfer,yes,no,43.86,1,2,0,10,1,71.98,2541.67,0
C100709,27,34,month-to-month,electronic-check,no,no,3.61,1,0,1,20,1,48.62,1741.05,0
C100710,72,49,month-to-month,mailed-check,no,no,16.92,0,0,1,17,2,75.29,3795.64,0
C100711,46,38,one-year,mailed-check,yes,no,43.05,2,0,1,18,2,75.29,2924.68,0
C100712,26,53,one-year,electronic-check,yes,no,22.23,0,0,0,10,1,59.66,3188.27,1
C100713,38,55,two-year,bank-transfer,yes,no,22.22,0,0,0,7,0,57.73,3213.67,1
C100714,40,67,month-to-month,electronic-check,no,no,46.18,1,0,0,17,0,58.84,4014.0,1
C100715,49,58,two-year,electronic-check,no,no,31.35,0,0,0,13,2,76.06,4442.43,0
C100716,61,37,one-year,credit-card,yes,yes,12.62,1,0,1,14,1,68.22,2655.46,0
C100717,44,35,one-year,credit-card,no,no,67.87,3,0,1,19,1,67.74,2449.96,1
C100718,33,17,month-to-month,electronic-check,yes,no,19.75,2,1,1,9,0,79.92,1476.24,0
C100719,48,43,month-to-month,bank-transfer,yes,no,7.36,5,0,0,15,1,43.42,1879.29,1
C100720,31,10,month-to-month,electronic-check,yes,no,23.1,0,0,1,16,0,40.75,453.86,1
C100721,27,67,month-to-month,bank-transfer,yes,no,21.11,1,1,1,8,0,69.35,4695.2,0
C100722,18,61,month-to-month,mailed-check,yes,yes,30.57,0,1,0,17,3,58.74,3578.51,0
C100723,20,8,two-year,credit-card,yes,no,34.35,0,0,1,11,1,78.72,729.69,0
C100724,28,57,month-to-month,mailed-check,yes,no,5.8,0,1,1,13,1,68.03,3989.86,0
C100725,25,8,two-year,mailed-check,yes,no,18.48,2,1,0,16,1,45.5,492.95,0
C100726,43,52,month-to-month,credit-card,yes,no,31.51,0,1,2,13,1,74.84,3977.13,0
C100727,25,6,two-year,electronic-check,yes,no,22.5,1,0,3,11,3,90.96,622.28,0
C100728,18,35,month-to-month,electronic-check,no,no,15.0,3,0,0,11,3,82.58,3004.56,0
C100729,26,48,one-year,mailed-check,yes,yes,38.43,2,0,0,8,0,56.12,2725.17,0
C100730,33,53,one-year,bank-transfer,yes,yes,38.23,2,0,2,15,0,72.86,3914.11,0
C100731,32,30,two-year,electronic-check,yes,yes,0.12,0,0,0,15,0,34.63,1070.92,0
C100732,57,67,month-to-month,bank-transfer,yes,no,26.46,0,0,2,19,3,99.1,6706.78,0
C100733,32,56,month-to-month,mailed-check,yes,no,30.44,0,0,0,14,2,56.28,3177.24,1
C100734,50,15,two-year,bank-transfer,yes,no,18.57,0,0,0,8,3,83.09,1382.91,0
C100735,39,48,month-to-month,credit-card,yes,no,24.82,0,0,0,14,0,54.94,2661.39,0
C100736,38,53,one-year,mailed-check,yes,no,19.72,3,0,0,12,1,64.29,3492.08,0
C100737,29,24,month-to-month,bank-transfer,no,no,29.71,1,0,0,26,0,76.54,1884.27,0
C100738,38,53,month-to-month,mailed-check,yes,no,15.31,0,0,1,12,0,37.13,1999.75,0
C100739,30,65,one-year,electronic-check,yes,no,15.78,2,0,0,13,2,80.12,5300.72,0
C100740,41,59,one-year,credit-card,yes,no,19.78,2,0,1,23,1,62.17,3734.5,0
C100741,36,55,one-year,credit-card,no,no,30.23,3,0,0,12,1,67.73,3763.83,0
C100742,28,46,month-to-month,credit-card,no,no,32.92,2,1,1,21,0,67.28,3193.25,0
C100743,51,19,one-year,credit-card,no,yes,55.43,1,0,0,17,0,68.02,1364.73,0
C100744,44,58,two-year,mailed-check,no,yes,8.21,2,0,0,20,1,73.0,4247.24,0
C100745,34,26,month-to-month,bank-transfer,yes,no,2.99,1,1,0,20,1,51.91,1433.59,1
C100746,41,38,month-to-month,electronic-check,yes,no,38.26,2,0,1,23,0,64.71,2526.27,0
C100747,38,22,month-to-month,credit-card,no,no,23.48,1,0,0,11,0,65.54,1501.78,1
C100748,29,22,one-year,bank-transfer,yes,yes,3.72,1,1,3,16,1,70.03,1619.81,0
C100749,40,11,month-to-month,electronic-check,no,no,19.53,0,0,0,4,1,72.74,813.97,0
C100750,32,70,one-year,credit-card,yes,no,45.89,0,0,3,17,1,67.01,4729.3,1
C100751,28,10,month-to-month,bank-transfer,yes,no,15.3,1,0,0,11,1,48.56,540.38,0
C100752,20,6,one-year,credit-card,yes,no,26.28,0,1,0,9,2,72.95,475.69,0
C100753,35,68,two-year,bank-transfer,yes,no,12.74,1,0,2,14,0,50.16,3485.84,1
C100754,46,40,month-to-month,credit-card,yes,no,9.12,0,1,1,12,0,55.9,2247.06,0
C100755,31,31,month-to-month,mailed-check,yes,yes,41.29,0,0,3,19,0,52.7,1680.92,0
C100756,69,53,month-to-month,mailed-check,yes,no,13.94,0,0,3,17,0,77.51,4233.51,0
C100757,50,27,month-to-month,bank-transfer,yes,no,17.98,1,2,0,16,0,61.54,1692.84,0
C100758,55,9,month-to-month,electronic-check,no,no,23.09,1,1,1,29,0,55.69,557.35,0
C100759,49,53,two-year,electronic-check,no,no,12.55,0,0,0,16,0,59.15,3162.28,0
C100760,61,12,month-to-month,credit-card,no,no,98.02,1,0,1,26,0,65.98,803.7,0
C100761,30,40,month-to-month,credit-card,yes,no,37.74,1,0,2,23,1,91.33,3766.06,0
C100762,18,69,month-to-month,credit-card,yes,no,6.66,1,0,0,9,1,68.32,4780.62,0
C100763,34,68,month-to-month,electronic-check,yes,yes,43.69,0,0,3,16,0,52.81,3646.15,0
C100764,46,26,two-year,electronic-check,yes,no,26.84,1,0,0,14,0,44.34,1207.44,0
C100765,41,56,month-to-month,credit-card,yes,no,29.13,3,0,0,14,1,73.68,4170.3,1
C100766,42,44,month-to-month,electronic-check,no,no,20.04,1,2,1,14,0,80.84,3595.28,1
C100767,55,34,month-to-month,mailed-check,yes,no,17.7,0,1,0,15,3,75.69,2655.69,0
C100768,44,10,two-year,,yes,no,43.72,0,0,1,15,0,46.44,562.59,0
C100769,49,27,two-year,credit-card,yes,yes,8.94,0,1,0,11,1,79.2,2228.61,0
C100770,28,47,month-to-month,mailed-check,yes,no,50.35,0,1,1,14,0,59.48,2805.63,0
C100771,26,72,one-year,electronic-check,yes,no,24.43,1,0,1,13,1,48.2,3621.72,0
C100772,58,0,one-year,mailed-check,no,no,6.17,0,1,1,11,0,57.89,14.64,0
C100773,40,52,one-year,electronic-check,no,no,4.75,0,0,0,12,0,68.98,3591.95,0
C100774,32,61,month-to-month,bank-transfer,no,no,12.9,1,0,0,13,0,30.58,1957.37,0
C100775,32,69,one-year,bank-transfer,no,yes,14.66,0,0,0,17,1,72.53,5048.35,0
C100776,31,30,one-year,bank-transfer,yes,no,4.98,2,0,0,16,0,40.29,1231.57,0
C100777,30,8,month-to-month,mailed-check,no,no,31.48,3,0,0,17,0,54.45,530.63,0
C100778,24,19,month-to-month,electronic-check,no,no,34.95,0,0,0,18,0,51.41,1086.65,0
C100779,21,62,month-to-month,electronic-check,yes,no,33.66,1,0,2,17,1,78.79,4957.39,0
C100780,37,64,month-to-month,credit-card,no,no,40.82,0,0,2,13,0,69.43,4538.84,0
C100781,32,46,month-to-month,,no,no,15.65,0,1,3,17,1,51.2,2469.82,1
C100782,52,8,two-year,mailed-check,no,no,28.3,1,0,0,19,1,43.73,352.22,0
C100783,43,8,two-year,mailed-check,yes,no,40.54,0,1,0,23,0,39.26,363.5,0
C100784,42,34,month-to-month,credit-card,yes,no,31.75,1,0,2,8,1,72.94,2539.54,1
C100785,30,42,month-to-month,credit-card,no,no,26.44,0,1,0,7,0,29.2,1213.31,0
C100786,38,2,one-year,electronic-check,no,no,51.62,2,0,0,14,0,50.37,183.68,0
C100787,43,50,month-to-month,bank-transfer,yes,no,16.91,0,0,3,7,0,67.18,3468.04,1
C100788,48,39,month-to-month,mailed-check,yes,no,16.82,2,2,0,15,3,93.15,3748.39,1
C100789,38,0,two-year,credit-card,yes,no,24.42,0,0,0,17,0,36.11,56.26,0
C100790,52,6,month-to-month,credit-card,yes,no,24.34,1,0,2,15,2,72.26,496.16,0
C100791,39,33,month-to-month,bank-transfer,no,no,23.65,1,0,1,20,1,52.13,1783.49,0
C100792,49,52,one-year,credit-card,yes,no,5.39,0,0,2,15,2,60.25,3212.93,0
C100793,33,60,one-year,mailed-check,yes,no,44.24,2,0,0,15,2,66.47,4136.78,1
C100794,18,31,month-to-month,mailed-check,yes,yes,28.24,0,0,2,16,0,51.24,1583.16,0
C100795,42,21,one-year,bank-transfer,yes,no,1.49,2,0,0,12,1,62.09,1344.75,1
C100796,48,70,two-year,bank-transfer,no,no,3.47,1,1,3,8,0,46.36,3285.15,0
C100797,46,33,month-to-month,electronic-check,yes,no,51.31,1,0,0,17,1,60.43,2071.23,0
C100798,44,23,one-year,mailed-check,yes,no,14.43,0,1,1,15,3,90.98,2235.53,1
C100799,35,32,month-to-month,electronic-check,no,no,23.13,0,0,0,13,1,62.09,2084.72,1
C100800,29,0,month-to-month,electronic-check,yes,no,9.5,0,1,0,11,0,42.48,32.26,0
C100801,46,22,month-to-month,credit-card,yes,no,102.34,0,0,0,20,1,69.73,1626.43,0
C100802,44,37,month-to-month,electronic-check,yes,no,20.64,0,1,0,16,2,48.1,1823.98,0
C100803,32,67,month-to-month,credit-card,no,no,14.99,1,0,1,13,0,57.27,3903.43,0
C100804,52,53,two-year,mailed-check,yes,no,42.07,1,0,2,18,1,75.31,4102.95,1
C100805,28,57,month-to-month,bank-transfer,yes,yes,8.18,0,0,2,16,2,81.16,4614.01,0
C100806,32,39,two-year,credit-card,yes,yes,46.0,0,0,0,19,0,62.82,2503.56,0
C100807,59,8,month-to-month,credit-card,no,no,19.11,1,1,1,14,2,62.36,527.05,1
C100808,49,28,two-year,credit-card,yes,no,36.5,3,0,1,16,2,65.01,1854.51,0
C100809,35,72,month-to-month,electronic-check,no,yes,26.83,1,2,1,11,2,82.91,6031.3,1
C100810,42,3,month-to-month,mailed-check,no,no,18.15,1,0,0,16,2,72.12,222.98,0
C100811,41,64,one-year,bank-transfer,no,no,5.34,1,0,0,16,1,62.74,4122.93,0
C100812,18,49,one-year,credit-card,yes,no,24.22,1,0,0,13,1,69.65,3572.09,0
C100813,28,20,month-to-month,credit-card,yes,no,11.37,0,0,0,21,2,92.41,1947.35,0
C100814,38,56,month-to-month,bank-transfer,no,no,23.71,1,1,0,10,1,64.64,3741.19,0
C100815,35,61,one-year,electronic-check,no,no,39.47,1,0,0,19,0,52.69,3243.65,0
C100816,42,3,one-year,electronic-check,no,no,31.73,1,0,2,22,0,79.64,,0
C100817,53,7,month-to-month,credit-card,no,no,1.07,0,0,2,18,1,85.83,670.45,0
C100818,35,48,one-year,bank-transfer,yes,yes,16.8,0,0,1,9,2,83.62,4077.52,0
C100819,26,72,month-to-month,bank-transfer,yes,no,13.21,1,1,1,14,0,56.02,4095.42,1
C100820,43,1,month-to-month,bank-transfer,no,no,14.58,0,1,1,13,1,78.29,220.14,1
C100821,35,48,one-year,credit-card,yes,no,25.41,0,1,0,13,1,68.77,3410.19,0
C100822,37,9,two-year,credit-card,no,yes,15.21,0,0,0,9,0,56.25,614.05,0
C100823,35,47,month-to-month,electronic-check,no,no,11.22,2,0,0,14,1,70.43,3330.68,0
C100824,66,45,month-to-month,credit-card,yes,no,7.03,0,1,1,10,3,65.74,2985.6,0
C100825,18,6,month-to-month,electronic-check,yes,yes,16.15,1,0,2,8,0,69.33,468.36,1
C100826,34,49,one-year,mailed-check,no,no,37.47,0,0,1,8,1,77.18,3911.06,0
C100827,39,65,month-to-month,credit-card,no,no,38.76,1,0,1,15,0,62.77,4167.08,0
C100828,30,63,month-to-month,electronic-check,yes,yes,27.19,0,1,0,14,0,55.34,3479.31,0
C100829,50,2,month-to-month,electronic-check,yes,no,2.73,1,0,1,13,0,47.71,133.49,0
C100830,49,17,two-year,bank-transfer,no,no,25.32,1,0,1,18,0,35.33,612.64,0
C100831,38,17,month-to-month,credit-card,no,no,55.37,3,0,3,14,0,37.17,664.34,1
C100832,36,33,one-year,electronic-check,no,no,7.62,1,1,0,12,1,41.07,1475.89,0
C100833,38,10,month-to-month,bank-transfer,yes,yes,15.62,0,0,2,13,2,88.33,964.99,1
C100834,38,62,month-to-month,mailed-check,yes,no,37.72,1,0,0,14,0,49.37,3096.71,1
C100835,38,56,month-to-month,mailed-check,yes,yes,3.19,1,0,0,14,0,40.68,2277.5,0
C100836,37,59,month-to-month,bank-transfer,no,no,15.89,0,0,1,16,0,54.87,3321.47,1
C100837,42,14,month-to-month,bank-transfer,yes,yes,63.64,0,0,1,21,1,51.77,772.28,0
C100838,48,1,month-to-month,credit-card,yes,no,59.02,0,0,1,18,1,59.26,88.54,0
C100839,24,66,month-to-month,bank-transfer,yes,no,59.31,0,2,2,19,3,91.51,6154.03,1
C100840,26,21,month-to-month,credit-card,yes,no,16.09,0,0,0,14,0,52.01,1131.63,0
C100841,18,47,month-to-month,credit-card,yes,no,50.97,1,0,1,9,1,62.71,3002.99,0
C100842,49,66,month-to-month,electronic-check,no,no,26.01,0,0,0,16,2,70.38,4679.58,1
C100843,42,2,month-to-month,credit-card,yes,yes,10.85,0,0,1,14,2,56.99,103.46,0
C100844,45,0,month-to-month,bank-transfer,yes,no,13.6,0,0,0,7,1,64.58,92.88,0
C100845,22,0,one-year,electronic-check,yes,yes,29.99,2,1,0,14,1,80.75,94.89,0
C100846,60,11,two-year,bank-transfer,no,no,2.84,0,0,2,20,2,74.19,900.9,1
C100847,32,3,one-year,bank-transfer,yes,no,19.61,0,0,2,18,1,66.59,261.32,0
C100848,41,59,month-to-month,electronic-check,yes,no,23.99,1,0,2,13,1,56.75,3385.2,0
C100849,49,44,two-year,mailed-check,yes,no,33.99,1,0,0,13,0,48.38,2180.43,0
C100850,27,71,two-year,mailed-check,no,no,4.0,1,0,3,26,3,84.91,6137.5,0
C100851,32,58,month-to-month,mailed-check,no,no,19.8,0,1,1,12,3,79.18,4685.06,1
C100852,41,70,month-to-month,credit-card,yes,no,41.04,0,0,0,18,1,72.6,5130.02,1
C100853,73,17,one-year,electronic-check,yes,no,74.74,1,0,1,18,1,69.89,1291.62,1
C100854,43,21,two-year,credit-card,yes,no,10.86,1,0,0,19,1,64.89,1429.41,0
C100855,58,62,one-year,credit-card,no,yes,50.76,1,0,2,16,0,72.6,4574.91,0
C100856,53,17,one-year,mailed-check,yes,no,39.48,1,1,1,11,1,41.66,730.45,0
C100857,43,4,one-year,mailed-check,no,no,56.33,0,0,0,13,2,62.95,298.58,0
C100858,27,48,two-year,electronic-check,no,no,3.07,3,0,1,18,1,59.94,2944.08,0
C100859,52,58,month-to-month,electronic-check,no,no,35.48,1,1,0,16,0,57.67,3355.94,0
C100860,21,70,month-to-month,mailed-check,yes,no,49.96,0,0,2,13,0,54.42,3849.48,0
C100861,58,67,two-year,electronic-check,yes,no,21.79,1,0,1,12,0,58.82,3980.84,0
C100862,41,8,month-to-month,credit-card,yes,no,17.31,0,1,0,11,2,86.09,767.56,1
C100863,18,56,month-to-month,bank-transfer,no,no,24.19,1,0,0,14,1,52.19,2984.5,0
C100864,35,61,month-to-month,electronic-check,no,yes,47.31,1,0,1,20,2,96.9,5959.05,0
C100865,47,50,month-to-month,mailed-check,yes,no,11.36,0,0,0,20,3,72.43,3752.98,0
C100866,36,59,month-to-month,credit-card,no,no,10.64,2,0,0,12,1,65.62,3935.85,1
C100867,48,61,one-year,electronic-check,yes,no,1.94,0,0,1,14,0,55.41,3455.27,0
C100868,29,32,month-to-month,bank-transfer,yes,no,20.15,0,0,0,18,1,68.8,2303.2,0
C100869,23,2,one-year,electronic-check,yes,no,6.25,1,0,0,14,0,69.81,273.49,1
C100870,38,33,month-to-month,credit-card,no,no,20.46,0,1,1,12,1,50.41,1719.57,0
C100871,39,14,two-year,mailed-check,yes,no,9.5,1,1,3,13,0,46.95,672.62,0
C100872,35,8,one-year,mailed-check,yes,no,14.1,1,2,1,13,0,63.37,526.33,0
C100873,54,9,two-year,bank-transfer,yes,yes,16.02,2,0,0,12,3,67.15,687.41,0
C100874,29,50,month-to-month,mailed-check,yes,yes,24.98,1,0,0,13,2,49.87,2531.2,0
C100875,43,36,month-to-month,bank-transfer,yes,yes,26.47,0,2,0,14,3,96.92,3643.42,0
C100876,40,39,one-year,electronic-check,yes,no,18.22,0,0,2,7,0,46.84,1848.61,1
C100877,20,54,two-year,electronic-check,no,no,15.31,0,1,0,15,0,66.48,3621.03,0
C100878,23,40,month-to-month,electronic-check,no,yes,13.94,0,2,4,13,0,50.45,2031.4,1
C100879,39,45,one-year,bank-transfer,yes,no,4.68,0,0,1,13,1,78.22,3680.31,0
C100880,63,6,one-year,credit-card,no,no,47.36,0,1,1,8,2,72.86,566.17,0
C100881,46,62,month-to-month,electronic-check,no,no,10.87,1,0,0,16,3,73.66,4605.44,0
C100882,18,32,one-year,credit-card,no,no,22.36,1,1,2,15,0,41.64,1362.57,0
C100883,18,11,month-to-month,credit-card,yes,no,7.29,0,0,1,14,0,52.65,618.16,0
C100884,48,59,month-to-month,electronic-check,no,no,34.9,0,2,0,25,1,67.64,3997.34,0
C100885,38,53,two-year,electronic-check,yes,yes,22.84,1,0,0,13,1,57.64,3108.7,0
C100886,53,3,month-to-month,mailed-check,yes,no,27.96,0,0,0,17,1,50.69,226.25,0
C100887,28,14,one-year,electronic-check,no,no,7.03,0,0,1,15,1,61.16,920.13,0
C100888,43,1,one-year,bank-transfer,yes,no,28.96,0,0,0,10,1,82.04,155.22,0
C100889,49,19,two-year,mailed-check,no,no,3.18,0,1,1,12,3,87.68,1740.01,0
C100890,34,7,month-to-month,mailed-check,no,no,12.69,0,0,2,19,2,62.09,482.34,1
C100891,34,51,month-to-month,bank-transfer,yes,no,7.94,1,0,5,11,1,66.35,3457.11,0
C100892,39,38,month-to-month,electronic-check,yes,yes,22.57,1,0,3,10,0,63.91,2542.79,0
C100893,46,71,one-year,credit-card,no,no,49.56,0,2,2,10,2,58.62,4208.2,1
C100894,39,54,month-to-month,bank-transfer,yes,no,32.41,1,1,0,21,0,53.86,2935.5,0
C100895,51,44,one-year,electronic-check,no,no,56.58,1,0,0,13,1,68.13,3034.15,0
C100896,33,37,month-to-month,mailed-check,no,no,23.31,0,1,0,13,0,51.58,2025.93,0
C100897,23,3,month-to-month,electronic-check,yes,no,35.4,1,1,2,23,0,42.33,234.35,1
C100898,63,5,two-year,credit-card,yes,no,43.16,0,0,1,21,0,65.53,391.79,0
C100899,32,44,two-year,mailed-check,no,no,42.83,0,0,0,20,0,32.3,1457.7,0
C100900,32,0,month-to-month,credit-card,no,no,6.7,0,0,2,10,1,54.53,45.93,0
C100901,38,3,one-year,credit-card,yes,yes,10.66,0,0,0,14,0,46.92,148.79,0
C100902,40,15,month-to-month,mailed-check,yes,no,39.83,1,0,1,13,3,83.56,1336.27,0
C100903,34,64,one-year,bank-transfer,yes,no,57.02,1,0,0,22,2,90.17,5810.04,0
C100904,39,33,month-to-month,bank-transfer,no,no,10.03,3,0,2,12,0,51.89,1736.22,1
C100905,39,51,month-to-month,electronic-check,yes,no,11.32,0,1,2,12,2,89.13,4617.45,0
C100906,41,30,month-to-month,credit-card,yes,no,32.16,1,0,0,12,3,81.46,2562.66,1
C100907,18,12,month-to-month,mailed-check,yes,no,15.3,0,0,0,17,0,61.29,799.07,0
C100908,62,27,one-year,credit-card,no,no,41.54,1,0,1,17,1,62.38,1712.37,0
C100909,37,6,month-to-month,bank-transfer,yes,no,34.14,0,0,2,11,2,81.13,606.22,0
C100910,46,56,month-to-month,electronic-check,no,no,45.48,0,1,0,15,0,50.34,2864.88,0
C100911,22,13,month-to-month,mailed-check,yes,yes,17.17,0,0,1,12,2,69.38,936.6,1
C100912,33,27,month-to-month,electronic-check,no,no,14.63,0,0,2,17,0,49.64,1411.66,1
C100913,31,71,one-year,electronic-check,yes,yes,11.5,1,0,2,15,0,43.14,3111.96,0
C100914,57,43,month-to-month,bank-transfer,no,no,56.1,1,0,1,12,1,66.73,2857.92,0
C100915,32,33,one-year,electronic-check,no,no,7.02,0,0,0,19,0,65.84,2243.97,0
C100916,48,39,two-year,credit-card,yes,yes,6.23,0,0,1,11,2,68.32,2708.65,0
C100917,31,57,month-to-month,mailed-check,yes,no,23.82,0,0,1,11,1,52.6,3021.63,1
C100918,34,18,two-year,mailed-check,yes,no,14.42,1,0,0,10,3,99.93,1887.61,0
C100919,36,46,month-to-month,electronic-check,yes,no,43.4,0,0,1,12,0,52.93,2423.44,0
C100920,54,63,month-to-month,electronic-check,no,no,5.75,1,0,1,13,0,64.12,4095.27,0
C100921,18,41,month-to-month,bank-transfer,yes,yes,18.61,0,1,0,9,1,60.93,2568.33,0
C100922,23,32,month-to-month,electronic-check,no,no,3.78,0,0,0,9,2,84.0,2742.83,0
C100923,18,10,month-to-month,bank-transfer,yes,no,16.36,0,0,1,10,1,63.5,688.14,1
C100924,26,18,month-to-month,bank-transfer,no,no,23.42,0,0,3,12,0,55.82,1062.06,1
C100925,29,69,two-year,electronic-check,no,no,20.71,0,0,1,14,0,55.55,3904.9,0
C100926,20,39,month-to-month,mailed-check,no,no,19.65,0,0,1,15,0,53.12,2146.25,0
C100927,30,21,two-year,electronic-check,yes,no,34.37,0,0,1,9,0,57.81,1249.99,0
C100928,18,30,month-to-month,electronic-check,no,no,9.54,0,3,2,15,0,46.33,1426.6,1
C100929,27,42,one-year,bank-transfer,no,no,28.39,1,0,0,14,0,62.65,2640.08,0
C100930,53,39,month-to-month,electronic-check,yes,no,19.1,0,0,0,12,1,101.69,4044.78,1
C100931,44,51,month-to-month,electronic-check,no,no,16.57,2,1,1,20,2,59.22,3125.37,1
C100932,41,18,month-to-month,mailed-check,no,no,30.63,2,0,0,18,0,60.63,1117.5,0
C100933,27,47,two-year,mailed-check,yes,no,24.78,1,0,2,14,1,68.07,3308.15,0
C100934,21,32,two-year,credit-card,yes,no,29.67,1,0,1,19,2,59.13,1911.76,0
C100935,25,68,month-to-month,credit-card,yes,no,72.06,1,1,0,17,2,85.09,5895.56,0
C100936,38,11,one-year,bank-transfer,yes,no,18.94,0,0,0,16,0,50.81,618.0,0
C100937,49,10,one-year,mailed-check,no,no,6.46,0,0,0,19,2,77.39,909.24,0
C100938,50,33,one-year,mailed-check,no,no,9.79,1,0,3,10,1,79.93,2632.44,0
C100939,47,37,month-to-month,electronic-check,yes,no,55.77,2,0,1,15,1,65.46,2459.59,0
C100940,30,50,one-year,credit-card,yes,no,16.07,0,0,1,20,1,76.93,3981.93,0
C100941,39,29,one-year,mailed-check,yes,no,34.21,0,1,2,11,2,74.71,2244.71,1
C100942,35,66,month-to-month,electronic-check,yes,no,20.66,1,0,1,18,2,71.63,4818.29,1
C100943,37,34,month-to-month,bank-transfer,no,yes,8.33,1,1,0,19,1,71.9,2486.93,0
C100944,63,9,month-to-month,bank-transfer,no,yes,24.57,0,1,2,12,3,91.85,880.8,1
C100945,18,8,two-year,mailed-check,yes,no,12.06,1,0,1,11,3,74.92,716.42,0
C100946,36,71,month-to-month,electronic-check,yes,no,13.38,0,1,1,13,0,51.39,3697.63,1
C100947,54,9,month-to-month,credit-card,no,no,20.75,1,0,1,17,0,66.54,778.9,0
C100948,21,69,month-to-month,electronic-check,yes,no,4.53,0,1,1,11,0,88.61,6208.03,1
C100949,31,20,two-year,credit-card,yes,no,33.66,0,1,2,14,0,37.56,816.19,0
C100950,33,6,one-year,mailed-check,no,yes,14.68,1,1,0,13,1,48.76,378.26,0
C100951,36,22,month-to-month,credit-card,no,no,36.91,0,0,0,15,0,45.66,1067.34,0
C100952,20,44,month-to-month,credit-card,no,no,35.96,0,0,0,15,1,59.07,2686.57,1
C100953,46,31,one-year,mailed-check,yes,no,18.39,1,0,0,18,2,60.07,1968.32,0
C100954,47,57,month-to-month,credit-card,no,yes,23.43,0,0,0,22,0,63.75,3696.42,0
C100955,45,44,month-to-month,electronic-check,no,yes,28.6,2,0,1,14,0,39.34,1750.55,1
C100956,29,29,two-year,electronic-check,yes,no,15.99,0,1,0,20,0,50.83,1559.35,0
C100957,40,46,month-to-month,mailed-check,yes,no,3.51,0,1,1,7,0,49.27,2372.41,0
C100958,28,70,month-to-month,bank-transfer,yes,no,24.43,1,0,1,16,1,77.81,5499.36,0
C100959,35,30,month-to-month,electronic-check,yes,no,43.01,1,1,1,17,0,57.0,1826.15,1
C100960,65,11,one-year,mailed-check,no,no,11.7,0,0,0,18,0,39.63,435.22,0
C100961,40,29,one-year,credit-card,no,no,38.32,1,2,0,18,0,60.86,1827.68,0
C100962,25,61,month-to-month,credit-card,yes,no,7.38,1,0,0,17,0,44.33,2694.86,0
C100963,41,15,one-year,electronic-check,yes,no,17.43,0,0,1,11,2,68.64,1033.38,0
C100964,23,69,two-year,mailed-check,yes,no,19.53,0,0,0,15,1,74.53,5209.11,1
C100965,25,42,two-year,electronic-check,yes,no,21.09,0,0,0,12,0,51.09,2214.41,0
C100966,27,43,month-to-month,electronic-check,yes,yes,10.25,0,0,0,10,0,61.5,2702.24,1
C100967,34,23,month-to-month,credit-card,no,yes,7.47,1,0,0,13,0,49.73,1259.11,0
C100968,50,67,two-year,credit-card,no,no,17.96,2,1,0,19,1,69.56,4687.44,0
C100969,46,2,month-to-month,electronic-check,no,no,31.25,0,0,0,8,0,73.66,220.87,0
C100970,45,21,month-to-month,electronic-check,yes,no,11.55,1,1,1,12,1,67.17,1452.3,0
C100971,26,30,month-to-month,mailed-check,no,no,19.13,0,0,0,20,1,60.12,1848.71,0
C100972,33,34,two-year,mailed-check,no,no,72.1,0,0,0,15,1,47.9,1653.85,0
C100973,42,34,month-to-month,electronic-check,yes,no,25.87,0,0,1,15,0,67.23,2338.31,1
C100974,31,10,month-to-month,electronic-check,yes,no,17.9,1,1,1,21,1,65.74,717.91,0
C100975,36,16,one-year,mailed-check,yes,no,20.49,2,1,1,15,3,89.63,1479.17,1
C100976,44,6,month-to-month,electronic-check,yes,no,63.23,0,0,0,24,0,57.83,440.91,0
C100977,35,41,month-to-month,credit-card,no,yes,31.99,1,0,4,19,1,76.36,3249.61,0
C100978,42,25,month-to-month,bank-transfer,no,no,12.09,0,1,1,17,0,50.47,1316.64,0
C100979,58,41,month-to-month,mailed-check,no,no,33.98,0,0,1,19,0,63.65,2666.61,0
C100980,37,43,two-year,mailed-check,yes,no,8.91,0,1,0,17,1,86.57,3799.56,0
C100981,53,51,month-to-month,credit-card,yes,no,22.87,0,0,0,7,1,63.37,3328.37,0
C100982,46,39,two-year,electronic-check,yes,no,48.0,0,0,1,17,0,53.83,2117.92,0
C100983,21,47,month-to-month,credit-card,yes,yes,23.04,0,0,2,17,0,49.72,2405.81,1
C100984,26,42,month-to-month,electronic-check,no,no,8.32,3,0,0,20,1,57.64,2465.52,0
C100985,29,47,month-to-month,credit-card,yes,no,21.48,2,0,0,10,3,93.7,4482.02,0
C100986,29,45,month-to-month,electronic-check,yes,yes,47.76,0,0,0,15,2,95.87,4405.16,0
C100987,38,23,month-to-month,credit-card,yes,no,11.38,0,1,0,6,0,60.88,1466.38,0
C100988,46,17,month-to-month,electronic-check,no,no,33.63,0,0,0,14,1,67.98,1173.29,0
C100989,54,57,two-year,credit-card,yes,no,49.5,1,0,0,11,1,69.85,4017.64,0
C100990,43,25,month-to-month,bank-transfer,yes,yes,28.17,0,0,1,11,1,47.82,1221.27,1
C100991,34,40,two-year,electronic-check,no,no,22.12,2,0,1,13,3,77.79,3198.92,0
C100992,18,14,month-to-month,credit-card,yes,yes,12.2,0,0,2,17,0,44.61,604.94,1
C100993,40,31,month-to-month,electronic-check,yes,yes,13.48,1,0,4,14,1,82.05,2657.78,0
C100994,39,38,one-year,mailed-check,yes,no,17.77,2,0,1,11,0,45.6,1832.09,1
C100995,41,45,month-to-month,electronic-check,yes,yes,34.2,0,0,0,16,1,49.25,2236.8,0
C100996,64,38,month-to-month,bank-transfer,yes,no,83.38,1,0,1,19,1,46.03,1795.3,0
C100997,54,26,month-to-month,credit-card,yes,no,11.49,1,1,0,12,0,46.4,1287.37,0
C100998,48,70,month-to-month,mailed-check,yes,no,31.2,0,0,0,11,0,22.02,1560.12,0
C100999,27,37,one-year,bank-transfer,yes,no,42.04,0,0,2,17,1,67.2,2543.05,0
C101000,33,59,month-to-month,credit-card,yes,no,21.86,1,0,2,12,0,59.13,3579.12,0
C101001,38,53,two-year,bank-transfer,yes,no,21.2,0,1,0,13,2,60.77,3324.89,1
C101002,30,40,month-to-month,electronic-check,no,no,5.7,1,0,0,9,1,75.8,3088.16,0
C101003,45,64,month-to-month,mailed-check,no,no,24.43,3,1,0,15,1,63.06,4077.36,0
C101004,43,9,month-to-month,electronic-check,no,no,20.49,0,2,0,12,1,63.72,653.38,0
C101005,26,67,month-to-month,mailed-check,no,no,16.4,2,0,1,16,0,66.39,4492.48,0
C101006,53,62,two-year,electronic-check,yes,yes,27.32,2,0,1,16,1,79.7,4985.05,1
C101007,40,36,two-year,credit-card,yes,yes,9.57,1,0,0,21,0,43.36,1583.35,0
C101008,18,53,month-to-month,bank-transfer,yes,no,11.22,1,0,0,13,3,67.71,3620.6,0
C101009,38,37,month-to-month,bank-transfer,no,no,24.8,0,0,1,17,0,51.93,1927.83,0
C101010,42,19,two-year,electronic-check,yes,no,55.71,0,1,0,14,0,76.94,1594.91,0
C101011,51,58,month-to-month,electronic-check,no,no,18.84,1,0,0,13,0,46.85,2718.14,0
C101012,35,17,month-to-month,credit-card,no,no,21.92,2,0,2,11,2,84.06,1514.72,0
C101013,49,22,month-to-month,mailed-check,yes,yes,21.39,0,0,1,10,1,52.14,1133.72,0
C101014,41,37,month-to-month,credit-card,no,no,9.22,0,1,1,19,1,58.34,2272.15,0
C101015,23,61,month-to-month,mailed-check,yes,no,17.13,0,0,1,17,0,49.13,3047.96,0
C101016,22,28,month-to-month,electronic-check,no,no,23.98,1,0,0,12,0,61.38,1832.72,0
C101017,52,36,two-year,bank-transfer,yes,no,23.61,0,1,1,16,1,65.03,2378.13,0
C101018,53,3,month-to-month,bank-transfer,no,yes,28.84,1,0,0,10,1,56.49,309.67,0
C101019,43,8,two-year,electronic-check,no,no,8.88,0,0,1,11,1,59.71,496.31,0
C101020,57,4,one-year,bank-transfer,yes,no,13.04,1,1,0,9,2,66.0,349.47,0
C101021,52,5,month-to-month,electronic-check,no,no,4.53,0,0,1,14,2,74.42,360.26,0
C101022,47,63,month-to-month,electronic-check,yes,no,50.46,0,0,1,19,0,45.82,2916.41,1
C101023,28,61,month-to-month,electronic-check,yes,no,15.38,0,0,0,7,0,57.07,3535.77,0
C101024,60,59,two-year,bank-transfer,yes,no,25.7,0,0,1,17,1,74.59,4475.44,0
C101025,45,4,month-to-month,bank-transfer,no,no,21.01,0,0,0,22,2,88.36,424.78,0
C101026,34,5,two-year,electronic-check,no,yes,1.96,0,0,2,14,2,76.88,475.5,0
C101027,31,20,one-year,credit-card,yes,no,7.47,1,0,1,14,1,71.18,1476.46,0
C101028,42,41,one-year,bank-transfer,no,yes,20.35,0,1,0,15,1,49.44,2127.08,0
C101029,19,24,month-to-month,mailed-check,no,no,30.91,1,0,1,17,0,46.45,1177.86,0
C101030,47,35,one-year,electronic-check,yes,no,29.26,1,1,0,13,3,71.85,2540.0,0
C101031,28,12,one-year,electronic-check,no,no,6.55,1,1,1,24,2,68.11,899.44,0
C101032,43,53,one-year,electronic-check,yes,no,9.18,1,1,0,19,0,68.64,3704.63,0
C101033,33,22,month-to-month,credit-card,no,no,27.51,1,0,0,19,1,59.06,1277.1,0
C101034,36,4,one-year,credit-card,yes,no,29.09,2,0,0,16,0,53.04,318.4,0
C101035,30,54,month-to-month,electronic-check,no,no,6.2,0,0,1,14,3,95.99,5243.77,0
C101036,37,65,one-year,mailed-check,yes,yes,27.41,0,1,0,15,1,46.72,3087.38,1
C101037,62,1,month-to-month,electronic-check,yes,no,20.25,0,1,0,14,2,92.57,198.53,1
C101038,56,31,month-to-month,electronic-check,no,no,17.56,0,0,1,14,1,72.62,2324.27,1
C101039,43,60,one-year,electronic-check,no,no,56.81,1,0,0,20,1,57.23,3518.37,0
C101040,39,51,month-to-month,electronic-check,yes,no,18.87,0,0,3,14,3,76.55,4011.24,0
C101041,49,62,one-year,electronic-check,no,no,13.92,0,1,0,8,0,76.21,4807.56,0
C101042,53,30,one-year,electronic-check,no,yes,35.67,0,0,3,13,0,51.14,,0
C101043,29,27,one-year,mailed-check,yes,no,34.68,0,1,0,14,1,70.83,1986.81,0
C101044,38,51,one-year,mailed-check,yes,no,48.69,1,0,0,21,3,112.55,5893.85,0
C101045,18,11,month-to-month,mailed-check,yes,yes,33.15,3,0,0,19,0,56.49,673.23,0
C101046,52,17,month-to-month,mailed-check,yes,no,32.27,0,0,0,13,0,56.82,,0
C101047,64,43,one-year,mailed-check,no,yes,21.46,0,1,0,19,1,89.32,3970.16,0
C101048,40,48,month-to-month,mailed-check,yes,no,78.71,0,0,0,20,3,70.76,3451.2,0
C101049,18,8,month-to-month,credit-card,yes,no,9.61,3,0,0,10,2,65.83,623.25,0
C101050,46,37,month-to-month,electronic-check,yes,no,29.66,0,0,0,16,3,99.91,3777.24,0
C101051,28,26,month-to-month,bank-transfer,no,no,8.74,0,2,2,17,2,48.69,1332.64,1
C101052,31,36,two-year,electronic-check,yes,no,21.43,0,0,1,16,0,42.34,1557.39,0
C101053,47,69,month-to-month,mailed-check,yes,no,,1,0,0,11,0,49.41,3436.65,0
C101054,42,5,month-to-month,mailed-check,no,yes,,0,0,0,10,1,70.29,438.82,0
C101055,33,72,two-year,bank-transfer,yes,no,4.15,3,0,1,19,2,65.41,4746.86,0
C101056,31,32,two-year,credit-card,no,no,15.33,1,0,1,21,1,62.6,2004.93,0
C101057,41,56,month-to-month,mailed-check,yes,yes,87.96,0,0,1,18,1,78.97,4526.46,1
C101058,34,30,two-year,electronic-check,no,no,23.16,0,0,0,10,2,78.4,2410.01,0
C101059,26,22,month-to-month,credit-card,yes,no,40.74,0,0,3,15,1,38.12,886.65,0
C101060,35,56,one-year,electronic-check,yes,no,27.37,0,0,1,16,2,75.17,4292.96,1
C101061,43,50,month-to-month,mailed-check,yes,no,73.07,3,0,1,11,0,65.97,3388.01,0
C101062,37,10,month-to-month,credit-card,no,yes,27.58,1,0,0,23,1,64.21,737.75,1
C101063,22,51,month-to-month,mailed-check,no,no,23.25,0,1,0,29,1,69.32,3621.66,0
C101064,51,54,one-year,bank-transfer,yes,no,7.08,3,0,0,13,1,78.69,4349.55,0
C101065,18,28,month-to-month,electronic-check,no,no,7.37,1,0,0,19,0,59.34,1752.6,0
C101066,34,67,month-to-month,electronic-check,yes,no,13.42,1,0,2,13,1,61.45,4159.69,0
C101067,32,46,one-year,credit-card,no,no,18.44,0,1,1,14,3,97.52,4561.53,0
C101068,41,24,month-to-month,electronic-check,no,no,8.05,1,0,1,13,0,27.56,709.8,0
C101069,46,0,two-year,electronic-check,yes,yes,23.08,1,0,0,17,0,73.32,13.63,0
C101070,53,49,month-to-month,mailed-check,yes,yes,22.47,2,1,0,16,2,93.31,4621.18,1
C101071,30,15,month-to-month,mailed-check,no,no,61.46,0,0,0,17,0,73.71,1120.92,1
C101072,46,55,month-to-month,electronic-check,no,no,67.22,1,0,0,19,0,60.57,3430.73,0
C101073,41,38,month-to-month,electronic-check,no,no,35.71,0,0,1,12,0,64.0,2534.0,0
C101074,18,34,month-to-month,mailed-check,yes,no,36.39,0,1,2,19,2,84.14,2973.71,1
C101075,62,11,month-to-month,mailed-check,no,no,45.26,0,0,0,15,0,61.59,740.61,0
C101076,22,51,one-year,credit-card,yes,no,27.72,0,0,0,16,1,80.66,4178.6,0
C101077,44,12,month-to-month,electronic-check,no,yes,46.88,0,0,2,18,0,36.57,467.38,0
C101078,44,30,month-to-month,credit-card,no,no,6.49,0,1,0,15,1,67.05,2091.81,0
C101079,42,61,one-year,electronic-check,no,yes,39.07,1,0,0,13,1,53.61,3348.0,1
C101080,33,67,month-to-month,electronic-check,no,no,8.45,0,0,1,9,0,41.68,2795.41,0
C101081,49,72,one-year,credit-card,no,no,9.5,2,0,1,16,1,58.99,4331.42,1
C101082,20,69,two-year,credit-card,yes,no,44.9,0,0,2,15,0,42.66,3024.01,0
C101083,38,40,month-to-month,electronic-check,no,no,12.34,0,0,2,26,2,49.97,2077.2,0
C101084,32,14,one-year,mailed-check,yes,yes,9.78,2,0,1,14,3,62.69,888.29,0
C101085,31,61,two-year,credit-card,yes,no,29.07,0,0,1,20,1,58.37,3644.55,0
C101086,44,58,month-to-month,electronic-check,yes,yes,11.33,2,0,1,14,0,62.06,3658.83,1
C101087,52,72,two-year,electronic-check,yes,yes,9.8,2,0,0,13,0,65.49,4835.56,0
C101088,35,47,month-to-month,mailed-check,yes,no,5.8,1,0,3,8,2,99.87,4789.28,1
C101089,48,10,one-year,credit-card,yes,no,14.89,1,0,2,17,0,51.04,599.97,0
C101090,40,36,month-to-month,bank-transfer,yes,no,35.47,2,0,2,21,0,66.7,2519.16,0
C101091,28,32,month-to-month,mailed-check,yes,no,39.07,0,0,0,16,3,88.14,2937.18,0
C101092,36,61,two-year,credit-card,yes,no,17.75,0,0,2,12,1,67.27,4151.31,0
C101093,35,28,month-to-month,electronic-check,no,yes,60.64,0,0,1,14,1,68.87,2014.08,1
C101094,31,23,two-year,credit-card,yes,no,30.22,0,0,0,13,3,92.87,2200.69,0
C101095,44,5,one-year,electronic-check,no,no,45.47,1,0,0,13,1,73.43,420.97,0
C101096,42,60,two-year,bank-transfer,no,no,13.57,0,0,2,15,1,56.38,3479.75,0
C101097,20,55,two-year,mailed-check,no,no,16.66,1,1,0,15,0,63.01,3530.49,1
C101098,19,3,one-year,electronic-check,yes,no,18.56,2,0,0,14,1,59.47,233.03,0
C101099,44,31,two-year,mailed-check,yes,no,16.49,1,0,2,17,2,80.72,2640.86,0
C101100,29,35,one-year,credit-card,yes,no,2.26,0,0,1,7,0,56.53,2084.21,1
C101101,43,34,month-to-month,mailed-check,yes,no,22.23,0,0,2,15,2,45.43,1552.5,0
C101102,48,67,one-year,electronic-check,no,no,27.41,0,1,0,20,1,61.28,4171.19,0
C101103,24,10,month-to-month,electronic-check,yes,no,26.19,3,0,2,14,1,75.44,816.17,1
C101104,22,22,month-to-month,bank-transfer,no,no,65.05,0,0,0,18,3,87.55,2005.15,1
C101105,59,13,month-to-month,bank-transfer,yes,no,68.38,0,1,1,19,0,61.85,902.67,0
C101106,43,17,month-to-month,mailed-check,no,no,4.21,0,0,1,15,1,57.21,1053.6,0
C101107,34,66,month-to-month,electronic-check,yes,no,53.24,1,0,0,17,1,61.75,4082.02,1
C101108,28,68,month-to-month,bank-transfer,no,no,62.65,0,1,4,25,1,77.42,5381.43,0
C101109,33,3,one-year,electronic-check,no,no,2.87,1,0,0,11,0,50.0,184.07,0
C101110,25,46,one-year,electronic-check,yes,no,34.52,2,0,2,15,0,43.26,2048.63,0
C101111,50,16,two-year,mailed-check,yes,no,22.67,4,1,0,20,0,30.2,537.54,1
C101112,30,14,two-year,mailed-check,yes,yes,60.57,0,1,0,17,2,64.31,991.16,0
C101113,52,21,two-year,credit-card,yes,no,58.01,1,0,2,16,0,45.3,976.82,0
C101114,34,14,one-year,bank-transfer,yes,no,110.18,1,2,0,19,1,51.78,792.29,0
C101115,26,35,month-to-month,electronic-check,no,yes,35.4,0,0,1,15,0,44.24,1622.86,0
C101116,34,72,two-year,credit-card,no,no,31.12,1,0,0,11,1,56.56,4124.15,0
C101117,18,42,month-to-month,electronic-check,yes,no,11.28,0,0,1,10,0,42.98,1832.4,0
C101118,38,52,month-to-month,credit-card,yes,no,14.6,1,1,3,12,1,81.2,4268.83,1
C101119,37,36,month-to-month,electronic-check,yes,no,32.17,2,0,0,16,2,48.35,1852.28,1
C101120,49,1,one-year,credit-card,no,no,14.05,1,0,1,14,3,86.02,130.26,1
C101121,18,6,one-year,credit-card,yes,no,22.56,1,2,1,11,2,76.64,504.2,1
C101122,53,19,month-to-month,credit-card,yes,no,4.86,0,0,1,12,3,87.33,1754.91,0
C101123,49,17,one-year,electronic-check,yes,no,23.75,1,0,1,14,3,69.78,1221.38,1
C101124,54,61,month-to-month,credit-card,no,yes,3.33,1,0,0,14,0,70.39,4427.08,1
C101125,38,61,month-to-month,bank-transfer,yes,no,44.43,2,0,0,15,1,67.73,4157.09,0
C101126,51,62,month-to-month,electronic-check,no,no,24.68,0,0,1,14,1,61.25,3865.28,0
C101127,21,46,month-to-month,mailed-check,yes,no,13.15,1,2,1,19,0,69.78,3312.29,1
C101128,48,40,one-year,bank-transfer,no,no,19.38,2,0,0,15,2,66.72,2693.7,1
C101129,30,47,month-to-month,credit-card,yes,no,14.18,1,2,0,15,1,48.53,2301.32,0
C101130,19,29,month-to-month,credit-card,no,no,10.7,3,2,1,12,3,80.73,,1
C101131,26,48,month-to-month,mailed-check,no,no,15.77,1,0,1,17,1,76.99,3749.53,0
C101132,39,57,one-year,bank-transfer,yes,no,15.86,1,1,0,15,0,59.47,3463.97,0
C101133,29,55,two-year,electronic-check,yes,no,17.91,1,0,0,19,2,64.79,3620.91,1
C101134,44,44,one-year,mailed-check,no,no,2.03,1,0,1,10,1,69.84,3146.55,0
C101135,18,4,one-year,credit-card,yes,yes,46.75,0,0,1,10,0,66.0,353.99,0
C101136,18,52,two-year,bank-transfer,no,no,47.38,1,0,2,14,2,60.31,3165.96,0
C101137,55,26,month-to-month,credit-card,no,no,21.18,1,0,0,18,1,47.06,1270.86,0
C101138,50,54,month-to-month,mailed-check,yes,yes,70.53,0,1,1,18,0,57.59,3159.35,1
C101139,26,39,month-to-month,mailed-check,yes,no,16.7,1,2,1,12,2,89.42,3545.23,0
C101140,39,64,month-to-month,bank-transfer,yes,no,23.31,0,1,2,15,2,59.71,3909.37,1
C101141,51,24,month-to-month,electronic-check,yes,no,30.81,2,0,2,15,0,41.48,,0
C101142,44,67,month-to-month,credit-card,yes,no,22.83,0,0,2,20,0,58.8,3950.9,0
C101143,41,61,month-to-month,credit-card,no,no,13.21,2,0,4,15,2,65.98,4114.88,1
C101144,52,24,month-to-month,credit-card,yes,no,22.07,1,0,1,15,0,48.01,1151.07,0
C101145,30,35,month-to-month,credit-card,no,no,6.45,0,0,1,16,1,76.92,2829.2,0
C101146,39,38,month-to-month,mailed-check,yes,no,10.74,0,0,0,11,0,47.59,1804.62,0
C101147,39,56,two-year,mailed-check,yes,no,40.75,1,0,0,17,2,82.73,4768.88,0
C101148,36,50,one-year,credit-card,yes,yes,97.67,1,0,1,13,0,70.94,3649.61,1
C101149,34,62,month-to-month,electronic-check,yes,yes,12.82,0,1,0,15,1,61.61,3825.61,0
C101150,40,27,month-to-month,credit-card,yes,no,18.73,1,1,1,17,3,102.16,2861.77,0
C101151,39,36,month-to-month,electronic-check,no,yes,17.89,0,1,0,15,1,72.91,2648.04,1
C101152,26,31,month-to-month,credit-card,yes,no,25.81,1,0,0,18,1,69.71,2201.83,0
C101153,49,66,month-to-month,mailed-check,yes,no,44.19,2,0,0,15,1,59.54,3972.53,0
C101154,27,22,month-to-month,credit-card,no,no,24.04,1,1,0,13,3,94.37,2098.08,0
C101155,36,42,two-year,mailed-check,no,yes,6.77,0,0,0,10,1,74.79,3190.87,1
C101156,35,8,two-year,bank-transfer,yes,yes,13.7,2,1,0,8,3,90.76,808.25,0
C101157,43,62,one-year,credit-card,yes,no,28.4,0,3,1,19,0,57.4,3607.56,0
C101158,18,28,one-year,mailed-check,yes,no,16.34,1,0,1,13,2,70.52,1995.27,0
C101159,50,24,one-year,electronic-check,yes,no,16.85,1,0,0,19,0,32.79,802.61,0
C101160,31,42,one-year,electronic-check,yes,no,17.21,1,0,0,8,0,62.32,2685.9,0
C101161,54,36,two-year,bank-transfer,yes,no,20.81,3,0,0,17,1,59.53,2227.67,0
C101162,33,61,one-year,bank-transfer,no,no,10.06,0,0,2,18,2,76.86,4852.9,0
C101163,38,38,one-year,bank-transfer,no,no,40.24,0,0,0,17,1,99.42,3916.4,0
C101164,62,37,two-year,electronic-check,yes,no,6.72,1,0,0,10,0,70.41,2643.1,0
C101165,36,7,one-year,electronic-check,yes,no,27.96,1,0,0,8,0,62.05,477.47,0
C101166,54,1,month-to-month,credit-card,no,no,14.38,2,0,0,15,2,70.0,152.86,0
C101167,39,29,month-to-month,bank-transfer,yes,no,22.73,1,0,0,10,0,65.73,2016.35,0
C101168,44,72,month-to-month,electronic-check,no,no,52.03,2,0,0,14,1,77.42,5712.8,0
C101169,40,66,month-to-month,electronic-check,no,no,51.26,0,0,1,15,2,73.69,4876.45,0
C101170,49,45,month-to-month,electronic-check,no,no,43.46,1,0,3,14,2,76.36,3547.05,1
C101171,31,46,month-to-month,credit-card,no,no,58.12,1,0,0,15,0,61.3,2836.09,0
C101172,27,28,month-to-month,bank-transfer,yes,yes,87.83,0,1,0,16,2,72.0,2078.11,0
C101173,31,12,two-year,bank-transfer,no,no,40.33,0,1,0,22,2,63.16,855.25,1
C101174,40,0,month-to-month,bank-transfer,no,no,30.81,0,0,1,16,2,61.19,31.99,0
C101175,36,24,month-to-month,credit-card,yes,no,10.18,2,1,1,14,1,83.66,2074.78,1
C101176,48,23,month-to-month,electronic-check,yes,no,34.52,0,1,2,15,0,40.89,1048.54,1
C101177,55,13,month-to-month,electronic-check,yes,no,23.64,1,1,0,20,1,51.01,770.57,1
C101178,27,18,one-year,mailed-check,yes,yes,65.9,1,0,0,17,2,44.46,860.71,0
C101179,30,1,one-year,credit-card,yes,no,37.98,1,0,1,13,0,64.7,,0
C101180,22,44,month-to-month,bank-transfer,no,yes,8.3,1,0,1,13,1,51.91,2278.25,0
C101181,63,67,month-to-month,mailed-check,yes,no,27.27,1,0,0,14,2,90.32,6146.1,1
C101182,43,50,month-to-month,credit-card,yes,no,41.3,1,1,1,22,1,68.64,3516.83,0
C101183,45,32,one-year,electronic-check,no,no,23.31,0,0,0,16,1,76.81,2543.68,0
C101184,23,30,two-year,mailed-check,yes,no,86.25,0,0,0,13,2,62.02,1886.3,0
C101185,39,22,two-year,bank-transfer,yes,no,36.97,1,2,0,18,2,82.43,1893.76,0
C101186,45,10,month-to-month,credit-card,yes,no,10.46,1,0,1,17,1,81.83,936.27,0
C101187,36,43,one-year,electronic-check,yes,no,9.81,2,0,0,15,1,79.62,3497.75,0
C101188,52,41,one-year,mailed-check,no,no,11.84,0,1,0,9,2,86.29,3592.41,0
C101189,67,0,two-year,credit-card,yes,yes,15.02,0,0,1,7,2,79.3,82.22,1
C101190,28,30,month-to-month,bank-transfer,yes,no,22.5,3,0,0,11,2,72.17,2253.77,1
C101191,27,20,month-to-month,bank-transfer,no,yes,28.67,1,2,1,12,1,69.73,1451.77,1
C101192,28,12,month-to-month,electronic-check,no,yes,52.06,1,0,1,20,2,62.72,826.02,0
C101193,58,51,month-to-month,electronic-check,yes,no,40.48,0,0,0,18,1,59.51,3088.39,0
C101194,52,38,one-year,mailed-check,yes,no,17.23,0,0,0,15,2,92.57,3559.64,1
C101195,37,46,month-to-month,electronic-check,no,no,17.35,0,0,1,20,2,84.25,3948.23,0
C101196,39,52,month-to-month,credit-card,yes,no,39.03,3,0,1,17,2,64.08,3431.64,0
C101197,29,71,two-year,bank-transfer,yes,no,14.91,0,0,0,13,1,67.25,4828.11,0
C101198,50,58,month-to-month,credit-card,yes,no,32.41,0,1,0,14,1,52.07,3142.91,0
C101199,34,45,two-year,electronic-check,yes,no,5.91,1,0,1,19,2,64.89,2919.57,1
C101200,36,64,one-year,electronic-check,yes,no,29.57,0,0,0,15,0,74.55,4860.79,0
C101201,46,34,two-year,bank-transfer,no,no,26.81,0,0,1,17,1,42.96,1524.47,0
C101202,37,71,one-year,electronic-check,no,no,15.08,1,0,0,11,0,40.57,2882.56,0
C101203,36,55,month-to-month,electronic-check,yes,no,7.51,0,0,1,10,1,64.7,3621.31,0
C101204,39,47,month-to-month,mailed-check,no,yes,6.47,3,0,0,25,1,69.68,3267.18,0
C101205,49,65,two-year,electronic-check,no,no,25.45,1,0,1,12,1,62.83,4148.44,1
C101206,59,37,month-to-month,electronic-check,no,no,28.48,0,1,0,9,0,70.61,2667.7,0
C101207,46,52,month-to-month,electronic-check,no,no,3.6,2,2,1,18,3,82.18,4367.96,1
C101208,49,20,one-year,credit-card,no,no,3.46,0,1,1,9,1,67.05,1428.21,0
C101209,37,70,month-to-month,electronic-check,yes,no,8.94,0,0,1,10,0,56.23,3985.22,0
C101210,31,45,month-to-month,bank-transfer,yes,no,10.04,1,1,0,15,2,71.54,3250.34,0
C101211,47,57,month-to-month,bank-transfer,yes,no,12.36,0,0,0,24,1,70.82,4059.89,1
C101212,41,33,month-to-month,mailed-check,no,yes,25.55,0,0,1,9,1,59.12,1970.21,0
C101213,22,63,one-year,mailed-check,no,no,43.62,3,0,0,18,0,73.13,4691.14,0
C101214,35,5,month-to-month,electronic-check,no,no,44.08,1,0,0,12,0,69.23,425.16,0
C101215,38,8,month-to-month,electronic-check,no,no,34.81,1,0,0,9,0,68.86,540.89,1
C101216,33,37,month-to-month,mailed-check,no,no,42.77,1,0,1,17,1,95.73,3701.25,0
C101217,57,53,one-year,credit-card,yes,no,10.42,3,1,0,9,1,70.01,3791.15,1
C101218,45,59,month-to-month,mailed-check,yes,no,34.19,0,1,1,8,2,78.09,4667.97,1
C101219,55,32,month-to-month,mailed-check,no,yes,37.32,0,1,1,13,1,71.54,2334.26,0
C101220,42,47,two-year,credit-card,yes,no,5.25,0,0,0,15,0,50.39,2403.0,0
C101221,40,40,month-to-month,credit-card,no,yes,52.48,0,0,2,21,3,67.05,2790.53,1
C101222,28,70,one-year,credit-card,no,no,38.5,3,0,0,15,0,47.33,3388.47,0
C101223,39,47,month-to-month,mailed-check,yes,yes,13.68,0,1,1,17,1,82.65,3963.52,0
C101224,39,30,month-to-month,credit-card,no,no,4.29,1,1,0,9,0,43.19,1374.16,0
C101225,23,70,month-to-month,bank-transfer,yes,no,25.09,0,1,0,20,0,46.69,3342.48,0
C101226,33,7,two-year,bank-transfer,no,no,17.18,0,1,1,14,2,65.8,519.45,0
C101227,35,71,month-to-month,credit-card,no,no,7.26,0,0,0,14,1,49.42,3596.64,0
C101228,44,11,month-to-month,mailed-check,yes,no,22.18,1,2,1,20,1,55.11,706.1,0
C101229,45,21,month-to-month,credit-card,no,no,15.14,3,0,2,8,0,51.65,1177.27,0
C101230,32,59,month-to-month,credit-card,yes,no,38.71,1,0,2,14,2,84.31,5077.91,0
C101231,45,53,one-year,bank-transfer,yes,no,3.34,0,0,2,16,2,54.79,2976.76,1
C101232,37,70,two-year,electronic-check,yes,no,41.41,0,0,0,21,2,65.87,4646.45,0
C101233,18,54,month-to-month,,no,yes,20.98,1,0,0,11,0,59.86,3224.32,0
C101234,33,46,month-to-month,electronic-check,no,no,34.44,2,0,1,16,0,63.07,2973.72,0
C101235,52,25,month-to-month,bank-transfer,yes,yes,55.42,0,0,1,12,0,89.46,2317.62,1
C101236,19,0,two-year,electronic-check,no,yes,29.02,2,0,2,14,0,74.3,60.64,0
C101237,40,9,month-to-month,credit-card,no,no,40.96,0,0,0,13,0,77.28,724.05,0
C101238,58,21,month-to-month,credit-card,no,no,5.83,0,0,2,11,0,36.93,838.35,1
C101239,30,2,two-year,electronic-check,yes,no,6.52,0,0,0,14,2,71.85,209.09,0
C101240,39,37,two-year,bank-transfer,yes,no,16.97,0,0,0,8,1,69.3,2597.19,0
C101241,23,56,month-to-month,credit-card,yes,yes,13.04,0,0,0,10,0,41.11,2319.4,0
C101242,59,70,month-to-month,electronic-check,no,no,30.71,1,0,1,20,2,75.62,5330.9,1
C101243,38,35,one-year,electronic-check,yes,no,30.68,0,0,1,18,1,75.92,2721.98,0
C101244,40,63,two-year,mailed-check,yes,no,47.58,0,0,0,13,1,74.25,4751.44,0
C101245,55,71,month-to-month,credit-card,no,no,20.86,0,0,1,19,0,71.56,5169.29,0
C101246,47,62,month-to-month,mailed-check,yes,no,5.84,1,0,0,13,1,66.77,4142.46,0
C101247,28,33,month-to-month,electronic-check,no,no,47.93,1,0,0,17,2,76.09,2591.63,1
C101248,31,23,month-to-month,electronic-check,no,no,46.41,0,0,1,13,0,65.08,1507.47,0
C101249,45,71,month-to-month,mailed-check,yes,no,17.15,1,0,1,9,0,58.47,4194.72,1
C101250,32,17,one-year,electronic-check,yes,yes,47.31,1,0,0,15,0,63.48,1157.08,0
C101251,18,30,month-to-month,bank-transfer,yes,no,5.21,0,1,1,17,2,42.1,1296.91,0
C101252,38,5,month-to-month,electronic-check,yes,no,18.14,0,0,1,19,3,70.25,349.25,0
C101253,21,57,two-year,credit-card,yes,no,8.67,0,0,1,12,1,69.13,3992.87,0
C101254,58,47,month-to-month,bank-transfer,yes,no,40.27,0,0,0,22,2,71.24,3474.11,0
C101255,41,6,month-to-month,credit-card,yes,yes,13.25,0,0,0,15,2,73.04,547.22,0
C101256,28,16,two-year,electronic-check,yes,no,43.7,0,0,0,19,2,75.36,1366.49,0
C101257,31,40,month-to-month,bank-transfer,no,no,8.02,1,2,2,13,1,53.39,2191.1,0
C101258,18,39,two-year,credit-card,yes,no,76.95,0,1,0,20,3,85.78,3405.58,0
C101259,26,58,month-to-month,mailed-check,no,yes,16.87,0,0,2,17,3,71.69,4215.43,0
C101260,51,19,month-to-month,electronic-check,no,yes,15.51,0,0,1,18,0,25.8,521.55,1
C101261,66,67,one-year,electronic-check,no,no,38.29,0,0,0,17,1,59.01,4002.35,0
C101262,48,32,month-to-month,bank-transfer,no,no,28.97,1,0,0,13,0,47.57,1594.33,0
C101263,38,60,month-to-month,mailed-check,yes,yes,17.01,2,1,0,11,2,72.33,4431.24,1
C101264,34,17,month-to-month,credit-card,yes,no,15.1,0,0,1,18,1,56.03,958.1,0
C101265,28,2,one-year,credit-card,yes,no,62.25,0,1,0,14,3,83.8,281.74,0
C101266,64,4,month-to-month,bank-transfer,yes,no,19.97,2,0,1,12,3,87.04,440.92,0
C101267,37,27,one-year,credit-card,no,no,20.57,2,0,3,12,1,57.05,1652.61,1
C101268,64,69,one-year,bank-transfer,yes,no,8.05,1,0,1,15,1,64.45,4547.22,0
C101269,56,3,month-to-month,electronic-check,yes,no,53.65,0,0,1,18,0,66.19,303.69,1
C101270,18,26,month-to-month,electronic-check,no,no,10.34,2,0,1,7,1,60.33,1626.27,0
C101271,31,7,month-to-month,credit-card,no,no,9.44,0,0,2,14,1,71.95,529.67,1
C101272,31,68,one-year,mailed-check,no,no,41.63,0,1,2,15,0,73.38,5109.19,0
C101273,38,49,month-to-month,credit-card,yes,no,0.7,0,0,0,10,0,43.73,2212.87,0
C101274,38,55,one-year,electronic-check,yes,no,24.72,0,1,1,9,3,74.85,4250.8,0
C101275,75,52,month-to-month,electronic-check,yes,yes,15.45,0,0,1,16,1,89.8,4742.75,0
C101276,26,47,month-to-month,credit-card,no,no,18.59,0,0,0,7,1,68.3,3290.96,1
C101277,42,56,one-year,credit-card,no,no,10.64,0,1,0,15,2,63.53,3623.19,0
C101278,46,0,month-to-month,credit-card,no,yes,13.06,0,0,2,12,1,70.84,48.6,0
C101279,39,63,month-to-month,electronic-check,yes,no,3.62,2,0,2,11,1,61.24,3862.23,1
C101280,40,54,one-year,mailed-check,no,no,38.31,1,0,2,16,0,42.1,2304.42,0
C101281,26,53,one-year,bank-transfer,yes,no,17.09,1,0,0,20,1,64.14,3435.94,0
C101282,40,28,month-to-month,credit-card,yes,no,43.76,0,0,2,15,0,43.88,1316.67,0
C101283,45,58,month-to-month,electronic-check,no,no,83.52,0,0,0,16,1,47.35,2806.68,0
C101284,43,27,month-to-month,bank-transfer,yes,no,8.28,1,1,1,13,1,74.17,2059.88,1
C101285,46,3,one-year,electronic-check,yes,no,33.17,2,0,0,16,0,28.91,157.73,0
C101286,56,66,month-to-month,bank-transfer,yes,yes,9.23,3,0,1,18,2,94.88,6388.71,1
C101287,50,17,one-year,electronic-check,yes,no,11.75,0,0,0,9,0,62.53,1131.68,0
C101288,40,7,one-year,credit-card,yes,no,19.85,0,1,0,13,1,83.74,670.38,0
C101289,25,45,two-year,electronic-check,no,no,74.97,1,0,0,16,0,79.48,3623.6,0
C101290,32,17,month-to-month,bank-transfer,yes,no,16.07,0,0,1,12,3,101.22,1830.2,1
C101291,36,62,month-to-month,credit-card,no,no,19.41,0,0,1,18,0,51.03,3210.19,0
C101292,42,32,month-to-month,electronic-check,no,no,24.77,0,0,2,16,0,49.05,1661.01,0
C101293,33,0,month-to-month,electronic-check,no,no,19.11,0,0,2,13,0,57.51,74.38,0
C101294,28,69,month-to-month,bank-transfer,no,no,8.25,0,0,1,10,1,75.9,5302.96,0
C101295,25,37,two-year,bank-transfer,no,no,46.23,0,0,1,18,1,90.9,3500.92,0
C101296,19,19,month-to-month,bank-transfer,yes,no,14.75,1,0,0,16,0,43.83,857.77,0
C101297,36,49,month-to-month,bank-transfer,no,yes,5.72,0,0,0,17,2,86.64,4318.04,0
C101298,21,38,month-to-month,electronic-check,yes,no,26.4,0,0,0,14,0,57.06,2230.65,0
C101299,27,2,two-year,,yes,yes,48.2,0,0,4,11,3,91.24,297.36,1
C101300,34,55,month-to-month,electronic-check,yes,no,10.53,0,1,0,14,1,71.28,4007.87,0
C101301,23,29,one-year,bank-transfer,yes,no,17.27,1,1,0,17,1,36.35,1156.04,0
C101302,44,51,two-year,credit-card,no,no,20.45,0,0,1,11,2,75.69,3958.2,0
C101303,48,65,month-to-month,credit-card,no,no,13.81,3,0,1,10,2,50.74,3287.74,1
C101304,32,44,one-year,electronic-check,no,no,21.01,1,0,2,18,2,87.55,3948.79,0
C101305,34,49,month-to-month,electronic-check,yes,no,60.84,1,0,1,24,0,62.41,3125.16,0
C101306,45,18,month-to-month,bank-transfer,yes,no,21.34,0,0,0,15,2,92.43,1727.17,0
C101307,30,17,month-to-month,electronic-check,yes,no,30.53,0,1,2,10,0,74.77,1341.13,0
C101308,30,30,month-to-month,bank-transfer,yes,no,15.54,1,2,0,17,1,55.2,1666.87,1
C101309,53,62,one-year,mailed-check,yes,no,25.91,1,0,0,21,1,68.68,4337.83,0
C101310,50,38,two-year,electronic-check,no,no,28.32,0,0,0,17,0,76.05,2963.49,1
C101311,46,25,month-to-month,mailed-check,no,no,36.71,1,0,2,21,2,80.44,2058.7,0
C101312,50,56,one-year,bank-transfer,yes,no,14.33,0,0,2,12,2,82.5,4686.66,0
C101313,18,62,month-to-month,credit-card,yes,no,17.86,0,0,1,15,0,75.92,4826.08,1
C101314,55,65,month-to-month,mailed-check,yes,yes,39.33,0,2,0,15,0,75.31,4975.19,0
C101315,44,21,one-year,electronic-check,no,no,15.41,1,0,2,6,0,58.6,1279.74,1
C101316,51,51,month-to-month,mailed-check,yes,no,8.22,0,1,3,14,3,95.83,4959.3,1
C101317,44,43,one-year,bank-transfer,yes,yes,13.86,0,0,2,14,0,67.1,2974.35,0
C101318,40,32,month-to-month,bank-transfer,no,no,38.46,1,1,0,8,1,87.54,2918.61,0
C101319,36,28,two-year,credit-card,yes,no,42.47,0,0,1,20,0,59.32,1746.79,1
C101320,43,8,month-to-month,credit-card,yes,no,33.83,0,0,1,14,1,83.24,772.75,0
C101321,35,20,month-to-month,mailed-check,yes,no,47.23,0,0,2,10,3,76.22,1638.37,0
C101322,49,40,one-year,credit-card,yes,no,57.74,0,0,0,12,0,64.79,2645.56,0
C101323,20,64,month-to-month,electronic-check,no,yes,35.09,1,0,2,9,1,77.99,5044.88,1
C101324,33,63,month-to-month,bank-transfer,yes,no,19.08,1,0,2,15,2,81.1,5204.22,0
C101325,64,13,two-year,mailed-check,no,no,6.1,1,1,2,14,0,59.96,844.44,1
C101326,31,49,month-to-month,bank-transfer,yes,no,7.7,1,1,3,13,2,71.08,3546.21,0
C101327,36,6,month-to-month,credit-card,yes,no,11.14,0,0,0,13,1,76.9,541.24,0
C101328,28,49,month-to-month,electronic-check,yes,no,43.57,0,0,0,15,0,64.7,3305.7,0
C101329,43,24,one-year,credit-card,no,no,11.82,1,0,0,16,0,57.9,1460.67,1
C101330,30,32,one-year,credit-card,yes,no,11.73,1,0,1,20,2,84.81,2825.76,0
C101331,37,52,two-year,credit-card,no,no,12.79,1,0,0,8,0,38.64,1998.64,0
C101332,49,31,month-to-month,mailed-check,no,no,20.94,1,0,0,17,2,78.66,2559.69,0
C101333,31,58,month-to-month,credit-card,yes,no,26.41,0,1,2,11,0,36.92,2181.1,0
C101334,48,38,month-to-month,credit-card,yes,no,26.35,0,0,2,16,2,66.57,2602.43,1
C101335,49,72,month-to-month,bank-transfer,no,no,13.12,0,1,3,14,0,60.51,4409.82,0
C101336,52,46,one-year,mailed-check,no,no,41.69,0,0,0,27,2,72.61,3371.76,0
C101337,41,21,month-to-month,credit-card,yes,no,19.79,1,0,1,9,3,66.38,1406.64,0
C101338,78,56,one-year,bank-transfer,no,no,37.84,1,0,1,16,0,35.3,1984.61,0
C101339,52,29,one-year,bank-transfer,yes,no,21.94,2,0,1,13,2,62.94,2011.76,0
C101340,43,38,one-year,credit-card,no,no,12.74,1,0,1,18,2,53.99,2159.73,0
C101341,28,9,month-to-month,electronic-check,yes,no,15.9,0,0,0,13,2,60.82,614.02,0
C101342,38,8,month-to-month,bank-transfer,yes,no,10.63,1,1,3,20,0,48.93,454.62,1
C101343,56,41,two-year,electronic-check,yes,no,5.49,1,0,0,16,2,90.94,3872.46,0
C101344,60,13,one-year,mailed-check,no,no,23.88,1,3,0,13,3,76.55,1079.95,0
C101345,57,72,month-to-month,electronic-check,yes,no,9.28,0,0,1,11,0,29.84,2111.92,0
C101346,48,62,one-year,electronic-check,no,no,6.88,0,0,1,16,2,87.2,5538.73,1
C101347,24,51,two-year,mailed-check,yes,no,36.58,1,0,0,15,0,67.5,3512.17,0
C101348,45,53,month-to-month,electronic-check,yes,no,49.26,1,0,0,16,0,62.33,3374.02,0
C101349,24,43,two-year,electronic-check,yes,no,11.77,0,0,1,5,1,64.43,2834.41,0
C101350,21,4,month-to-month,bank-transfer,no,yes,131.26,1,0,3,16,3,114.39,564.7,1
C101351,42,28,two-year,electronic-check,yes,no,35.84,0,0,0,17,2,74.38,2185.38,1
C101352,45,36,month-to-month,electronic-check,no,no,23.72,0,1,2,19,3,78.19,2898.66,1
C101353,50,66,month-to-month,electronic-check,no,no,3.6,1,1,0,14,1,61.62,4136.65,1
C101354,45,16,month-to-month,electronic-check,no,no,30.18,0,0,0,20,2,80.69,1342.4,0
C101355,45,36,two-year,electronic-check,no,no,8.29,1,0,0,17,1,53.58,2064.33,0
C101356,27,25,two-year,credit-card,no,yes,9.5,0,0,1,14,0,68.94,1839.11,0
C101357,38,9,month-to-month,bank-transfer,yes,no,32.4,0,0,1,16,0,72.59,761.89,0
C101358,21,7,month-to-month,mailed-check,yes,no,70.72,2,0,0,14,0,74.54,652.75,0
C101359,18,26,month-to-month,mailed-check,yes,no,24.5,1,0,1,14,1,65.01,1761.03,0
C101360,48,6,month-to-month,electronic-check,no,no,41.38,2,0,1,16,1,70.83,532.18,1
C101361,30,4,one-year,bank-transfer,yes,no,69.87,0,0,1,16,0,43.29,246.8,0
C101362,49,25,month-to-month,credit-card,yes,no,5.41,0,1,2,17,0,40.29,1053.09,0
C101363,52,14,two-year,electronic-check,yes,no,32.75,1,1,0,10,2,83.93,1257.13,0
C101364,32,40,two-year,electronic-check,no,no,50.37,0,0,1,19,0,69.01,2829.52,0
C101365,46,1,month-to-month,bank-transfer,yes,no,45.23,1,0,0,11,1,46.13,99.83,0
C101366,31,22,month-to-month,electronic-check,no,no,47.93,0,1,0,19,1,49.44,1092.4,0
C101367,18,33,two-year,electronic-check,yes,no,14.36,0,0,2,12,0,44.69,1542.81,0
C101368,40,70,two-year,bank-transfer,yes,no,27.08,2,0,0,15,2,71.71,5133.47,1
C101369,33,46,one-year,bank-transfer,no,no,50.75,0,0,0,19,2,72.61,3393.88,0
C101370,34,64,month-to-month,electronic-check,yes,no,31.93,1,0,1,7,1,51.03,3300.02,1
C101371,63,25,month-to-month,credit-card,yes,no,7.37,1,1,1,10,1,57.91,1482.96,0
C101372,21,32,one-year,electronic-check,no,yes,8.76,0,1,0,17,0,51.57,1690.15,0
C101373,44,30,month-to-month,electronic-check,yes,no,46.15,1,1,0,12,3,97.47,2982.15,0
C101374,27,64,one-year,bank-transfer,yes,yes,1.32,0,1,0,17,2,69.39,4495.25,0
C101375,50,70,one-year,bank-transfer,no,no,33.34,0,1,0,26,3,101.28,7227.39,0
C101376,43,70,month-to-month,bank-transfer,yes,no,37.87,0,0,0,12,2,48.98,3440.73,1
C101377,44,54,month-to-month,bank-transfer,no,yes,29.26,1,0,0,10,1,69.93,3839.75,1
C101378,28,36,month-to-month,bank-transfer,no,no,38.01,1,0,1,13,2,99.96,3724.81,1
C101379,30,39,two-year,credit-card,yes,no,37.77,2,1,2,16,3,80.93,3251.28,1
C101380,50,71,month-to-month,bank-transfer,yes,no,1.98,0,1,0,19,3,72.69,5255.09,0
C101381,60,20,month-to-month,mailed-check,yes,no,3.92,1,0,1,10,0,47.28,1012.34,1
C101382,45,25,two-year,bank-transfer,yes,no,11.91,1,1,2,11,2,52.44,1371.01,0
C101383,28,65,one-year,electronic-check,yes,yes,29.18,2,1,0,24,1,78.26,5126.01,0
C101384,43,28,month-to-month,bank-transfer,no,no,27.01,0,1,2,16,2,67.45,1959.8,0
C101385,68,17,two-year,electronic-check,no,no,8.96,1,1,1,15,0,66.41,1174.07,1
C101386,40,40,month-to-month,mailed-check,no,no,52.54,0,0,0,17,1,70.35,2913.99,0
C101387,57,23,two-year,bank-transfer,no,yes,82.42,2,0,0,17,3,94.6,2248.33,1
C101388,30,65,two-year,bank-transfer,yes,no,37.76,1,0,0,11,1,54.67,3644.05,0
C101389,38,66,month-to-month,electronic-check,yes,no,26.64,1,0,1,20,0,60.71,4071.95,0
C101390,46,22,month-to-month,mailed-check,yes,no,29.52,1,1,3,9,3,79.16,1838.4,1
C101391,44,38,month-to-month,credit-card,yes,no,12.89,0,0,0,16,0,58.06,2287.82,0
C101392,30,71,one-year,credit-card,no,no,7.02,0,3,0,6,3,53.43,3895.74,0
C101393,29,54,one-year,mailed-check,no,no,42.13,0,1,1,14,0,63.83,3543.14,1
C101394,51,15,month-to-month,electronic-check,no,no,37.51,0,0,1,10,1,92.39,1466.77,0
C101395,53,43,two-year,mailed-check,yes,no,42.45,1,0,1,9,0,42.24,1884.75,0
C101396,57,45,month-to-month,mailed-check,yes,no,28.44,0,0,3,9,2,89.92,4153.79,0
C101397,61,47,one-year,electronic-check,yes,no,6.54,2,0,1,10,1,62.05,3012.51,0
C101398,41,1,one-year,credit-card,yes,no,6.11,0,0,1,13,0,42.92,92.65,1
C101399,35,21,month-to-month,mailed-check,yes,no,9.21,1,1,2,16,2,66.7,1523.46,1
C101400,55,62,month-to-month,mailed-check,no,yes,57.47,0,1,0,16,3,99.8,6297.77,0
C101401,48,17,one-year,mailed-check,yes,no,5.6,1,0,0,11,3,77.63,1346.55,0
C101402,27,21,one-year,electronic-check,no,no,19.44,2,1,1,14,0,54.66,1209.57,0
C101403,27,23,month-to-month,mailed-check,no,no,14.07,0,0,1,16,2,53.9,1268.21,0
C101404,45,12,one-year,mailed-check,yes,no,6.32,0,0,0,18,3,92.88,1196.99,0
C101405,37,11,month-to-month,electronic-check,no,no,30.96,1,0,1,11,3,100.22,1203.04,1
C101406,39,25,month-to-month,bank-transfer,no,yes,58.7,1,0,1,11,3,78.64,2065.81,0
C101407,52,63,two-year,mailed-check,no,yes,20.79,2,0,0,11,2,62.05,3961.73,0
C101408,48,0,month-to-month,bank-transfer,yes,no,4.65,0,0,0,16,3,97.5,153.88,0
C101409,55,20,one-year,credit-card,no,no,16.92,2,1,1,4,0,78.34,1651.5,0
C101410,18,4,one-year,mailed-check,yes,no,13.38,0,0,1,17,3,81.48,402.8,0
C101411,42,40,month-to-month,mailed-check,yes,yes,17.02,1,0,0,14,2,89.61,3712.64,0
C101412,47,18,month-to-month,credit-card,yes,no,18.53,0,0,0,23,0,53.45,1029.24,0
C101413,21,57,month-to-month,mailed-check,yes,no,65.19,0,0,1,23,1,61.19,3502.87,0
C101414,31,42,month-to-month,mailed-check,yes,no,29.67,1,0,1,13,0,59.24,2512.38,0
C101415,29,57,one-year,credit-card,no,no,29.42,0,0,0,15,1,57.81,3416.68,0
C101416,39,46,month-to-month,bank-transfer,yes,no,13.16,0,0,0,11,0,50.31,2367.9,0
C101417,59,32,two-year,credit-card,yes,no,41.17,2,0,1,22,0,57.7,1905.74,0
C101418,63,62,month-to-month,mailed-check,no,no,44.75,0,0,0,20,2,91.49,5811.28,0
C101419,29,34,month-to-month,mailed-check,yes,no,33.9,2,0,1,22,2,74.86,2623.18,1
C101420,45,69,two-year,electronic-check,yes,no,31.74,1,1,1,11,1,67.22,4696.51,0
C101421,46,72,month-to-month,electronic-check,yes,no,6.07,0,1,0,21,1,66.42,4852.44,1
C101422,44,42,one-year,mailed-check,yes,no,28.73,1,0,0,18,2,94.36,4048.84,0
C101423,44,49,one-year,electronic-check,yes,no,55.17,1,0,0,16,1,59.29,2964.82,1
C101424,43,18,two-year,mailed-check,no,no,29.74,2,2,1,14,1,70.84,1353.0,0
C101425,59,59,month-to-month,electronic-check,no,no,37.41,1,0,1,13,0,67.35,4059.38,1
C101426,52,49,month-to-month,electronic-check,yes,no,17.07,0,0,0,13,3,68.3,3410.44,0
C101427,26,65,two-year,mailed-check,yes,no,12.29,0,0,0,17,0,70.49,4654.01,0
C101428,49,19,month-to-month,bank-transfer,no,no,8.28,2,0,1,7,1,76.39,1532.48,0
C101429,50,57,one-year,electronic-check,yes,yes,49.29,0,0,2,12,3,90.55,5338.36,0
C101430,43,34,one-year,credit-card,yes,no,19.97,2,0,0,14,1,50.02,1769.54,0
C101431,53,13,one-year,electronic-check,yes,yes,45.06,1,0,1,16,0,51.28,630.27,0
C101432,41,12,one-year,electronic-check,no,no,15.43,2,0,0,10,2,67.4,873.36,0
C101433,41,41,two-year,credit-card,no,no,47.11,1,0,0,14,0,66.51,2751.39,0
C101434,40,23,month-to-month,credit-card,yes,no,23.21,1,1,1,11,2,81.5,1946.7,1
C101435,18,7,one-year,mailed-check,yes,no,16.95,1,1,1,11,0,52.99,415.93,0
C101436,38,31,one-year,mailed-check,no,yes,17.06,1,0,4,18,0,53.03,1643.32,1
C101437,31,47,month-to-month,credit-card,yes,no,40.12,0,0,0,11,0,84.06,4100.54,0
C101438,25,23,two-year,mailed-check,yes,no,29.69,0,0,3,16,0,59.2,1427.3,0
C101439,56,69,month-to-month,electronic-check,no,no,40.3,0,0,0,17,1,71.83,5065.6,0
C101440,45,56,month-to-month,electronic-check,yes,no,54.66,1,0,1,12,2,70.06,3970.99,0
C101441,39,37,two-year,electronic-check,yes,no,18.86,0,2,1,19,2,87.22,3314.41,0
C101442,32,68,two-year,credit-card,no,yes,34.33,1,0,0,11,1,68.31,4740.03,1
C101443,43,31,month-to-month,bank-transfer,no,no,20.89,1,0,1,14,0,58.45,1828.91,1
C101444,51,10,one-year,electronic-check,yes,no,16.0,1,0,0,19,1,65.36,811.09,0
C101445,29,2,month-to-month,electronic-check,yes,no,29.99,0,0,1,15,2,70.1,254.42,0
C101446,39,68,month-to-month,electronic-check,yes,yes,6.01,0,0,2,15,3,75.67,5229.65,0
C101447,49,70,month-to-month,bank-transfer,yes,no,43.22,1,0,0,16,0,57.7,4076.93,0
C101448,18,53,two-year,credit-card,yes,no,27.59,1,1,0,20,0,75.32,4075.97,0
C101449,38,7,month-to-month,mailed-check,yes,no,12.77,1,2,0,13,2,80.42,568.87,1
C101450,34,21,month-to-month,credit-card,yes,yes,28.06,1,1,3,17,0,69.36,1540.2,0
C101451,37,2,one-year,electronic-check,yes,no,4.35,0,0,0,11,1,59.34,231.23,0
C101452,33,3,month-to-month,bank-transfer,yes,no,8.04,0,0,1,11,0,32.99,82.6,0
C101453,41,17,month-to-month,mailed-check,yes,no,8.08,0,0,1,12,1,55.96,988.29,1
C101454,62,41,month-to-month,electronic-check,no,no,7.29,0,0,0,20,1,44.44,1836.37,0
C101455,35,4,one-year,mailed-check,no,no,19.26,0,0,0,26,1,73.05,406.52,0
C101456,43,71,one-year,credit-card,yes,no,27.96,1,1,3,18,1,40.61,2942.76,0
C101457,63,33,one-year,electronic-check,no,yes,102.5,0,0,1,17,1,72.63,2449.98,0
C101458,32,19,month-to-month,mailed-check,yes,yes,47.75,0,1,1,9,3,76.14,1522.98,1
C101459,61,37,month-to-month,credit-card,no,no,3.19,0,1,2,15,3,77.24,2941.79,1
C101460,39,57,one-year,credit-card,yes,no,66.32,1,0,0,24,0,69.4,3985.14,0
C101461,60,22,month-to-month,mailed-check,no,yes,,1,0,0,13,1,59.49,,0
C101462,48,3,month-to-month,electronic-check,no,no,32.55,0,0,1,17,1,67.5,253.88,0
C101463,43,3,month-to-month,credit-card,yes,yes,19.7,2,1,0,17,1,62.07,218.1,0
C101464,38,62,month-to-month,electronic-check,no,no,69.14,0,0,1,14,0,54.42,3424.97,0
C101465,32,8,month-to-month,electronic-check,no,no,45.05,2,0,2,19,1,54.15,459.98,1
C101466,40,46,two-year,electronic-check,no,no,62.66,0,0,1,16,0,38.77,1828.22,0
C101467,50,28,month-to-month,mailed-check,yes,no,33.83,1,0,1,8,0,61.63,1785.67,1
C101468,39,56,one-year,bank-transfer,yes,no,15.37,0,0,0,14,1,68.5,3927.11,0
C101469,35,4,month-to-month,credit-card,no,yes,37.37,0,1,2,20,2,87.37,447.16,0
C101470,36,65,one-year,,yes,no,54.68,0,1,1,10,0,63.13,4100.35,1
C101471,51,50,one-year,credit-card,yes,no,11.2,0,0,2,15,2,66.39,3370.91,1
C101472,54,32,two-year,bank-transfer,yes,no,30.88,0,0,0,16,1,62.49,2080.26,0
C101473,31,15,month-to-month,bank-transfer,yes,no,41.66,0,0,0,17,0,64.39,,0
C101474,31,71,one-year,electronic-check,no,no,14.24,0,2,1,15,1,80.09,5808.26,0
C101475,44,22,month-to-month,electronic-check,no,no,17.15,1,0,1,14,1,63.54,1507.5,0
C101476,57,35,one-year,bank-transfer,no,yes,21.03,1,0,0,16,1,78.17,2819.17,0
C101477,53,28,two-year,bank-transfer,no,no,31.1,0,0,1,15,1,64.33,1905.72,0
C101478,24,16,one-year,electronic-check,no,no,23.24,2,0,0,16,1,57.19,1038.65,0
C101479,36,30,one-year,mailed-check,no,no,25.04,1,0,0,18,0,48.86,1544.82,0
C101480,28,11,two-year,mailed-check,yes,yes,74.05,0,1,0,16,1,62.15,757.75,0
C101481,36,0,two-year,mailed-check,no,no,22.57,0,0,0,15,0,56.23,76.58,0
C101482,58,21,month-to-month,electronic-check,no,no,59.63,0,1,1,10,0,72.39,1526.7,0
C101483,22,8,month-to-month,electronic-check,no,no,95.85,1,1,0,15,0,83.43,735.79,0
C101484,20,30,one-year,electronic-check,no,no,12.1,3,0,0,18,3,83.64,2502.38,1
C101485,29,62,two-year,credit-card,yes,no,45.88,0,0,1,9,0,41.19,2592.96,0
C101486,42,11,month-to-month,credit-card,yes,no,16.2,0,1,2,21,0,48.9,557.05,0
C101487,46,0,month-to-month,electronic-check,no,no,44.49,1,1,2,18,2,72.83,17.15,0
C101488,44,8,month-to-month,electronic-check,no,no,15.75,1,0,2,14,1,68.19,630.0,1
C101489,53,37,month-to-month,mailed-check,yes,no,2.77,1,0,1,18,3,58.17,2186.29,0
C101490,18,20,month-to-month,electronic-check,yes,no,40.0,1,0,1,13,0,70.1,1466.65,0
C101491,53,35,month-to-month,credit-card,yes,no,25.61,0,0,0,15,1,55.04,1996.17,1
C101492,35,2,month-to-month,mailed-check,yes,yes,56.12,2,0,0,14,0,62.07,134.44,0
C101493,48,24,one-year,credit-card,yes,no,15.56,2,0,2,16,1,60.47,1537.11,0
C101494,23,29,month-to-month,electronic-check,yes,no,22.39,0,0,0,15,2,58.38,1753.35,0
C101495,39,31,month-to-month,credit-card,yes,no,14.92,2,0,1,16,2,88.85,2861.11,1
C101496,42,40,month-to-month,bank-transfer,yes,no,7.8,0,1,0,18,1,60.14,2438.85,0
C101497,53,56,month-to-month,bank-transfer,no,no,30.25,1,1,2,11,0,45.38,2624.32,0
C101498,20,34,month-to-month,credit-card,yes,no,22.48,0,0,0,12,3,101.58,3556.11,0
C101499,39,61,month-to-month,mailed-check,no,no,4.16,0,0,1,13,0,65.83,4087.97,1
C101500,26,38,month-to-month,electronic-check,yes,no,57.41,0,0,1,16,1,63.74,2472.16,1
C101501,45,19,one-year,mailed-check,yes,no,24.67,1,0,0,16,0,58.71,1123.58,0
C101502,48,16,month-to-month,credit-card,yes,no,14.56,1,0,1,6,1,77.49,1320.04,1
C101503,54,23,month-to-month,credit-card,yes,yes,40.39,0,0,0,14,0,54.92,1339.64,0
C101504,33,43,month-to-month,mailed-check,yes,no,48.67,1,0,1,13,0,54.99,2413.34,0
C101505,50,17,month-to-month,bank-transfer,yes,no,8.59,0,0,0,17,2,79.06,1390.1,0
C101506,55,66,month-to-month,electronic-check,yes,no,7.38,1,0,5,18,0,53.68,3582.41,0
C101507,19,35,month-to-month,electronic-check,no,no,17.17,0,0,0,9,0,46.78,1703.38,0
C101508,46,63,month-to-month,bank-transfer,yes,no,31.71,1,0,3,13,0,56.88,3669.52,0
C101509,51,49,month-to-month,mailed-check,yes,no,64.18,0,2,0,16,2,61.08,3086.94,0
C101510,36,24,two-year,electronic-check,no,no,1.21,1,0,1,13,1,61.57,1574.19,0
C101511,24,16,month-to-month,bank-transfer,yes,no,,1,0,0,14,2,95.52,1586.93,0
C101512,50,54,month-to-month,mailed-check,yes,no,26.57,1,1,1,16,1,51.97,2873.46,0
C101513,25,24,month-to-month,mailed-check,yes,no,54.57,1,1,1,16,1,66.0,1657.27,0
C101514,37,18,month-to-month,electronic-check,no,no,52.02,2,0,1,13,1,70.4,1325.77,1
C101515,39,67,one-year,electronic-check,yes,no,22.5,1,1,0,15,2,74.83,5025.82,0
C101516,48,35,month-to-month,bank-transfer,no,no,16.86,0,0,0,15,0,72.75,2604.86,1
C101517,31,3,month-to-month,credit-card,yes,no,33.32,0,0,0,12,0,57.71,292.54,0
C101518,31,36,two-year,electronic-check,yes,no,27.08,1,2,2,23,0,61.33,2281.4,1
C101519,40,33,month-to-month,credit-card,no,no,13.88,1,0,1,16,1,81.67,2770.1,0
C101520,51,63,month-to-month,credit-card,no,no,22.53,0,0,0,11,0,62.58,3974.51,0
C101521,66,51,one-year,credit-card,no,no,18.23,0,0,0,17,0,55.92,2930.72,0
C101522,21,13,two-year,bank-transfer,no,no,24.15,1,0,2,9,2,71.06,1052.29,0
C101523,43,10,month-to-month,mailed-check,yes,no,48.6,0,0,0,14,0,56.12,638.41,0
C101524,26,44,one-year,credit-card,no,no,18.12,0,0,2,11,0,60.24,2669.03,1
C101525,51,3,month-to-month,mailed-check,yes,no,29.11,0,0,2,25,1,57.34,195.8,1
C101526,28,23,one-year,electronic-check,yes,yes,22.21,1,0,0,16,2,82.63,1942.88,0
C101527,31,10,month-to-month,mailed-check,yes,no,22.01,3,1,0,19,0,83.98,997.8,0
C101528,32,1,one-year,mailed-check,yes,no,19.6,0,1,1,11,1,66.82,143.01,0
C101529,38,67,month-to-month,mailed-check,no,no,34.01,0,1,1,12,0,36.54,2509.99,0
C101530,43,6,month-to-month,credit-card,no,no,1.75,0,0,2,11,0,64.46,464.28,0
C101531,45,0,month-to-month,mailed-check,no,no,34.4,1,1,1,10,0,58.39,73.58,0
C101532,39,68,one-year,electronic-check,yes,no,27.75,0,0,1,15,2,76.76,5270.84,0
C101533,23,13,one-year,credit-card,yes,yes,26.43,1,1,1,13,0,56.23,752.44,0
C101534,48,59,two-year,electronic-check,yes,no,37.93,1,0,2,14,0,68.72,4082.53,0
C101535,38,2,two-year,electronic-check,yes,no,4.73,0,0,0,14,1,59.45,177.78,0
C101536,53,11,month-to-month,credit-card,yes,no,47.52,0,0,0,11,3,87.13,1028.65,0
C101537,31,8,one-year,credit-card,yes,no,19.13,2,2,2,16,1,70.68,617.92,0
C101538,20,51,month-to-month,bank-transfer,no,no,18.28,1,0,0,7,1,72.84,3791.58,0
C101539,39,45,two-year,mailed-check,yes,no,11.43,0,0,0,12,2,83.47,3781.91,0
C101540,55,34,one-year,mailed-check,no,no,12.74,1,1,2,14,1,75.54,2601.11,1
C101541,41,17,month-to-month,credit-card,yes,no,4.54,1,0,1,13,2,61.8,1151.39,0
C101542,37,6,month-to-month,credit-card,yes,yes,24.86,1,2,0,14,0,66.12,510.29,0
C101543,29,41,one-year,electronic-check,no,yes,15.46,0,0,1,10,0,58.19,2498.48,0
C101544,60,16,two-year,credit-card,yes,no,42.41,0,0,0,13,1,62.37,1050.32,0
C101545,27,43,two-year,bank-transfer,yes,no,30.21,2,0,0,15,0,60.26,2648.76,1
C101546,30,50,month-to-month,electronic-check,no,no,27.12,0,0,0,15,0,59.54,3075.42,0
C101547,46,62,month-to-month,electronic-check,yes,no,16.81,1,1,3,12,1,63.7,3958.14,1
C101548,18,36,two-year,electronic-check,yes,no,20.35,0,1,0,22,0,35.12,,0
C101549,54,0,one-year,credit-card,yes,no,62.77,0,0,1,20,1,71.49,86.39,1
C101550,46,20,month-to-month,mailed-check,no,no,16.62,0,1,0,17,2,72.97,1522.71,0
C101551,50,62,one-year,bank-transfer,yes,yes,1.44,1,0,2,18,0,59.26,3771.46,0
C101552,46,38,one-year,electronic-check,no,no,19.67,0,1,0,10,1,65.29,2549.93,0
C101553,37,45,one-year,credit-card,no,yes,10.17,0,0,0,13,1,89.71,4083.75,0
C101554,26,33,one-year,mailed-check,yes,yes,18.45,0,0,1,16,0,53.74,1813.17,0
C101555,37,11,two-year,credit-card,yes,no,23.91,1,0,0,17,1,45.76,517.72,0
C101556,27,65,two-year,mailed-check,no,no,10.32,2,1,0,16,0,54.45,3630.68,1
C101557,45,56,month-to-month,credit-card,yes,no,4.19,1,0,1,13,1,58.46,3360.26,0
C101558,49,72,month-to-month,bank-transfer,no,no,19.97,0,1,0,16,1,69.69,5113.62,0
C101559,57,62,one-year,mailed-check,no,no,57.2,1,0,0,18,2,72.34,4583.55,0
C101560,43,21,one-year,credit-card,no,no,23.0,3,0,0,18,0,63.99,1439.48,1
C101561,50,18,month-to-month,mailed-check,yes,no,28.35,1,0,2,13,2,75.55,1516.75,1
C101562,35,18,two-year,credit-card,yes,no,17.72,0,0,1,9,0,60.32,1137.27,0
C101563,33,67,month-to-month,electronic-check,no,yes,32.0,0,0,0,10,1,83.67,5690.24,0
C101564,45,40,month-to-month,bank-transfer,yes,no,38.29,1,1,1,15,1,66.12,2711.47,0
C101565,34,33,two-year,credit-card,yes,no,50.26,1,0,3,15,0,42.02,1438.44,0
C101566,42,70,two-year,credit-card,yes,no,60.4,1,0,0,23,3,88.27,6279.02,0
C101567,26,44,month-to-month,mailed-check,yes,yes,29.66,0,0,0,17,1,48.03,2215.68,1
C101568,28,66,month-to-month,mailed-check,no,no,51.23,1,0,0,15,3,72.71,4925.21,0
C101569,47,71,month-to-month,credit-card,no,no,42.57,1,0,1,10,1,22.49,1628.04,0
C101570,50,5,month-to-month,electronic-check,yes,no,32.56,0,0,1,15,3,86.14,548.22,0
C101571,27,26,month-to-month,credit-card,yes,no,22.63,1,0,1,19,3,67.68,1775.5,0
C101572,47,53,month-to-month,electronic-check,yes,no,3.01,0,0,0,11,0,63.84,3468.64,0
C101573,33,59,month-to-month,electronic-check,yes,no,84.07,1,1,1,20,0,52.35,3208.15,0
C101574,39,10,one-year,credit-card,no,no,25.13,1,2,2,14,3,81.96,793.38,1
C101575,56,23,one-year,mailed-check,no,no,16.32,1,0,0,15,0,75.5,1841.76,0
C101576,49,40,one-year,mailed-check,yes,no,16.37,0,1,1,16,1,61.19,2543.37,1
C101577,49,58,month-to-month,electronic-check,no,no,37.92,1,0,0,14,0,45.61,2687.84,1
C101578,62,8,month-to-month,credit-card,yes,no,8.22,0,1,2,18,2,63.86,602.17,0
C101579,31,43,month-to-month,bank-transfer,yes,yes,57.09,0,2,0,11,0,43.5,1901.7,1
C101580,27,21,two-year,credit-card,no,no,29.38,0,0,2,20,1,74.99,1713.94,1
C101581,30,15,month-to-month,electronic-check,yes,no,13.67,2,1,2,11,1,72.13,1191.21,1
C101582,36,37,one-year,mailed-check,yes,yes,34.45,0,0,2,11,1,60.94,2330.66,0
C101583,18,30,month-to-month,electronic-check,no,no,40.19,1,0,0,10,1,75.78,2304.72,0
C101584,37,46,two-year,mailed-check,yes,no,13.2,0,1,2,6,0,62.97,2937.2,0
C101585,32,23,month-to-month,,yes,no,33.62,2,1,2,16,0,53.7,1213.43,1
C101586,48,60,month-to-month,electronic-check,no,no,17.87,0,0,1,9,0,59.0,3599.68,0
C101587,43,5,two-year,mailed-check,yes,no,18.14,1,0,0,18,2,65.85,408.52,0
C101588,32,62,month-to-month,bank-transfer,yes,yes,19.66,0,0,0,15,1,56.9,3576.9,0
C101589,46,2,one-year,mailed-check,yes,no,1.72,1,0,0,10,1,35.73,98.62,0
C101590,48,53,month-to-month,mailed-check,no,no,47.64,0,0,1,14,1,64.48,3469.83,0
C101591,30,25,two-year,mailed-check,yes,no,18.45,2,1,1,12,0,55.91,1425.51,1
C101592,33,27,one-year,mailed-check,no,no,17.94,1,0,5,13,1,53.21,1482.12,0
C101593,18,1,month-to-month,credit-card,yes,no,52.08,1,0,1,18,1,76.39,163.9,0
C101594,26,51,two-year,credit-card,no,no,31.25,0,1,1,11,2,73.56,3767.28,0
C101595,30,12,one-year,credit-card,no,no,12.0,1,0,2,12,2,77.58,1063.46,1
C101596,40,48,one-year,electronic-check,no,no,28.31,0,0,1,13,1,67.21,3281.32,0
C101597,28,52,month-to-month,mailed-check,no,yes,32.0,0,2,0,13,0,55.39,2913.92,0
C101598,33,61,month-to-month,credit-card,yes,no,20.44,0,2,1,9,1,58.12,3635.95,0
C101599,24,51,one-year,credit-card,yes,no,70.01,2,0,0,15,1,58.8,3099.65,0
C101600,41,22,month-to-month,mailed-check,yes,no,19.79,0,0,0,18,3,58.96,1420.4,0
C101601,44,53,two-year,mailed-check,yes,no,23.2,2,1,1,24,1,82.46,4502.74,0
C101602,44,60,month-to-month,bank-transfer,yes,no,23.89,1,0,2,17,0,60.07,3619.4,1
C101603,39,23,one-year,credit-card,no,no,38.42,0,0,0,15,1,53.6,1302.36,0
C101604,21,9,month-to-month,mailed-check,yes,no,11.01,0,0,0,15,1,68.44,719.43,0
C101605,32,64,one-year,,no,no,41.87,0,0,0,22,1,50.17,3292.26,0
C101606,34,10,month-to-month,credit-card,no,yes,89.42,2,0,0,15,1,74.71,771.48,0
C101607,34,43,month-to-month,bank-transfer,yes,no,6.55,0,0,0,12,1,69.17,3018.84,0
C101608,40,17,month-to-month,electronic-check,yes,no,11.67,2,1,1,19,1,56.26,990.66,0
C101609,56,9,one-year,electronic-check,yes,no,5.64,0,0,1,7,3,57.98,609.16,0
C101610,49,56,month-to-month,bank-transfer,yes,no,2.51,1,0,2,13,1,56.33,3195.84,0
C101611,27,10,one-year,bank-transfer,yes,no,11.39,1,0,0,7,1,65.5,742.49,1
C101612,47,48,month-to-month,credit-card,yes,yes,12.06,0,0,0,15,2,51.68,2528.24,0
C101613,47,50,one-year,electronic-check,no,yes,40.34,1,1,0,12,2,61.93,3188.42,0
C101614,29,4,one-year,electronic-check,yes,no,51.17,0,0,0,11,0,73.39,378.18,0
C101615,49,12,month-to-month,bank-transfer,yes,no,28.16,0,0,2,14,1,61.26,811.77,0
C101616,37,57,month-to-month,electronic-check,yes,no,47.08,0,0,0,13,0,89.22,5112.52,0
C101617,22,37,month-to-month,mailed-check,yes,no,37.98,0,0,1,14,1,72.93,2743.71,1
C101618,44,8,one-year,mailed-check,yes,no,14.3,1,0,0,15,1,59.4,562.58,0
C101619,42,72,two-year,electronic-check,no,no,30.68,0,0,0,23,1,57.21,4169.27,0
C101620,36,19,month-to-month,credit-card,no,no,10.18,0,0,1,17,1,47.73,920.72,0
C101621,39,0,one-year,electronic-check,yes,no,23.2,1,0,1,11,1,64.45,16.79,0
C101622,30,67,one-year,credit-card,no,yes,27.01,2,0,0,14,3,69.71,4681.9,0
C101623,46,1,one-year,bank-transfer,no,no,35.01,0,1,1,14,3,70.56,159.41,0
C101624,38,40,month-to-month,mailed-check,yes,no,65.16,1,0,1,19,3,94.72,3956.3,0
C101625,41,72,two-year,credit-card,no,no,7.77,3,1,0,7,1,57.87,4166.92,1
C101626,43,42,month-to-month,electronic-check,no,no,22.75,0,1,1,21,2,77.84,3363.76,0
C101627,25,42,two-year,credit-card,yes,no,57.62,0,1,0,13,0,61.5,2636.32,0
C101628,28,28,month-to-month,electronic-check,yes,no,13.41,0,0,1,19,0,48.44,1402.2,0
C101629,18,9,two-year,credit-card,no,no,10.59,1,0,0,11,0,58.16,591.76,0
C101630,46,41,two-year,electronic-check,yes,no,37.44,1,0,1,15,0,29.53,1189.36,0
C101631,24,65,two-year,bank-transfer,yes,no,33.57,0,0,0,9,0,61.45,4060.81,0
C101632,41,6,month-to-month,electronic-check,no,yes,5.69,2,0,1,9,1,69.08,547.59,1
C101633,43,64,two-year,mailed-check,no,yes,15.14,1,0,0,18,1,37.79,2468.68,0
C101634,46,30,month-to-month,electronic-check,no,no,9.15,2,0,1,10,1,38.77,1209.0,0
C101635,25,39,one-year,electronic-check,yes,no,9.18,0,0,0,10,2,66.91,2683.97,1
C101636,38,12,month-to-month,electronic-check,yes,no,31.89,0,0,2,20,3,75.15,973.68,0
C101637,59,45,one-year,electronic-check,no,no,31.84,2,1,0,11,1,60.28,2803.41,1
C101638,60,13,month-to-month,bank-transfer,no,no,22.84,1,1,1,10,3,77.03,1122.62,0
C101639,51,19,month-to-month,mailed-check,no,yes,7.67,1,0,1,20,0,73.71,1467.28,1
C101640,43,52,month-to-month,electronic-check,yes,no,9.45,0,1,0,14,1,59.63,3112.83,0
C101641,27,3,month-to-month,credit-card,no,no,30.01,0,2,1,13,2,71.4,322.39,0
C101642,48,32,month-to-month,bank-transfer,yes,no,6.37,0,0,0,15,3,75.14,,1
C101643,37,43,two-year,electronic-check,yes,no,4.03,1,1,0,15,3,87.45,3842.62,0
C101644,46,9,one-year,mailed-check,no,yes,16.09,1,0,0,16,2,67.81,714.09,1
C101645,31,21,one-year,mailed-check,yes,yes,22.92,2,0,2,16,0,40.45,885.64,0
C101646,37,25,two-year,bank-transfer,no,no,4.72,1,1,0,8,2,63.64,1696.6,0
C101647,41,48,month-to-month,credit-card,yes,no,30.94,1,0,0,10,0,61.29,3051.11,0
C101648,42,71,month-to-month,bank-transfer,no,no,21.06,1,0,1,12,2,59.18,4302.8,0
C101649,45,61,month-to-month,credit-card,yes,no,8.68,0,0,3,14,0,56.34,3511.48,0
C101650,32,13,month-to-month,bank-transfer,yes,no,24.49,0,0,1,9,2,78.58,1103.6,0
C101651,23,1,one-year,credit-card,no,no,3.07,2,0,0,10,2,78.89,146.36,1
C101652,58,3,one-year,bank-transfer,no,yes,17.13,1,0,2,15,0,64.78,225.93,0
C101653,69,43,one-year,bank-transfer,no,no,17.72,3,0,1,18,0,80.34,3583.19,0
C101654,44,11,one-year,bank-transfer,yes,no,23.13,2,0,1,17,2,64.38,777.48,0
C101655,23,16,month-to-month,bank-transfer,no,no,25.22,1,0,1,17,1,58.75,982.54,0
C101656,30,61,one-year,electronic-check,yes,no,38.71,0,1,1,11,0,56.5,3525.88,0
C101657,45,63,month-to-month,electronic-check,yes,no,22.15,1,0,0,13,1,54.76,3557.69,0
C101658,55,61,two-year,electronic-check,yes,yes,6.14,1,1,0,12,0,69.27,4302.65,0
C101659,24,18,month-to-month,electronic-check,yes,no,10.62,1,0,1,16,2,85.45,1661.77,1
C101660,38,45,month-to-month,credit-card,yes,no,105.84,0,0,0,20,2,105.35,4888.59,0
C101661,41,44,month-to-month,bank-transfer,yes,no,4.69,0,0,0,17,0,53.46,2411.79,0
C101662,49,13,month-to-month,electronic-check,yes,no,77.44,1,1,1,11,1,57.53,798.14,1
C101663,35,40,month-to-month,mailed-check,no,no,70.15,0,0,1,19,2,70.99,2945.84,0
C101664,20,38,month-to-month,electronic-check,yes,no,6.02,2,0,1,11,0,43.64,1714.39,1
C101665,46,28,one-year,credit-card,no,no,43.55,1,1,0,24,3,92.54,2694.99,0
C101666,52,54,two-year,credit-card,no,no,30.61,1,0,1,20,0,65.78,3617.64,0
C101667,38,49,month-to-month,electronic-check,yes,no,48.95,1,0,0,18,3,99.85,5003.29,1
C101668,44,38,month-to-month,mailed-check,no,no,11.02,1,1,0,9,0,80.64,3130.67,1
C101669,33,52,two-year,credit-card,yes,no,30.7,0,0,0,13,0,56.94,3003.13,0
C101670,29,55,month-to-month,bank-transfer,yes,no,13.21,2,1,0,22,1,56.74,3255.89,1
C101671,51,41,two-year,credit-card,no,no,8.82,0,0,1,14,0,54.92,2306.05,1
C101672,44,19,month-to-month,mailed-check,yes,no,24.28,0,0,1,15,2,59.27,1213.26,0
C101673,45,55,month-to-month,electronic-check,yes,no,37.8,1,0,1,21,2,57.05,3185.08,0
C101674,57,52,month-to-month,bank-transfer,no,no,35.43,0,0,0,22,0,57.22,3081.87,0
C101675,26,71,month-to-month,electronic-check,no,no,45.69,0,0,1,19,0,63.6,4593.65,0
C101676,32,10,one-year,credit-card,yes,no,11.77,2,0,1,12,1,53.62,586.26,1
C101677,41,30,two-year,bank-transfer,yes,yes,69.83,0,0,0,23,3,71.46,2151.28,0
C101678,32,67,month-to-month,electronic-check,no,no,23.77,3,0,2,14,2,89.52,6067.73,1
C101679,48,37,two-year,mailed-check,no,no,8.39,0,0,0,17,1,53.63,2067.45,0
C101680,37,68,month-to-month,credit-card,no,no,43.4,2,0,0,18,0,59.33,4018.71,0
C101681,27,0,month-to-month,credit-card,no,no,21.41,2,0,0,19,2,87.41,58.13,1
C101682,40,2,two-year,mailed-check,yes,no,14.63,0,0,1,11,0,65.54,85.97,0
C101683,41,58,two-year,credit-card,yes,no,21.52,0,0,2,13,2,79.49,4612.05,0
C101684,50,26,month-to-month,electronic-check,no,yes,3.88,1,0,0,16,0,68.24,1852.44,0
C101685,44,37,month-to-month,credit-card,no,no,60.79,1,0,0,20,2,81.84,3066.01,0
C101686,45,31,month-to-month,bank-transfer,yes,no,33.26,0,2,0,14,0,43.66,,1
C101687,43,29,month-to-month,electronic-check,no,no,23.8,0,1,1,15,1,94.21,2865.48,1
C101688,37,68,one-year,bank-transfer,yes,no,17.94,1,0,1,13,2,85.42,5884.74,0
C101689,30,6,month-to-month,bank-transfer,yes,no,47.22,1,0,0,18,0,63.48,443.86,0
C101690,42,56,one-year,bank-transfer,no,no,63.13,0,0,1,17,3,91.58,5198.08,0
C101691,35,64,month-to-month,electronic-check,yes,yes,7.52,0,0,1,17,0,34.98,2283.79,1
C101692,59,47,month-to-month,bank-transfer,yes,no,23.78,0,0,1,10,1,55.31,2655.11,1
C101693,55,28,month-to-month,credit-card,yes,no,29.29,1,0,1,19,2,87.81,2503.04,0
C101694,47,11,month-to-month,electronic-check,yes,no,46.93,1,0,1,17,3,57.19,670.29,0
C101695,44,49,one-year,electronic-check,no,no,36.77,1,1,1,19,3,81.65,4129.16,0
C101696,38,34,two-year,credit-card,yes,yes,30.67,3,0,0,16,3,90.64,3219.17,0
C101697,24,10,two-year,bank-transfer,yes,yes,22.15,1,0,0,14,2,69.27,766.73,0
C101698,36,26,one-year,mailed-check,no,no,6.67,2,0,0,13,0,79.64,2054.66,0
C101699,40,70,month-to-month,credit-card,no,no,25.03,2,0,0,16,0,38.01,2730.11,0
C101700,42,19,two-year,electronic-check,no,yes,18.56,1,0,0,14,1,54.0,1034.01,0
C101701,45,13,two-year,credit-card,no,no,7.47,0,1,1,8,1,71.52,981.48,1
C101702,50,49,two-year,mailed-check,no,no,63.24,1,0,0,15,1,68.99,3451.21,0
C101703,31,14,month-to-month,electronic-check,no,no,23.5,0,0,0,13,0,57.58,916.96,0
C101704,31,67,month-to-month,credit-card,yes,no,36.08,1,1,1,10,0,60.38,4097.11,1
C101705,56,62,one-year,credit-card,yes,no,19.23,1,0,1,17,1,56.38,3574.01,0
C101706,48,71,month-to-month,electronic-check,yes,no,9.7,1,0,2,19,1,60.22,4276.37,0
C101707,34,66,month-to-month,credit-card,no,no,37.92,1,2,2,15,1,53.34,,0
C101708,38,17,month-to-month,credit-card,no,no,66.07,0,0,0,15,0,63.72,1182.69,0
C101709,38,15,one-year,credit-card,no,no,46.47,0,1,1,12,1,45.35,711.92,0
C101710,39,25,month-to-month,electronic-check,no,no,31.61,0,1,0,14,0,40.47,1047.22,1
C101711,45,34,one-year,electronic-check,no,no,18.75,2,0,0,16,0,66.63,2383.3,0
C101712,69,64,one-year,bank-transfer,yes,no,27.47,1,0,1,19,0,49.53,3206.68,0
C101713,41,53,month-to-month,credit-card,yes,no,37.1,2,1,0,18,0,86.14,4667.06,0
C101714,47,47,month-to-month,electronic-check,yes,no,17.51,2,0,1,9,1,54.53,2589.59,1
C101715,19,64,two-year,mailed-check,yes,no,36.75,0,1,0,13,0,51.68,,0
C101716,33,47,month-to-month,electronic-check,no,no,19.89,1,0,2,15,1,80.08,3806.92,1
C101717,54,27,month-to-month,mailed-check,yes,no,2.81,0,0,1,15,0,66.9,1818.8,1
C101718,44,30,month-to-month,bank-transfer,yes,yes,10.19,1,0,2,8,1,64.37,1978.92,1
C101719,18,37,month-to-month,electronic-check,no,no,20.69,0,1,0,23,0,55.12,2136.3,0
C101720,47,6,one-year,bank-transfer,yes,no,25.0,1,0,0,17,1,77.16,549.38,1
C101721,62,54,month-to-month,bank-transfer,yes,yes,43.4,1,0,1,20,0,60.02,3327.79,0
C101722,18,47,two-year,mailed-check,yes,no,28.69,2,0,0,15,1,58.24,2756.45,0
C101723,57,53,month-to-month,credit-card,yes,yes,5.05,2,0,1,19,0,53.09,2940.88,0
C101724,18,38,two-year,electronic-check,no,yes,37.08,0,0,2,11,0,80.89,3188.35,0
C101725,50,57,one-year,electronic-check,yes,no,18.05,3,0,1,22,3,89.23,5140.76,0
C101726,39,69,month-to-month,mailed-check,yes,no,6.61,0,2,0,12,1,62.84,4382.44,0
C101727,18,41,one-year,mailed-check,yes,no,36.85,1,0,0,8,2,71.13,2933.62,0
C101728,44,32,month-to-month,electronic-check,yes,no,40.89,0,1,1,14,0,58.18,1862.16,0
C101729,53,7,two-year,credit-card,yes,no,26.02,1,1,0,13,1,52.47,433.62,0
C101730,43,56,one-year,electronic-check,yes,no,29.71,3,1,0,14,1,84.21,4721.3,0
C101731,46,65,month-to-month,electronic-check,no,no,25.4,1,0,0,18,3,89.15,5888.48,0
C101732,34,51,month-to-month,credit-card,yes,yes,36.03,1,0,1,17,1,70.6,3645.64,0
C101733,18,63,two-year,credit-card,no,no,20.3,1,0,1,17,0,75.97,4880.7,0
C101734,47,62,one-year,mailed-check,no,no,2.5,1,0,1,15,0,51.2,3229.54,0
C101735,60,58,month-to-month,electronic-check,yes,no,10.33,3,1,0,15,0,60.5,3519.84,1
C101736,53,36,month-to-month,mailed-check,yes,no,12.13,1,0,1,11,1,49.69,1829.56,0
C101737,18,7,month-to-month,electronic-check,no,no,18.14,0,0,0,14,1,50.28,406.76,1
C101738,21,0,one-year,mailed-check,yes,no,19.69,2,0,1,16,3,77.35,79.73,0
C101739,29,14,one-year,bank-transfer,no,no,59.15,1,0,1,16,2,69.22,1034.71,1
C101740,20,31,two-year,mailed-check,yes,no,23.23,0,0,1,18,0,65.63,2143.15,0
C101741,40,54,one-year,mailed-check,yes,yes,29.69,1,0,0,10,3,72.67,4035.1,1
C101742,44,33,one-year,bank-transfer,no,no,20.89,0,0,1,13,2,71.03,2375.43,0
C101743,22,1,month-to-month,electronic-check,no,no,25.43,1,1,1,8,0,49.26,49.22,1
C101744,48,15,one-year,electronic-check,yes,no,29.46,0,0,1,18,3,100.65,1564.67,0
C101745,46,71,month-to-month,credit-card,no,no,46.6,0,0,3,10,1,64.73,4652.75,0
C101746,32,72,two-year,electronic-check,yes,no,45.88,1,2,0,17,1,59.04,4316.67,0
C101747,37,27,month-to-month,electronic-check,yes,no,6.39,0,1,0,11,0,45.17,1327.64,0
C101748,18,58,one-year,electronic-check,no,no,12.52,0,0,1,9,2,62.1,3632.31,0
C101749,35,52,two-year,bank-transfer,yes,yes,18.03,1,0,0,12,0,64.56,3421.57,1
C101750,39,67,one-year,bank-transfer,yes,no,43.48,0,0,3,17,1,63.66,4320.31,0
C101751,41,64,month-to-month,mailed-check,yes,no,27.55,1,0,4,13,3,125.57,8178.05,1
C101752,44,45,one-year,mailed-check,no,no,19.62,1,0,2,14,2,74.51,3425.01,0
C101753,42,28,month-to-month,mailed-check,yes,no,8.09,2,0,3,12,1,47.85,1357.34,1
C101754,36,45,month-to-month,electronic-check,no,no,38.14,1,1,1,20,1,65.66,3024.91,0
C101755,42,23,one-year,credit-card,no,no,48.01,2,0,3,20,1,91.62,2258.69,0
C101756,51,25,two-year,credit-card,no,no,10.76,0,0,4,17,1,68.17,1769.89,1
C101757,38,44,month-to-month,mailed-check,yes,no,4.87,0,0,0,9,0,54.46,2508.84,0
C101758,43,41,two-year,mailed-check,yes,no,,1,0,2,16,2,65.71,2756.01,0
C101759,37,42,month-to-month,credit-card,no,no,22.27,1,0,0,17,0,52.55,2301.24,0
C101760,31,28,two-year,electronic-check,yes,no,57.14,0,2,0,19,0,72.9,2093.67,0
C101761,45,29,one-year,electronic-check,yes,no,14.36,0,0,0,17,0,45.9,1393.88,0
C101762,32,0,two-year,credit-card,yes,no,12.43,1,0,0,20,1,62.82,102.51,1
C101763,44,43,two-year,electronic-check,no,no,12.03,0,0,1,16,0,57.53,2560.78,0
C101764,39,42,two-year,electronic-check,no,no,8.64,1,1,1,10,3,82.35,3603.19,0
C101765,35,68,one-year,mailed-check,yes,no,19.99,2,0,0,11,1,60.96,4304.24,0
C101766,35,36,month-to-month,bank-transfer,yes,no,39.71,1,1,0,19,3,61.87,2236.81,0
C101767,33,34,month-to-month,bank-transfer,no,no,40.87,0,0,0,9,0,60.08,2062.43,0
C101768,19,4,one-year,electronic-check,yes,yes,9.01,1,0,1,14,0,52.28,210.93,0
C101769,44,14,month-to-month,bank-transfer,no,no,44.72,1,0,1,19,2,92.14,1449.69,1
C101770,42,24,two-year,electronic-check,yes,no,23.49,0,0,0,6,2,69.79,1723.49,1
C101771,49,27,month-to-month,credit-card,yes,no,3.6,2,0,1,14,0,54.61,1516.92,0
C101772,33,26,two-year,electronic-check,yes,no,36.68,0,1,0,12,2,78.0,2124.38,1
C101773,62,28,month-to-month,electronic-check,yes,no,46.33,0,1,1,19,2,84.67,2453.83,1
C101774,34,56,two-year,bank-transfer,yes,yes,15.11,1,0,0,11,0,34.33,1969.21,0
C101775,28,9,two-year,electronic-check,no,no,23.11,0,0,0,16,0,60.14,580.49,0
C101776,27,24,month-to-month,bank-transfer,yes,no,19.47,1,0,1,16,1,45.13,1178.66,0
C101777,18,11,one-year,electronic-check,no,no,,0,0,1,15,2,69.29,793.01,1
C101778,57,22,month-to-month,mailed-check,yes,yes,19.02,2,0,1,10,1,72.97,1674.55,1
C101779,55,49,two-year,electronic-check,yes,no,26.46,1,0,1,13,0,81.42,4080.33,0
C101780,46,3,two-year,mailed-check,yes,no,2.33,1,0,0,5,1,51.37,228.57,1
C101781,28,24,month-to-month,electronic-check,yes,no,14.62,2,0,0,15,0,45.91,1161.18,0
C101782,61,1,month-to-month,electronic-check,yes,no,20.73,0,0,2,19,1,43.38,75.77,0
C101783,35,69,month-to-month,electronic-check,no,no,33.79,0,0,1,9,0,48.35,3359.4,0
C101784,36,53,month-to-month,credit-card,yes,no,2.36,0,0,3,17,1,92.93,5079.24,1
C101785,56,17,two-year,bank-transfer,yes,no,46.48,0,0,2,17,0,38.72,651.29,0
C101786,47,14,month-to-month,electronic-check,yes,no,23.23,0,0,2,14,2,35.44,560.77,0
C101787,65,7,two-year,electronic-check,no,yes,43.97,1,0,0,18,3,93.63,705.58,0
C101788,42,34,two-year,electronic-check,yes,no,29.12,0,0,0,14,2,82.86,2916.18,0
C101789,34,55,two-year,electronic-check,yes,yes,54.34,0,0,1,11,0,58.85,3328.77,0
C101790,32,42,one-year,mailed-check,yes,no,30.43,0,1,0,13,1,64.41,2722.25,0
C101791,18,64,month-to-month,mailed-check,yes,no,5.2,0,0,0,16,2,78.65,5135.79,0
C101792,36,25,two-year,credit-card,yes,yes,34.89,0,3,0,16,2,83.16,2139.52,0
C101793,53,20,one-year,credit-card,no,yes,24.9,0,0,1,19,0,44.24,847.7,0
C101794,46,34,two-year,electronic-check,no,no,13.86,0,0,2,11,0,40.83,1457.09,0
C101795,39,14,month-to-month,electronic-check,yes,no,25.7,0,0,1,19,0,44.48,629.98,0
C101796,27,71,month-to-month,electronic-check,yes,no,30.93,0,0,2,13,1,58.46,4185.39,0
C101797,42,13,two-year,electronic-check,yes,yes,26.71,2,0,1,23,0,65.3,862.33,1
C101798,51,34,two-year,mailed-check,no,no,6.52,1,0,1,18,2,86.16,2990.42,1
C101799,44,38,month-to-month,electronic-check,no,yes,57.81,0,0,3,16,2,70.65,2804.45,0
C101800,41,4,one-year,electronic-check,yes,no,38.43,1,1,0,20,0,60.69,365.57,0
C101801,29,34,month-to-month,electronic-check,no,yes,22.16,0,0,0,10,2,67.82,2344.06,0
C101802,49,33,one-year,bank-transfer,yes,no,18.01,1,0,3,22,0,46.06,1559.32,0
C101803,18,18,month-to-month,electronic-check,yes,no,55.39,1,0,0,7,0,47.76,916.37,0
C101804,44,9,month-to-month,credit-card,no,no,26.53,0,0,3,24,1,65.37,616.29,0
C101805,70,3,month-to-month,mailed-check,no,yes,6.91,1,0,0,10,3,78.85,337.22,0
C101806,21,0,month-to-month,electronic-check,yes,no,55.56,1,0,3,14,0,63.24,112.66,1
C101807,36,35,month-to-month,mailed-check,yes,no,15.93,1,1,1,14,1,60.9,2149.0,0
C101808,39,6,month-to-month,mailed-check,no,no,6.84,1,0,0,14,3,93.41,701.15,1
C101809,33,70,month-to-month,mailed-check,yes,no,26.91,0,0,0,17,1,80.85,5697.58,1
C101810,51,17,one-year,mailed-check,yes,no,13.19,3,0,2,13,1,47.35,841.73,0
C101811,45,47,one-year,electronic-check,yes,no,20.5,0,0,2,17,0,41.99,2102.88,0
C101812,41,49,one-year,electronic-check,no,no,29.97,0,0,1,9,0,39.4,2035.15,0
C101813,49,36,month-to-month,electronic-check,yes,no,0.85,0,1,0,20,0,65.87,2389.23,1
C101814,39,64,month-to-month,bank-transfer,yes,no,24.55,0,1,1,12,0,53.1,3480.59,1
C101815,77,8,two-year,,yes,yes,47.84,0,0,0,13,2,72.77,608.16,0
C101816,41,17,two-year,bank-transfer,yes,yes,7.48,0,0,0,21,1,71.66,1307.75,1
C101817,41,18,two-year,credit-card,no,no,1.83,1,1,2,16,0,54.97,1030.24,0
C101818,18,9,two-year,mailed-check,yes,no,39.33,0,0,3,15,1,57.5,596.31,0
C101819,32,21,one-year,credit-card,no,no,23.72,1,2,3,16,0,43.25,962.82,0
C101820,53,22,two-year,mailed-check,no,no,32.51,0,0,1,15,1,61.97,1433.8,0
C101821,23,55,month-to-month,mailed-check,yes,yes,16.09,1,0,1,13,1,71.1,3974.73,1
C101822,18,22,one-year,bank-transfer,no,no,26.36,0,0,1,15,0,36.3,913.32,0
C101823,39,63,two-year,electronic-check,yes,no,55.97,2,0,1,17,2,66.18,4218.59,1
C101824,55,56,one-year,electronic-check,yes,no,32.84,1,0,1,17,0,33.76,1901.27,0
C101825,40,65,month-to-month,mailed-check,yes,no,8.31,0,0,0,9,0,66.56,4447.59,0
C101826,35,7,month-to-month,electronic-check,yes,no,45.22,0,1,0,18,2,54.06,396.01,1
C101827,18,71,month-to-month,electronic-check,yes,yes,21.22,1,0,0,14,2,51.57,3748.6,1
C101828,44,44,month-to-month,credit-card,yes,no,2.71,2,1,0,20,0,65.17,2921.61,0
C101829,47,71,two-year,mailed-check,yes,no,11.32,0,0,2,9,0,47.94,3421.46,0
C101830,18,25,one-year,electronic-check,no,no,9.28,2,0,0,10,2,52.43,1403.14,0
C101831,53,69,month-to-month,electronic-check,yes,yes,20.45,1,1,1,23,0,62.57,4390.81,0
C101832,48,42,one-year,credit-card,yes,yes,46.08,1,0,1,15,2,85.62,3683.98,0
C101833,53,5,month-to-month,credit-card,no,no,38.11,1,0,0,13,1,91.96,558.31,0
C101834,46,29,one-year,bank-transfer,yes,yes,13.6,0,0,0,14,2,58.08,1766.44,0
C101835,47,10,month-to-month,electronic-check,no,no,30.68,2,0,0,15,1,51.57,516.53,0
C101836,45,68,month-to-month,mailed-check,no,no,15.15,0,0,1,14,1,54.73,3814.27,1
C101837,49,22,one-year,electronic-check,no,no,17.86,1,1,1,19,0,67.82,1499.66,1
C101838,18,16,one-year,credit-card,yes,no,27.94,0,0,1,18,2,48.21,781.24,0
C101839,21,40,one-year,mailed-check,no,no,7.45,0,0,0,16,1,58.85,2439.19,0
C101840,30,31,month-to-month,credit-card,no,no,19.08,0,0,3,12,0,59.0,1923.82,1
C101841,37,7,one-year,mailed-check,no,no,19.29,1,0,0,7,0,70.11,542.1,0
C101842,44,59,month-to-month,credit-card,no,no,12.28,0,0,1,15,1,54.17,3280.02,1
C101843,43,61,month-to-month,mailed-check,yes,yes,30.35,1,0,2,17,0,59.9,3702.15,0
C101844,52,54,one-year,mailed-check,yes,no,30.54,0,1,1,12,1,53.35,2876.89,1
C101845,53,45,one-year,mailed-check,no,no,10.02,1,1,0,16,2,49.35,2247.9,0
C101846,29,29,two-year,bank-transfer,yes,no,7.2,1,0,3,12,0,53.65,1560.7,1
C101847,42,39,month-to-month,credit-card,yes,no,21.39,1,0,3,20,1,60.79,2431.37,1
C101848,29,38,two-year,mailed-check,yes,no,10.98,1,0,1,13,1,70.04,2741.29,0
C101849,37,12,month-to-month,credit-card,no,no,16.29,0,0,3,15,0,79.19,1044.41,0
C101850,43,5,one-year,mailed-check,no,no,0.72,1,0,0,11,1,68.79,365.8,1
C101851,18,18,two-year,electronic-check,no,no,19.15,0,1,0,16,1,64.05,1231.98,0
C101852,68,33,one-year,electronic-check,yes,yes,16.89,1,1,0,16,2,84.24,2883.83,0
C101853,46,11,two-year,electronic-check,yes,no,7.72,1,2,1,11,0,46.09,599.84,0
C101854,32,7,two-year,credit-card,yes,no,36.64,0,0,1,15,2,84.12,653.12,1
C101855,62,62,month-to-month,electronic-check,no,no,16.58,1,0,2,17,1,55.02,3428.95,0
C101856,35,27,two-year,electronic-check,yes,yes,23.33,0,0,2,13,0,59.75,1644.76,0
C101857,41,42,two-year,electronic-check,no,no,35.34,0,1,0,15,0,53.89,2323.83,0
C101858,33,38,month-to-month,bank-transfer,yes,no,31.7,2,0,1,22,0,53.12,2070.55,1
C101859,59,53,month-to-month,credit-card,no,no,5.89,3,0,1,19,2,91.88,4955.0,0
C101860,38,54,month-to-month,credit-card,yes,no,24.13,0,0,2,19,0,45.13,2462.05,0
C101861,41,21,two-year,electronic-check,no,yes,12.11,3,0,0,11,2,80.41,1789.95,1
C101862,53,61,two-year,mailed-check,no,no,43.67,1,0,0,22,1,59.35,3698.16,0
C101863,46,27,two-year,electronic-check,no,no,63.89,1,0,0,12,2,88.83,2477.55,0
C101864,38,60,month-to-month,credit-card,no,no,47.52,0,0,2,15,0,41.43,2608.62,0
C101865,52,29,month-to-month,electronic-check,yes,yes,36.11,1,0,1,14,1,60.89,1779.93,0
C101866,69,8,month-to-month,credit-card,no,yes,20.62,1,1,3,15,0,44.59,382.6,0
C101867,43,55,month-to-month,credit-card,no,no,38.2,1,1,0,21,0,75.59,4197.26,0
C101868,40,2,month-to-month,bank-transfer,yes,no,4.12,0,0,2,11,0,70.13,183.49,0
C101869,41,56,month-to-month,credit-card,yes,no,13.27,0,0,0,11,1,56.86,3232.03,0
C101870,55,3,month-to-month,electronic-check,yes,no,30.77,0,0,0,19,2,59.05,,0
C101871,32,15,month-to-month,electronic-check,no,no,18.81,0,0,0,18,3,80.67,1291.5,1
C101872,36,44,one-year,mailed-check,no,no,8.8,0,2,0,16,2,77.16,3570.53,0
C101873,21,68,month-to-month,electronic-check,yes,no,30.23,1,0,0,12,0,59.77,4067.13,0
C101874,25,29,month-to-month,bank-transfer,no,no,53.59,1,0,2,16,2,75.49,2252.02,0
C101875,33,8,one-year,mailed-check,yes,no,50.55,1,0,2,13,0,71.26,663.48,1
C101876,38,17,two-year,credit-card,yes,no,13.44,0,2,0,12,2,82.62,1388.94,0
C101877,60,65,one-year,credit-card,no,no,59.74,0,0,1,14,0,48.03,3195.29,0
C101878,45,53,one-year,electronic-check,yes,no,15.44,0,1,0,18,1,43.96,2422.87,0
C101879,28,7,one-year,electronic-check,yes,no,24.54,1,0,2,13,2,107.05,844.56,1
C101880,30,28,one-year,mailed-check,yes,no,42.23,3,0,0,15,1,63.88,1828.29,0
C101881,55,19,one-year,electronic-check,yes,no,2.26,1,1,1,10,1,35.21,686.58,0
C101882,53,12,month-to-month,bank-transfer,yes,no,23.51,1,0,0,17,1,69.24,911.81,1
C101883,39,61,one-year,bank-transfer,yes,no,10.72,1,2,1,18,0,35.42,2201.16,0
C101884,34,45,month-to-month,bank-transfer,yes,no,16.96,1,1,1,10,3,98.28,4541.84,0
C101885,52,13,month-to-month,mailed-check,no,no,42.22,1,1,1,21,0,72.06,979.29,1
C101886,27,47,month-to-month,credit-card,yes,yes,15.36,1,0,1,11,0,53.03,2577.41,1
C101887,44,30,month-to-month,bank-transfer,no,no,20.68,0,0,0,14,3,55.33,1710.84,1
C101888,66,4,month-to-month,credit-card,no,yes,21.51,0,0,1,14,1,69.96,438.68,1
C101889,41,32,one-year,credit-card,yes,no,34.7,0,0,0,18,2,80.32,2615.3,1
C101890,30,13,month-to-month,bank-transfer,yes,no,40.48,0,0,0,12,1,64.34,950.2,1
C101891,44,17,month-to-month,electronic-check,yes,no,26.93,0,0,3,15,2,75.28,1330.04,0
C101892,33,64,month-to-month,credit-card,no,no,16.53,1,1,0,13,1,55.32,3551.76,0
C101893,22,51,month-to-month,electronic-check,no,yes,25.49,0,0,1,20,3,72.16,3751.39,0
C101894,47,9,one-year,mailed-check,yes,yes,15.98,2,0,2,15,0,54.03,498.95,0
C101895,52,62,month-to-month,mailed-check,yes,no,63.01,0,0,1,11,1,59.68,3772.29,0
C101896,35,41,month-to-month,electronic-check,yes,no,20.72,1,0,1,15,1,56.48,2406.59,0
C101897,34,63,month-to-month,electronic-check,no,yes,46.72,2,0,0,19,0,77.61,4950.17,0
C101898,27,54,month-to-month,electronic-check,yes,yes,46.91,0,0,0,15,2,64.73,3531.07,1
C101899,37,24,month-to-month,credit-card,yes,yes,27.02,1,1,0,16,0,50.23,1290.01,0
C101900,32,39,month-to-month,bank-transfer,yes,no,29.43,0,1,2,20,2,75.33,2977.46,0
C101901,27,38,one-year,credit-card,no,no,29.51,0,1,0,19,1,66.37,2533.96,0
C101902,62,52,two-year,credit-card,yes,no,33.56,1,1,1,11,1,64.76,3463.45,0
C101903,45,18,one-year,mailed-check,yes,no,8.38,1,0,0,8,1,49.85,953.71,0
C101904,46,24,month-to-month,credit-card,yes,no,81.52,1,0,3,17,1,69.21,1728.62,1
C101905,50,17,month-to-month,bank-transfer,no,no,25.24,0,0,1,15,1,66.43,1163.01,0
C101906,48,21,one-year,electronic-check,yes,no,53.41,1,1,0,11,1,66.27,1481.11,1
C101907,34,11,month-to-month,credit-card,yes,no,25.59,0,0,0,22,2,75.99,938.28,0
C101908,42,2,two-year,credit-card,yes,no,26.65,0,1,0,18,3,89.64,200.49,1
C101909,36,68,month-to-month,electronic-check,no,no,13.95,3,1,1,11,3,65.23,4602.62,0
C101910,44,5,month-to-month,credit-card,yes,yes,15.62,2,1,0,19,2,106.34,589.26,0
C101911,43,64,month-to-month,electronic-check,no,no,3.5,1,0,1,17,0,60.65,3919.01,1
C101912,34,0,two-year,credit-card,no,no,71.88,0,0,0,11,3,100.99,84.23,1
C101913,23,56,two-year,bank-transfer,no,no,47.71,1,0,1,16,1,71.62,4011.93,0
C101914,41,23,two-year,electronic-check,no,no,13.91,1,0,0,17,0,54.39,1271.37,0
C101915,37,37,month-to-month,credit-card,yes,no,23.83,0,0,0,29,1,52.97,1991.41,0
C101916,18,20,one-year,mailed-check,yes,no,33.88,0,0,3,23,1,59.27,1231.1,0
C101917,45,35,month-to-month,electronic-check,no,no,9.01,0,0,0,17,1,50.38,1785.52,0
C101918,51,32,month-to-month,credit-card,no,no,12.84,1,0,2,12,0,37.5,1277.85,0
C101919,69,38,one-year,credit-card,no,yes,21.52,1,1,0,9,1,85.66,3351.84,0
C101920,34,28,two-year,mailed-check,yes,no,55.84,0,0,0,19,0,68.1,2007.12,0
C101921,33,39,month-to-month,bank-transfer,no,yes,13.58,0,0,0,8,0,57.0,2268.42,0
C101922,26,60,month-to-month,electronic-check,yes,no,34.52,0,0,2,14,2,68.37,4194.09,1
C101923,42,31,month-to-month,electronic-check,yes,no,69.52,2,1,0,9,1,80.34,2577.74,1
C101924,41,26,month-to-month,bank-transfer,yes,no,48.09,1,0,0,14,0,56.33,1547.3,0
C101925,29,9,month-to-month,electronic-check,yes,no,8.08,1,0,0,16,1,54.34,506.54,1
C101926,37,26,two-year,mailed-check,yes,no,16.04,3,0,0,18,0,72.2,1990.63,0
C101927,18,9,month-to-month,credit-card,yes,no,21.63,1,0,0,18,2,62.02,626.72,1
C101928,50,13,one-year,credit-card,yes,no,12.07,0,0,1,9,0,69.81,978.52,0
C101929,30,69,month-to-month,bank-transfer,no,no,43.05,0,0,0,10,0,57.74,4090.15,0
C101930,39,6,month-to-month,bank-transfer,no,no,7.35,2,1,0,14,0,58.32,398.3,1
C101931,22,35,month-to-month,credit-card,no,yes,13.82,0,0,0,16,2,72.04,2580.67,0
C101932,32,60,month-to-month,credit-card,no,no,29.22,0,0,0,9,0,42.77,2655.1,0
C101933,36,69,month-to-month,electronic-check,no,yes,22.87,0,0,1,14,2,62.75,4378.59,0
C101934,39,10,one-year,mailed-check,no,no,11.93,0,0,0,15,3,85.87,937.42,0
C101935,45,11,two-year,electronic-check,yes,yes,59.86,1,1,0,11,0,47.93,522.27,0
C101936,56,27,month-to-month,electronic-check,yes,no,9.51,1,0,1,16,0,45.07,1229.67,0
C101937,48,40,one-year,electronic-check,no,no,38.99,0,0,3,17,3,101.34,4190.36,0
C101938,51,70,two-year,bank-transfer,yes,no,32.8,1,0,0,11,1,66.5,4729.98,0
C101939,56,15,month-to-month,credit-card,no,no,34.14,0,0,1,17,0,41.2,621.13,1
C101940,46,12,two-year,credit-card,yes,no,5.42,1,0,1,15,0,69.26,879.64,0
C101941,39,18,two-year,mailed-check,yes,no,21.81,2,0,1,16,1,76.53,1421.21,0
C101942,51,63,two-year,mailed-check,yes,no,27.34,0,0,1,20,1,60.19,3864.56,0
C101943,52,2,one-year,electronic-check,no,no,30.23,0,0,0,10,1,45.35,152.25,0
C101944,47,27,one-year,electronic-check,yes,no,19.94,0,0,0,17,1,47.27,1302.26,0
C101945,22,8,month-to-month,electronic-check,yes,yes,34.66,0,0,1,18,1,59.31,496.66,1
C101946,29,11,one-year,credit-card,yes,no,20.78,1,0,0,21,3,92.43,1050.48,0
C101947,36,66,two-year,electronic-check,yes,no,11.45,0,0,0,14,2,73.52,4976.28,0
C101948,48,0,month-to-month,bank-transfer,yes,no,12.06,0,0,2,14,1,49.38,39.62,1
C101949,39,23,one-year,electronic-check,no,no,31.23,1,0,1,12,1,84.58,2049.16,0
C101950,53,66,month-to-month,mailed-check,yes,no,12.53,1,0,0,10,2,78.82,5243.5,1
C101951,55,44,month-to-month,credit-card,no,no,36.51,0,0,1,18,1,72.99,3271.74,0
C101952,53,5,one-year,credit-card,yes,no,12.46,2,0,1,18,2,68.03,367.66,0
C101953,53,33,one-year,electronic-check,no,no,8.62,3,0,2,12,0,32.33,1121.48,1
C101954,27,70,one-year,credit-card,no,no,72.56,0,0,0,20,0,38.09,2731.56,0
C101955,45,29,two-year,electronic-check,no,no,52.71,2,0,0,16,1,59.23,,0
C101956,32,38,month-to-month,credit-card,no,no,24.74,1,1,0,18,1,68.68,2650.17,0
C101957,19,38,two-year,electronic-check,yes,no,15.58,1,0,0,16,3,82.95,3238.62,0
C101958,36,48,one-year,mailed-check,yes,yes,36.96,0,0,2,12,1,89.97,4365.93,0
C101959,55,13,two-year,bank-transfer,yes,no,82.87,0,0,0,16,1,67.6,950.76,1
C101960,45,61,month-to-month,credit-card,yes,no,17.04,1,0,1,17,0,54.77,3422.71,0
C101961,63,72,month-to-month,credit-card,yes,yes,70.63,2,1,1,22,1,57.16,4159.17,1
C101962,41,10,two-year,electronic-check,yes,yes,15.52,1,1,1,13,2,78.5,858.0,1
C101963,68,59,month-to-month,credit-card,no,no,6.39,1,1,2,16,0,72.72,4329.59,0
C101964,41,59,month-to-month,electronic-check,yes,no,23.81,0,0,0,13,1,55.3,3288.62,0
C101965,39,54,one-year,electronic-check,yes,no,5.29,0,1,1,15,0,53.82,2931.12,0
C101966,24,27,one-year,electronic-check,yes,no,35.68,2,0,0,22,2,82.38,2281.32,1
C101967,52,34,two-year,electronic-check,yes,yes,8.09,0,1,2,16,0,45.73,1634.1,1
C101968,33,61,one-year,electronic-check,yes,no,32.22,1,0,2,21,1,43.0,2640.95,1
C101969,31,11,two-year,bank-transfer,no,no,41.14,1,0,0,14,2,76.79,920.69,0
C101970,54,60,month-to-month,electronic-check,yes,no,66.4,0,0,1,13,3,85.68,5254.78,1
C101971,53,67,one-year,bank-transfer,no,no,6.47,0,0,1,12,2,59.22,4037.69,0
C101972,53,49,two-year,electronic-check,yes,yes,13.8,0,0,1,8,0,55.58,2869.05,0
C101973,35,24,one-year,bank-transfer,yes,no,17.78,0,0,0,12,1,90.41,2283.9,0
C101974,38,40,month-to-month,electronic-check,yes,no,33.51,1,2,0,16,1,80.58,3292.68,1
C101975,38,3,month-to-month,electronic-check,yes,no,20.76,1,0,0,14,1,70.42,231.58,0
C101976,48,68,one-year,bank-transfer,yes,no,9.99,1,1,2,11,1,57.01,3975.24,1
C101977,58,24,one-year,credit-card,yes,no,15.4,0,0,0,15,0,63.44,1570.16,0
C101978,43,4,month-to-month,credit-card,no,yes,26.87,1,0,0,13,1,45.81,201.26,1
C101979,63,57,one-year,mailed-check,no,yes,16.87,1,0,0,11,1,66.19,3806.26,0
C101980,50,48,two-year,credit-card,yes,no,60.39,0,1,2,13,1,65.14,3152.15,0
C101981,36,45,month-to-month,bank-transfer,no,no,30.05,1,0,2,16,2,90.15,4138.66,0
C101982,49,3,one-year,credit-card,no,no,10.0,1,1,0,18,1,40.03,141.74,0
C101983,59,54,one-year,electronic-check,yes,no,22.27,0,0,2,15,1,92.86,5114.1,0
C101984,63,46,month-to-month,electronic-check,yes,no,34.9,0,0,0,8,0,51.74,2509.15,0
C101985,53,57,month-to-month,electronic-check,yes,no,28.22,0,0,1,11,1,83.78,4861.49,0
C101986,39,60,month-to-month,credit-card,no,no,16.1,1,0,1,13,1,72.87,4505.95,1
C101987,36,15,two-year,electronic-check,yes,yes,19.8,1,0,0,15,1,72.01,1140.85,0
C101988,46,15,month-to-month,electronic-check,yes,no,21.82,1,0,1,14,1,70.29,1116.56,1
C101989,59,67,month-to-month,bank-transfer,yes,no,44.27,1,0,0,14,1,68.73,4592.66,0
C101990,44,38,month-to-month,credit-card,yes,no,,0,0,0,19,1,65.03,2578.6,0
C101991,44,31,two-year,bank-transfer,yes,yes,6.3,0,1,0,11,1,70.57,2227.88,1
C101992,40,20,one-year,bank-transfer,yes,no,58.47,1,0,1,19,2,79.01,1686.36,1
C101993,35,46,month-to-month,electronic-check,no,no,70.36,0,0,0,14,0,65.77,3004.61,0
C101994,37,55,two-year,credit-card,yes,no,17.32,1,0,1,13,0,60.96,3389.3,0
C101995,41,0,month-to-month,electronic-check,yes,no,32.27,0,0,2,13,0,52.12,56.22,0
C101996,60,40,month-to-month,electronic-check,yes,no,102.74,1,0,3,15,1,62.04,2535.8,0
C101997,36,72,month-to-month,mailed-check,yes,yes,23.17,1,0,1,14,0,59.59,4319.99,0
C101998,40,20,one-year,electronic-check,no,yes,26.79,0,0,1,17,1,68.23,1439.38,0
C101999,29,20,two-year,bank-transfer,no,no,37.31,1,1,1,15,0,51.3,1103.07,0
C102000,48,64,month-to-month,bank-transfer,no,no,53.61,1,0,0,13,2,66.78,4289.47,0
C102001,55,4,one-year,electronic-check,yes,no,4.54,0,0,1,19,1,69.33,363.63,1
C102002,58,29,one-year,electronic-check,no,no,22.68,0,0,0,17,0,60.6,1855.41,0
C102003,41,33,two-year,electronic-check,no,yes,53.49,0,0,1,17,1,66.88,2308.03,0
C102004,46,58,two-year,electronic-check,yes,no,38.15,0,0,1,27,1,63.77,3763.09,0
C102005,37,9,one-year,credit-card,no,no,30.16,0,0,0,12,3,92.12,910.33,1
C102006,45,31,month-to-month,bank-transfer,no,no,26.9,1,0,2,16,1,53.45,1732.47,1
C102007,43,11,month-to-month,electronic-check,no,no,,0,1,0,11,1,57.28,681.19,0
C102008,40,57,two-year,electronic-check,yes,no,35.12,0,1,0,16,3,70.08,4107.89,0
C102009,41,46,one-year,credit-card,yes,no,66.98,1,0,0,16,2,70.33,3386.73,0
C102010,44,36,month-to-month,credit-card,no,no,20.59,2,0,2,11,0,48.61,1757.4,1
C102011,35,28,two-year,credit-card,yes,no,2.8,0,0,1,14,1,56.39,1647.14,1
C102012,36,11,two-year,electronic-check,no,yes,47.63,1,0,2,19,1,74.8,894.32,0
C102013,59,67,one-year,mailed-check,yes,no,18.99,2,1,1,14,3,75.24,5046.16,0
C102014,72,47,two-year,electronic-check,yes,no,24.35,0,0,0,17,1,75.61,3643.05,0
C102015,25,23,month-to-month,credit-card,no,no,28.12,0,0,0,10,1,68.18,1631.44,0
C102016,24,30,one-year,mailed-check,yes,no,15.81,1,0,0,14,0,47.4,1498.33,0
C102017,28,53,two-year,bank-transfer,yes,no,7.82,0,1,0,16,1,75.08,4085.73,0
C102018,38,52,month-to-month,electronic-check,no,no,45.63,1,0,0,15,0,52.89,2809.23,0
C102019,50,33,month-to-month,credit-card,no,no,0.88,1,1,1,12,1,66.47,2292.7,0
C102020,46,22,one-year,electronic-check,yes,yes,84.77,1,0,0,19,2,91.52,2061.16,0
C102021,41,48,month-to-month,credit-card,yes,yes,24.8,0,0,1,12,2,72.94,3571.78,0
C102022,45,48,month-to-month,electronic-check,yes,no,2.86,1,1,2,20,0,52.13,2595.44,1
C102023,31,43,month-to-month,credit-card,yes,no,50.22,2,1,0,12,1,57.35,2552.71,1
C102024,36,5,month-to-month,electronic-check,no,no,4.43,0,0,2,10,3,73.61,435.61,1
C102025,39,34,month-to-month,bank-transfer,no,no,15.33,1,0,0,18,0,46.71,1650.02,0
C102026,20,44,two-year,credit-card,yes,no,71.76,0,0,0,20,0,55.97,2490.28,0
C102027,25,69,one-year,mailed-check,yes,no,33.23,0,0,0,18,0,52.66,3740.45,1
C102028,26,38,one-year,electronic-check,yes,no,29.91,0,0,2,11,1,58.86,2328.51,0
C102029,48,25,month-to-month,electronic-check,yes,no,32.79,0,0,0,13,3,85.96,2239.36,0
C102030,42,40,month-to-month,electronic-check,yes,no,11.44,0,0,0,11,2,76.79,3161.91,0
C102031,46,12,month-to-month,bank-transfer,no,no,34.04,0,0,0,14,0,66.33,878.87,0
C102032,18,6,two-year,electronic-check,no,no,31.06,0,1,0,20,2,55.17,407.88,1
C102033,21,49,two-year,electronic-check,yes,no,21.58,1,0,0,16,0,56.73,2826.91,1
C102034,47,71,month-to-month,electronic-check,no,no,58.96,2,1,0,20,1,93.36,6745.76,1
C102035,18,61,two-year,electronic-check,no,no,41.32,0,0,2,17,2,73.07,4599.51,1
C102036,54,42,month-to-month,electronic-check,yes,no,9.03,1,0,0,14,1,62.51,2718.73,1
C102037,18,2,month-to-month,bank-transfer,yes,no,17.81,0,0,1,21,1,79.69,227.42,0
C102038,49,72,one-year,electronic-check,yes,no,15.14,0,0,0,21,1,63.98,4658.96,0
C102039,28,32,month-to-month,credit-card,yes,no,11.73,0,0,0,12,2,85.38,2825.69,0
C102040,52,21,two-year,bank-transfer,no,no,54.32,0,0,0,19,1,60.21,1377.69,0
C102041,77,65,month-to-month,mailed-check,yes,yes,17.74,2,0,3,9,3,81.59,5400.54,0
C102042,18,54,one-year,credit-card,yes,no,41.84,1,1,0,19,1,58.54,3156.9,0
C102043,47,54,month-to-month,bank-transfer,yes,no,34.6,0,1,1,13,0,69.01,3760.05,1
C102044,18,20,month-to-month,bank-transfer,no,no,8.82,1,0,1,20,2,71.77,1472.15,1
C102045,44,72,month-to-month,electronic-check,yes,no,54.31,1,0,1,23,2,78.94,5784.91,0
C102046,37,33,two-year,bank-transfer,no,no,23.19,0,1,4,13,1,72.65,2426.07,0
C102047,41,38,one-year,electronic-check,no,no,17.77,1,0,0,16,0,61.56,2438.47,0
C102048,28,54,one-year,mailed-check,yes,no,6.75,0,0,0,16,0,53.33,2992.56,0
C102049,48,48,month-to-month,electronic-check,yes,no,12.32,2,0,1,10,0,39.05,1943.84,0
C102050,22,12,month-to-month,mailed-check,yes,no,10.12,1,1,0,13,0,54.26,633.9,1
C102051,54,22,month-to-month,bank-transfer,yes,no,5.2,0,0,0,8,0,51.0,1143.45,0
C102052,34,26,two-year,electronic-check,yes,no,32.88,0,0,2,16,1,67.71,1819.2,1
C102053,22,69,month-to-month,electronic-check,no,yes,10.51,1,0,0,28,1,63.57,4431.16,0
C102054,58,52,month-to-month,credit-card,no,yes,,1,2,2,16,0,71.57,3760.91,0
C102055,38,26,one-year,electronic-check,yes,no,50.67,0,1,0,19,2,83.23,2219.09,0
C102056,62,53,one-year,electronic-check,yes,no,38.62,0,0,0,7,1,59.53,3217.79,0
C102057,54,53,month-to-month,electronic-check,yes,no,28.79,0,0,0,26,1,72.01,3870.24,0
C102058,29,28,month-to-month,credit-card,yes,no,3.21,1,1,0,11,1,81.55,2354.05,1
C102059,38,29,month-to-month,bank-transfer,yes,no,5.22,2,0,0,14,0,47.66,1454.81,0
C102060,40,65,one-year,bank-transfer,no,no,14.54,1,0,1,13,1,62.44,4041.64,0
C102061,57,41,month-to-month,credit-card,yes,no,30.43,0,0,0,19,3,77.56,3200.89,0
C102062,44,10,one-year,bank-transfer,yes,no,10.34,0,2,0,17,1,71.47,769.08,0
C102063,41,52,month-to-month,credit-card,no,no,10.1,0,1,1,9,0,80.61,4258.07,1
C102064,37,43,two-year,bank-transfer,yes,no,49.02,3,1,0,20,1,78.41,3428.48,0
C102065,38,37,two-year,credit-card,no,yes,19.62,1,1,1,10,0,52.36,1990.06,1
C102066,55,52,month-to-month,bank-transfer,no,yes,5.49,2,0,2,21,3,88.25,4664.05,1
C102067,39,66,month-to-month,electronic-check,yes,no,30.96,1,0,0,10,1,80.19,5425.91,1
C102068,34,24,month-to-month,electronic-check,yes,no,7.67,1,0,2,15,1,46.38,1123.49,1
C102069,32,30,two-year,electronic-check,no,yes,30.39,0,0,1,22,2,63.23,1963.6,0
C102070,32,13,month-to-month,mailed-check,yes,no,17.28,1,0,0,13,2,90.36,1255.77,0
C102071,22,47,one-year,credit-card,yes,no,24.22,0,0,0,14,1,49.68,2382.75,0
C102072,30,29,month-to-month,bank-transfer,no,no,9.85,0,0,0,11,1,63.6,1896.69,0
C102073,57,24,month-to-month,credit-card,yes,no,16.49,2,0,1,12,3,92.01,2330.94,1
C102074,37,50,one-year,bank-transfer,yes,no,14.64,0,1,0,18,0,59.74,3059.65,0
C102075,47,29,one-year,credit-card,yes,no,10.97,0,1,0,14,1,66.84,1965.6,0
C102076,18,33,two-year,bank-transfer,yes,no,16.93,0,2,0,14,1,81.49,2813.44,0
C102077,46,32,two-year,electronic-check,no,no,3.23,0,0,1,17,2,84.57,2808.42,1
C102078,37,18,one-year,mailed-check,no,yes,37.0,1,0,0,20,0,83.69,1577.72,0
C102079,33,9,month-to-month,mailed-check,yes,no,35.54,0,0,2,12,1,53.3,560.0,0
C102080,41,60,two-year,electronic-check,yes,yes,17.73,0,0,0,11,1,56.11,3400.85,0
C102081,33,6,two-year,electronic-check,no,yes,18.15,1,2,0,12,3,76.91,544.88,1
C102082,18,23,two-year,electronic-check,yes,no,16.44,1,0,0,8,2,93.7,2209.77,0
C102083,50,48,two-year,electronic-check,yes,no,36.93,1,1,2,16,1,76.36,3768.77,0
C102084,42,9,month-to-month,electronic-check,yes,no,14.03,0,0,1,22,0,50.98,522.8,0
C102085,35,47,one-year,credit-card,yes,yes,42.93,0,0,1,15,2,71.91,3451.68,0
C102086,27,53,one-year,electronic-check,yes,yes,6.95,0,0,1,13,0,42.35,2305.54,0
C102087,21,48,month-to-month,credit-card,yes,no,43.1,3,0,0,15,2,96.53,4675.99,1
C102088,42,22,one-year,electronic-check,yes,no,2.23,1,1,1,10,1,62.25,1460.27,1
C102089,58,1,month-to-month,credit-card,yes,no,15.95,0,0,1,11,0,58.35,89.83,1
C102090,41,64,month-to-month,bank-transfer,no,no,37.43,0,1,0,13,0,45.31,3004.96,0
C102091,22,23,month-to-month,credit-card,yes,no,41.51,0,0,0,15,0,57.86,1387.08,0
C102092,42,58,one-year,mailed-check,no,no,7.24,0,0,0,9,0,45.16,2619.27,0
C102093,38,14,one-year,bank-transfer,yes,yes,31.53,3,0,1,17,0,58.47,955.84,1
C102094,49,11,month-to-month,mailed-check,yes,yes,29.21,0,1,1,20,0,52.76,657.06,0
C102095,46,56,month-to-month,mailed-check,yes,no,32.78,0,4,1,12,2,66.86,3774.78,1
C102096,18,68,one-year,bank-transfer,yes,no,95.45,1,1,0,13,1,80.66,5574.73,0
C102097,46,62,month-to-month,electronic-check,yes,no,102.14,0,0,1,17,0,76.48,4853.84,0
C102098,27,54,month-to-month,electronic-check,yes,no,50.37,1,1,0,14,0,63.97,3410.35,1
C102099,22,18,month-to-month,credit-card,yes,no,10.55,1,0,1,12,1,43.01,823.2,0
C102100,37,66,two-year,electronic-check,yes,no,15.21,2,2,0,9,1,49.7,3330.13,0
C102101,44,48,month-to-month,bank-transfer,yes,no,24.91,0,0,1,14,2,60.78,2979.81,1
C102102,19,12,one-year,electronic-check,no,no,16.03,0,0,0,10,1,88.46,1094.31,1
C102103,47,9,two-year,mailed-check,yes,no,10.61,1,1,3,17,1,75.6,746.76,0
C102104,48,63,month-to-month,electronic-check,no,no,41.99,1,1,0,17,2,84.27,5340.55,0
C102105,40,20,two-year,mailed-check,yes,no,7.08,1,0,0,14,0,46.44,987.86,0
C102106,29,55,month-to-month,credit-card,yes,no,2.46,0,0,0,13,1,45.88,2549.13,1
C102107,27,10,month-to-month,credit-card,yes,no,35.69,2,0,0,22,0,69.34,769.1,0
C102108,51,20,month-to-month,electronic-check,no,no,34.83,0,1,2,16,0,29.88,627.46,0
C102109,21,20,one-year,electronic-check,yes,no,5.45,1,0,0,15,2,70.03,1477.68,1
C102110,52,20,two-year,credit-card,no,no,5.32,1,0,1,12,3,96.44,2008.14,0
C102111,37,49,one-year,electronic-check,no,no,20.86,0,0,1,19,0,42.81,2140.45,1
C102112,38,66,one-year,electronic-check,yes,no,26.34,2,0,2,15,1,83.94,5629.78,1
C102113,19,66,month-to-month,mailed-check,yes,no,16.44,1,1,0,17,2,78.89,5333.39,0
C102114,37,54,two-year,credit-card,yes,yes,13.81,0,0,1,11,3,92.24,5083.07,1
C102115,46,14,month-to-month,electronic-check,yes,no,19.93,2,1,0,12,1,69.78,1071.57,1
C102116,23,70,month-to-month,electronic-check,no,no,33.78,1,1,0,20,2,74.06,5284.09,0
C102117,45,39,two-year,credit-card,no,no,5.71,0,1,0,13,0,48.6,1943.05,0
C102118,40,39,month-to-month,credit-card,yes,no,23.38,2,0,3,17,1,55.81,2254.06,0
C102119,31,51,month-to-month,bank-transfer,yes,no,10.61,2,0,2,7,2,74.43,3886.46,0
C102120,49,56,month-to-month,bank-transfer,yes,yes,87.64,0,0,3,15,0,67.79,,0
C102121,18,69,month-to-month,credit-card,no,no,24.45,0,1,1,25,1,75.76,5324.99,0
C102122,43,42,two-year,bank-transfer,yes,no,56.82,1,0,1,12,0,56.63,2471.72,0
C102123,58,44,month-to-month,credit-card,no,no,32.5,0,0,1,21,0,57.91,2620.74,0
C102124,56,54,two-year,mailed-check,yes,yes,,1,0,1,17,0,48.66,2640.78,0
C102125,44,18,month-to-month,electronic-check,no,no,20.21,2,0,0,17,1,76.77,1429.14,0
C102126,35,22,one-year,credit-card,yes,no,22.34,2,2,2,15,1,56.83,1279.29,0
C102127,31,45,one-year,bank-transfer,yes,yes,18.04,1,0,0,16,0,63.16,2916.45,0
C102128,35,4,one-year,electronic-check,no,no,11.84,3,1,0,14,1,77.47,415.95,0
C102129,46,23,month-to-month,bank-transfer,no,no,6.09,1,0,1,19,3,93.2,2164.98,0
C102130,29,52,one-year,credit-card,yes,yes,26.47,0,0,1,13,1,52.28,2755.98,1
C102131,48,71,one-year,electronic-check,no,no,40.98,0,0,0,13,0,38.93,2802.2,0
C102132,65,37,two-year,bank-transfer,yes,no,19.32,0,0,0,19,0,45.13,1721.94,0
C102133,38,29,month-to-month,electronic-check,yes,no,14.45,1,0,1,15,0,43.17,1265.01,1
C102134,23,32,month-to-month,bank-transfer,yes,no,55.52,0,0,1,17,1,91.47,3016.86,0
C102135,23,50,one-year,credit-card,yes,no,8.53,1,3,3,15,2,68.11,3477.38,1
C102136,48,39,month-to-month,credit-card,no,no,21.59,0,0,0,19,2,61.26,2446.53,0
C102137,38,1,month-to-month,credit-card,yes,no,35.97,1,0,0,16,0,45.21,100.41,0
C102138,50,39,two-year,bank-transfer,yes,no,10.39,0,1,1,8,2,94.15,3760.38,0
C102139,33,29,month-to-month,mailed-check,no,yes,21.81,0,1,2,15,1,79.24,2385.9,0
C102140,49,51,month-to-month,bank-transfer,yes,no,41.99,1,0,0,15,2,56.76,2925.1,1
C102141,37,63,one-year,electronic-check,yes,no,10.26,0,0,1,14,1,72.13,4614.35,0
C102142,30,70,month-to-month,bank-transfer,yes,yes,33.09,0,2,1,10,1,62.88,4447.03,1
C102143,34,44,month-to-month,mailed-check,no,no,4.44,1,0,1,14,3,80.53,3626.74,1
C102144,25,26,month-to-month,mailed-check,yes,no,19.04,0,1,2,13,0,39.88,1076.45,1
C102145,63,32,month-to-month,mailed-check,no,no,46.81,0,0,0,27,0,53.08,1732.56,0
C102146,38,12,month-to-month,mailed-check,no,no,34.07,1,0,1,13,3,66.17,847.45,0
C102147,47,68,two-year,electronic-check,no,no,48.79,2,1,1,15,3,95.95,6610.56,0
C102148,33,61,month-to-month,electronic-check,no,no,1.68,1,1,0,16,0,43.48,2684.68,0
C102149,26,62,month-to-month,mailed-check,yes,no,19.6,1,0,0,16,0,70.08,4345.93,1
C102150,36,23,one-year,electronic-check,no,no,11.11,0,0,1,13,2,70.9,1745.97,0
C102151,52,23,month-to-month,credit-card,yes,no,20.38,0,0,0,16,0,33.16,786.15,0
C102152,33,62,month-to-month,electronic-check,yes,no,43.37,1,0,0,10,0,49.67,3148.41,0
C102153,29,39,month-to-month,credit-card,yes,no,60.36,1,0,0,22,0,43.35,1673.57,0
C102154,41,51,month-to-month,electronic-check,no,yes,79.16,0,0,0,17,0,64.94,3382.53,0
C102155,45,35,month-to-month,credit-card,yes,no,14.8,0,0,0,16,0,41.18,1475.18,0
C102156,59,32,month-to-month,bank-transfer,no,no,3.81,1,0,2,18,0,49.1,1564.12,1
C102157,43,46,two-year,credit-card,no,no,2.73,1,1,0,16,1,64.85,3101.85,1
C102158,47,59,two-year,credit-card,yes,no,6.91,0,0,0,14,1,48.02,2928.42,0
C102159,48,24,two-year,bank-transfer,yes,yes,40.44,0,0,3,16,0,73.27,1845.64,0
C102160,25,59,month-to-month,electronic-check,yes,yes,29.89,1,0,3,15,0,58.38,3531.96,0
C102161,27,17,one-year,mailed-check,yes,no,31.29,0,1,0,23,1,66.17,1205.94,0
C102162,26,29,one-year,electronic-check,no,no,20.08,0,0,0,9,0,37.26,1103.66,0
C102163,23,66,month-to-month,credit-card,yes,no,14.76,1,0,1,15,0,48.77,3205.92,0
C102164,49,69,two-year,credit-card,yes,yes,54.98,0,1,1,16,0,54.09,3749.05,1
C102165,42,67,one-year,electronic-check,yes,no,1.64,1,0,2,18,2,53.01,3585.37,0
C102166,40,23,month-to-month,bank-transfer,yes,no,7.47,0,1,0,12,0,64.85,1628.53,0
C102167,18,61,two-year,electronic-check,yes,no,35.07,2,1,0,18,1,66.3,4078.61,0
C102168,64,68,month-to-month,bank-transfer,yes,no,16.05,1,1,1,11,1,54.62,3756.83,1
C102169,28,71,month-to-month,bank-transfer,no,no,39.36,1,0,0,9,0,52.17,3758.63,0
C102170,64,1,month-to-month,mailed-check,yes,no,36.59,1,0,0,6,2,75.14,166.9,0
C102171,22,54,month-to-month,credit-card,yes,no,33.79,0,0,0,16,3,110.3,6058.77,1
C102172,29,72,two-year,electronic-check,yes,yes,32.52,1,0,1,21,1,66.34,4828.19,0
C102173,18,55,one-year,credit-card,no,no,42.07,1,0,0,17,3,78.52,4483.75,1
C102174,43,17,month-to-month,bank-transfer,no,no,42.09,1,1,0,7,0,48.38,853.22,0
C102175,26,55,one-year,electronic-check,yes,no,21.99,0,0,1,10,2,74.54,4258.05,0
C102176,26,7,two-year,mailed-check,yes,no,17.85,1,0,1,19,1,74.61,582.63,0
C102177,23,35,two-year,electronic-check,no,no,28.25,0,1,1,14,1,66.51,2397.18,0
C102178,48,45,two-year,bank-transfer,no,yes,50.08,1,1,1,15,3,93.79,4342.04,0
C102179,48,33,two-year,credit-card,no,no,11.23,3,0,0,14,3,76.92,2602.26,0
C102180,61,51,one-year,electronic-check,no,no,18.99,0,0,0,20,0,36.23,1837.1,0
C102181,31,17,month-to-month,electronic-check,yes,no,14.2,1,0,0,12,0,61.11,1109.34,0
C102182,42,44,two-year,mailed-check,yes,no,9.48,0,0,1,11,0,45.02,1981.71,0
C102183,24,47,month-to-month,electronic-check,no,no,15.3,1,0,0,17,1,69.44,3250.34,0
C102184,35,46,month-to-month,electronic-check,yes,no,6.55,0,0,0,12,1,47.09,2228.33,0
C102185,33,21,month-to-month,bank-transfer,yes,yes,5.68,2,1,0,15,2,73.02,1567.97,0
C102186,45,22,month-to-month,mailed-check,no,no,64.86,0,0,0,13,3,96.52,2250.66,1
C102187,51,18,one-year,credit-card,no,no,8.58,0,0,0,20,1,89.1,1701.41,0
C102188,51,33,two-year,mailed-check,yes,no,33.58,0,0,2,25,0,49.38,1703.86,0
C102189,29,42,month-to-month,bank-transfer,no,no,79.03,1,1,0,15,2,92.89,4040.83,1
C102190,51,26,one-year,mailed-check,yes,no,47.27,1,0,2,18,2,89.12,2431.1,0
C102191,38,29,month-to-month,electronic-check,no,no,32.66,0,0,0,15,0,51.53,1583.27,0
C102192,35,20,one-year,mailed-check,no,yes,36.76,0,0,0,13,1,66.07,,1
C102193,30,15,month-to-month,bank-transfer,no,no,14.41,0,0,1,14,2,67.65,1121.1,0
C102194,32,47,month-to-month,credit-card,no,no,48.04,0,1,0,13,0,48.1,2327.7,0
C102195,60,59,one-year,electronic-check,no,no,68.88,0,1,1,23,1,48.1,2903.04,1
C102196,43,21,month-to-month,mailed-check,no,no,16.72,0,1,3,20,0,43.1,984.08,0
C102197,41,62,month-to-month,bank-transfer,yes,no,5.44,0,0,1,17,0,23.89,1542.73,0
C102198,36,41,month-to-month,,yes,no,40.93,1,0,0,14,0,58.14,2452.82,0
C102199,68,12,month-to-month,credit-card,yes,no,94.31,0,0,0,16,3,93.51,1150.97,0
C102200,55,26,one-year,electronic-check,yes,no,9.41,0,0,0,15,1,62.56,1737.33,0
C102201,30,0,month-to-month,credit-card,no,no,1.43,0,0,3,22,3,80.99,63.57,1
C102202,36,2,month-to-month,bank-transfer,yes,no,19.2,1,0,2,13,2,58.91,188.6,0
C102203,36,24,two-year,electronic-check,no,yes,13.56,1,1,6,15,1,86.38,2183.29,0
C102204,41,33,one-year,bank-transfer,yes,no,25.54,0,0,2,17,1,77.3,2554.42,0
C102205,31,58,month-to-month,electronic-check,yes,yes,11.82,1,0,0,17,2,55.14,3241.48,0
C102206,44,9,one-year,bank-transfer,yes,no,18.68,0,0,0,13,0,80.61,812.27,1
C102207,56,61,month-to-month,credit-card,yes,yes,8.8,1,0,1,15,0,73.34,4652.11,0
C102208,23,17,month-to-month,bank-transfer,yes,no,2.84,0,0,0,20,2,55.76,1035.59,0
C102209,25,10,one-year,electronic-check,yes,no,20.33,1,0,1,11,1,73.89,781.02,0
C102210,33,51,month-to-month,mailed-check,yes,no,35.3,1,0,2,16,3,66.83,3517.05,1
C102211,34,56,month-to-month,mailed-check,no,no,6.8,0,0,2,11,2,49.58,2877.58,0
C102212,63,44,two-year,bank-transfer,yes,no,84.49,0,1,1,17,0,48.66,2181.36,0
C102213,51,8,one-year,bank-transfer,no,no,31.06,1,1,1,12,0,65.56,592.27,0
C102214,50,8,two-year,mailed-check,no,no,14.43,2,0,0,8,0,63.05,585.72,0
C102215,36,28,two-year,bank-transfer,yes,no,53.29,1,0,3,15,0,90.89,2654.27,1
C102216,36,32,month-to-month,credit-card,yes,no,42.06,1,1,1,16,1,71.26,2350.51,0
C102217,22,72,one-year,bank-transfer,no,no,34.11,2,0,0,17,0,34.9,2509.93,0
C102218,48,20,month-to-month,electronic-check,no,no,24.78,1,0,1,15,2,61.76,1239.18,0
C102219,45,14,one-year,mailed-check,yes,no,14.77,3,0,0,12,2,69.89,1014.89,1
C102220,54,69,month-to-month,mailed-check,no,yes,28.89,0,0,2,13,0,52.66,3666.75,0
C102221,36,11,month-to-month,credit-card,yes,no,24.71,1,1,0,13,1,60.28,718.59,0
C102222,37,1,month-to-month,credit-card,yes,yes,51.4,1,1,0,17,2,75.64,176.2,0
C102223,41,30,one-year,credit-card,yes,no,32.3,0,0,2,12,0,74.27,2272.16,0
C102224,50,29,month-to-month,electronic-check,no,no,17.18,1,1,0,14,2,73.56,2175.54,0
C102225,21,45,one-year,bank-transfer,yes,no,16.96,2,0,0,17,0,32.22,1499.43,0
C102226,48,64,two-year,credit-card,yes,no,11.51,0,0,1,16,0,59.4,,1
C102227,39,68,one-year,electronic-check,yes,no,25.73,1,1,0,19,1,37.63,2573.64,0
C102228,26,21,month-to-month,electronic-check,yes,no,15.38,1,0,0,9,2,61.25,1342.91,0
C102229,18,71,month-to-month,electronic-check,yes,no,7.49,0,1,0,20,0,75.61,5436.2,1
C102230,37,46,two-year,bank-transfer,yes,no,39.51,0,0,1,16,3,58.82,2724.57,0
C102231,56,5,one-year,mailed-check,no,no,14.21,0,0,0,16,1,87.37,548.87,0
C102232,59,68,month-to-month,electronic-check,no,no,17.96,2,1,0,11,0,61.49,4281.92,0
C102233,43,10,two-year,mailed-check,yes,no,58.75,0,2,0,20,0,61.56,661.54,0
C102234,63,42,month-to-month,credit-card,yes,no,43.72,1,1,0,18,0,40.44,1815.85,0
C102235,38,57,month-to-month,credit-card,yes,no,31.96,0,0,0,17,0,56.9,3274.46,0
C102236,50,18,month-to-month,bank-transfer,no,no,25.52,1,0,1,20,2,63.95,1215.52,0
C102237,34,19,month-to-month,credit-card,yes,no,67.5,0,0,2,16,1,56.35,1081.56,0
C102238,33,34,month-to-month,bank-transfer,no,no,18.42,0,0,0,11,0,53.52,1856.39,0
C102239,31,64,one-year,credit-card,yes,no,11.79,0,0,0,14,0,82.91,5453.39,0
C102240,18,16,month-to-month,mailed-check,yes,no,51.24,0,0,1,13,1,75.64,1298.06,1
C102241,54,48,one-year,credit-card,yes,no,32.01,0,0,1,16,1,60.96,2988.9,0
C102242,31,33,two-year,credit-card,no,no,9.73,0,0,2,20,2,76.08,2557.53,0
C102243,29,8,two-year,bank-transfer,yes,yes,32.06,1,0,0,13,0,50.71,407.41,0
C102244,25,51,month-to-month,mailed-check,yes,yes,5.54,1,0,1,13,1,71.35,3753.51,1
C102245,37,60,one-year,electronic-check,yes,no,44.51,0,0,1,18,0,41.86,,1
C102246,60,42,month-to-month,electronic-check,no,no,26.31,0,1,1,11,0,65.8,2800.56,1
C102247,64,12,one-year,electronic-check,yes,no,29.21,1,1,1,16,3,61.18,763.83,1
C102248,19,11,month-to-month,electronic-check,no,no,30.54,0,1,0,10,1,59.93,738.28,0
C102249,35,30,one-year,mailed-check,no,no,31.73,1,0,0,14,1,74.06,2331.34,0
C102250,27,36,month-to-month,electronic-check,yes,no,21.11,1,0,1,19,0,77.02,2799.21,0
C102251,51,40,one-year,,yes,no,22.83,2,0,0,14,0,28.34,1160.21,0
C102252,42,17,month-to-month,bank-transfer,yes,no,15.23,0,0,0,18,0,40.65,740.0,0
C102253,31,36,month-to-month,credit-card,no,no,25.6,1,0,1,13,1,63.57,2355.8,0
C102254,40,21,one-year,mailed-check,no,no,21.18,0,1,1,16,0,63.99,1403.22,0
C102255,33,50,month-to-month,electronic-check,no,no,23.85,0,0,0,14,1,59.3,2973.56,0
C102256,58,58,one-year,electronic-check,yes,no,6.88,0,0,2,6,0,54.19,3199.81,0
C102257,46,47,one-year,credit-card,no,no,13.2,1,0,2,16,3,79.43,3840.18,0
C102258,47,0,one-year,electronic-check,yes,no,2.24,1,0,0,16,1,57.77,8.2,0
C102259,18,72,one-year,bank-transfer,yes,no,19.54,2,1,1,19,1,65.54,4790.44,1
C102260,38,1,one-year,electronic-check,yes,no,8.66,1,0,1,17,1,69.5,153.79,0
C102261,64,72,two-year,mailed-check,yes,no,4.09,0,2,2,15,0,74.49,5398.73,0
C102262,55,2,month-to-month,electronic-check,yes,yes,25.6,0,0,3,15,1,61.51,162.9,1
C102263,18,37,one-year,mailed-check,yes,no,9.41,0,0,0,19,1,78.86,2966.34,0
C102264,35,7,one-year,electronic-check,no,no,13.22,0,1,1,13,2,72.97,585.14,0
C102265,25,6,month-to-month,credit-card,yes,no,28.7,0,1,1,12,3,75.26,488.23,1
C102266,60,49,month-to-month,electronic-check,no,no,38.44,0,1,1,14,1,62.99,3090.26,0
C102267,42,53,month-to-month,electronic-check,yes,no,15.63,3,0,0,11,2,46.55,2528.9,0
C102268,30,8,one-year,electronic-check,yes,no,44.5,3,0,0,18,1,52.83,512.3,0
C102269,39,71,month-to-month,credit-card,yes,no,52.22,0,0,0,16,0,49.2,3531.66,0
C102270,18,23,one-year,bank-transfer,no,no,20.37,1,0,0,12,1,63.81,1462.79,0
C102271,26,23,one-year,bank-transfer,no,no,20.34,1,1,0,16,2,87.4,2056.37,0
C102272,39,21,one-year,mailed-check,yes,no,12.61,0,0,3,16,0,51.39,1112.56,0
C102273,49,33,month-to-month,credit-card,yes,no,24.27,2,0,2,17,2,61.58,2100.14,1
C102274,18,12,one-year,electronic-check,yes,no,38.58,0,1,0,20,1,77.12,975.09,0
C102275,34,31,one-year,credit-card,yes,no,49.76,0,0,0,20,1,70.25,2255.72,0
C102276,51,15,month-to-month,credit-card,no,no,9.78,0,0,1,21,1,76.27,1189.56,0
C102277,22,3,month-to-month,,no,no,21.42,1,0,1,15,1,72.68,331.28,0
C102278,42,26,month-to-month,electronic-check,yes,no,33.96,0,0,0,15,2,87.08,2297.52,0
C102279,40,49,two-year,mailed-check,yes,no,4.31,0,0,2,13,0,59.52,2967.77,0
C102280,60,55,month-to-month,electronic-check,yes,no,0.56,0,0,0,14,2,81.94,4567.57,0
C102281,36,25,month-to-month,electronic-check,no,yes,20.76,0,0,0,14,0,67.07,1749.54,0
C102282,37,23,month-to-month,mailed-check,yes,no,10.06,2,0,0,17,1,76.03,1777.05,0
C102283,49,57,month-to-month,electronic-check,yes,no,8.81,0,0,1,20,1,74.78,4341.19,1
C102284,23,49,month-to-month,bank-transfer,no,no,10.54,1,0,0,9,3,91.09,4535.18,0
C102285,36,60,one-year,mailed-check,yes,no,10.65,1,1,1,14,0,45.92,2808.01,0
C102286,34,66,month-to-month,bank-transfer,yes,no,28.31,0,0,0,15,1,62.72,4181.8,0
C102287,37,59,two-year,mailed-check,yes,no,2.14,0,0,0,16,0,50.29,3055.97,0
C102288,49,68,month-to-month,mailed-check,no,no,26.85,0,0,0,18,1,52.83,3644.47,0
C102289,46,30,month-to-month,mailed-check,no,yes,16.45,0,0,0,7,2,92.87,2866.32,1
C102290,30,28,one-year,credit-card,yes,no,6.09,0,2,1,12,0,55.23,1590.57,0
C102291,41,23,one-year,mailed-check,yes,no,32.01,0,0,1,14,1,51.4,1223.57,0
C102292,57,17,two-year,bank-transfer,yes,no,27.92,1,0,1,13,2,88.87,1621.19,0
C102293,29,54,month-to-month,credit-card,no,no,11.43,0,0,1,13,1,62.51,3439.69,1
C102294,41,52,month-to-month,bank-transfer,yes,no,30.62,0,0,1,18,2,79.64,4211.03,0
C102295,37,58,one-year,electronic-check,yes,yes,47.32,0,0,0,12,0,53.41,3176.73,1
C102296,38,12,month-to-month,electronic-check,yes,yes,2.52,0,0,1,16,2,80.86,1124.05,1
C102297,19,35,two-year,bank-transfer,no,no,8.96,0,0,3,15,2,73.5,2622.04,0
C102298,56,16,month-to-month,bank-transfer,yes,no,1.94,1,1,1,14,2,75.18,1286.23,1
C102299,30,65,month-to-month,bank-transfer,yes,no,36.01,0,0,0,14,1,57.16,3743.96,0
C102300,51,19,one-year,bank-transfer,yes,no,18.54,1,1,0,10,0,60.92,1236.21,0
C102301,32,10,one-year,electronic-check,no,no,15.2,2,1,0,12,0,63.11,739.49,0
C102302,31,41,two-year,credit-card,no,no,34.33,0,1,0,16,1,53.09,2181.25,0
C102303,54,64,two-year,bank-transfer,no,no,13.32,1,0,0,15,0,84.86,5527.13,0
C102304,51,66,month-to-month,credit-card,yes,no,34.76,2,0,0,12,1,81.85,5425.63,0
C102305,42,7,one-year,bank-transfer,yes,no,7.42,1,1,2,14,0,57.2,437.05,0
C102306,48,23,two-year,mailed-check,yes,no,20.78,0,0,2,14,0,66.48,1592.26,1
C102307,36,11,month-to-month,bank-transfer,no,yes,39.14,2,0,2,19,2,74.75,918.15,0
C102308,39,22,month-to-month,bank-transfer,no,no,4.93,0,0,0,15,2,64.16,1438.02,1
C102309,31,38,two-year,electronic-check,yes,no,10.7,0,0,0,14,0,67.05,2571.92,0
C102310,50,20,month-to-month,mailed-check,yes,no,15.16,1,0,3,12,1,52.17,1069.36,0
C102311,31,4,two-year,electronic-check,yes,no,63.43,2,0,2,16,2,74.73,379.49,0
C102312,57,37,month-to-month,electronic-check,no,no,25.87,0,0,1,17,1,55.74,2066.33,0
C102313,35,3,two-year,bank-transfer,yes,no,6.29,0,0,0,12,1,54.6,302.37,0
C102314,39,16,one-year,mailed-check,yes,no,70.2,0,0,1,16,0,60.97,1011.59,1
C102315,48,0,one-year,bank-transfer,yes,no,59.69,0,0,2,23,0,71.09,39.96,0
C102316,39,6,one-year,mailed-check,yes,no,24.44,0,1,1,14,1,65.88,414.36,1
C102317,35,31,month-to-month,credit-card,yes,yes,83.43,1,0,1,20,1,70.98,2288.96,1
C102318,39,62,one-year,bank-transfer,no,yes,12.56,0,0,2,14,2,52.64,3297.27,0
C102319,50,56,two-year,bank-transfer,no,yes,16.85,2,0,1,13,0,53.61,3075.02,0
C102320,31,7,two-year,mailed-check,yes,yes,9.08,0,1,2,15,1,46.04,380.12,0
C102321,37,2,two-year,credit-card,yes,no,34.5,1,1,0,16,3,82.82,314.59,0
C102322,39,24,one-year,mailed-check,no,no,74.9,0,0,2,13,3,89.44,2194.26,0
C102323,49,47,one-year,credit-card,no,no,42.86,1,0,1,14,0,56.87,2727.64,1
C102324,38,54,one-year,mailed-check,yes,no,9.8,1,1,0,12,2,76.23,4183.65,0
C102325,61,60,one-year,electronic-check,no,no,13.28,2,0,1,17,1,71.19,4270.12,0
C102326,37,24,one-year,bank-transfer,no,no,39.35,0,0,0,21,1,75.24,1896.4,0
C102327,36,12,month-to-month,mailed-check,no,no,9.5,0,0,0,13,1,70.0,899.25,0
C102328,37,1,month-to-month,electronic-check,yes,no,20.57,1,0,1,19,1,73.09,171.48,1
C102329,23,10,one-year,mailed-check,yes,no,4.52,2,0,0,20,2,41.0,456.4,0
C102330,27,4,month-to-month,electronic-check,yes,no,16.66,0,0,1,22,1,47.79,236.15,1
C102331,33,62,month-to-month,credit-card,no,no,24.39,0,1,1,22,2,70.94,4514.91,0
C102332,53,19,month-to-month,bank-transfer,no,no,25.24,0,0,0,15,2,69.63,1366.65,0
C102333,39,60,two-year,electronic-check,no,no,31.72,1,0,1,18,1,57.73,3550.02,0
C102334,33,40,two-year,bank-transfer,yes,no,56.97,1,0,0,15,0,63.65,2621.44,0
C102335,54,39,one-year,bank-transfer,yes,no,44.71,0,0,2,17,0,66.5,2716.54,0
C102336,58,33,two-year,,no,no,42.22,0,0,0,13,1,55.94,1893.34,0
C102337,54,59,two-year,bank-transfer,no,no,38.04,2,0,0,14,1,57.38,3521.61,0
C102338,29,3,month-to-month,electronic-check,no,no,25.47,1,2,1,15,2,56.55,210.1,0
C102339,33,6,month-to-month,electronic-check,yes,no,20.83,0,0,0,10,0,55.06,400.22,0
C102340,61,30,month-to-month,bank-transfer,no,no,46.35,0,2,0,14,0,57.23,1752.63,0
C102341,42,28,month-to-month,bank-transfer,no,yes,38.99,0,0,0,16,2,63.68,1875.74,0
C102342,36,39,one-year,bank-transfer,no,no,11.8,1,1,0,27,3,68.48,2720.42,0
C102343,48,53,month-to-month,electronic-check,yes,no,,2,2,1,20,2,74.12,4095.21,1
C102344,51,42,two-year,credit-card,no,no,25.82,2,0,0,13,1,76.54,3297.57,0
C102345,32,18,one-year,mailed-check,yes,no,30.1,0,0,0,15,2,62.09,1176.54,0
C102346,42,23,month-to-month,bank-transfer,yes,no,50.83,0,0,2,15,0,47.2,1100.25,0
C102347,50,54,two-year,electronic-check,yes,no,12.51,0,0,0,12,2,87.89,4763.22,0
C102348,25,14,two-year,bank-transfer,yes,no,11.45,1,0,0,15,0,64.01,971.41,0
C102349,39,36,one-year,credit-card,no,no,27.58,0,0,0,19,0,41.06,1481.45,0
C102350,26,39,one-year,electronic-check,no,yes,13.59,1,0,0,17,0,64.37,2600.21,0
C102351,27,54,two-year,credit-card,yes,no,5.58,2,0,2,11,0,49.04,2602.86,0
C102352,32,52,one-year,bank-transfer,no,yes,8.29,0,1,1,9,1,77.56,4072.63,0
C102353,45,33,two-year,electronic-check,yes,no,83.73,5,0,0,15,1,65.43,2227.18,0
C102354,35,22,month-to-month,electronic-check,yes,no,24.2,0,2,1,13,1,45.37,1092.13,1
C102355,31,26,one-year,bank-transfer,no,no,34.24,0,0,1,11,1,56.45,1521.12,0
C102356,40,30,month-to-month,electronic-check,yes,no,19.29,1,0,1,14,0,45.61,1419.58,0
C102357,25,16,month-to-month,electronic-check,no,no,47.59,1,1,0,12,2,60.01,980.54,0
C102358,44,45,month-to-month,credit-card,no,no,2.35,1,0,0,12,2,34.17,1570.94,1
C102359,53,15,month-to-month,bank-transfer,yes,no,63.0,1,0,2,11,2,69.34,1094.52,1
C102360,38,47,month-to-month,bank-transfer,yes,no,23.85,1,0,0,16,1,39.17,1937.46,0
C102361,37,54,month-to-month,bank-transfer,yes,no,13.49,3,1,0,10,1,63.18,3403.0,1
C102362,43,70,month-to-month,mailed-check,no,no,57.04,1,1,0,16,2,49.78,3559.37,1
C102363,18,8,two-year,bank-transfer,yes,no,32.71,0,2,1,13,2,60.35,517.95,0
C102364,45,55,one-year,electronic-check,no,no,21.27,0,0,1,14,2,85.54,4783.19,0
C102365,76,6,one-year,electronic-check,yes,no,6.25,2,0,2,10,0,63.76,439.02,1
C102366,38,24,month-to-month,bank-transfer,yes,yes,21.86,0,1,2,12,0,46.77,1151.24,0
C102367,38,12,two-year,credit-card,yes,no,26.04,0,0,2,14,1,69.92,870.59,0
C102368,48,11,month-to-month,mailed-check,yes,no,28.54,0,0,0,17,1,44.25,476.39,0
C102369,59,12,month-to-month,credit-card,yes,no,12.03,0,2,1,15,0,67.43,963.34,1
C102370,51,3,month-to-month,bank-transfer,yes,no,12.35,1,0,2,18,3,102.43,404.23,1
C102371,18,60,two-year,mailed-check,no,no,8.06,1,1,0,13,2,75.84,4589.78,0
C102372,46,4,two-year,mailed-check,no,no,13.23,0,0,2,17,1,56.96,309.51,1
C102373,70,29,one-year,electronic-check,yes,no,36.75,0,1,0,17,0,29.03,901.04,0
C102374,46,51,one-year,bank-transfer,yes,yes,72.38,0,0,0,20,0,58.61,3048.61,1
C102375,25,72,month-to-month,electronic-check,yes,no,18.86,1,0,0,10,3,91.87,6670.27,0
C102376,42,62,one-year,mailed-check,no,no,29.18,1,1,0,19,0,61.1,3881.78,0
C102377,24,10,month-to-month,electronic-check,no,no,7.65,0,0,1,16,2,85.88,915.47,1
C102378,54,72,month-to-month,credit-card,no,no,7.86,0,0,0,20,0,38.27,2761.77,0
C102379,28,47,two-year,mailed-check,yes,no,45.71,1,0,0,14,2,78.46,3727.82,0
C102380,40,13,two-year,mailed-check,no,no,1.81,1,1,0,14,1,50.65,670.5,0
C102381,29,32,month-to-month,mailed-check,no,no,32.95,1,0,2,11,1,81.41,2711.86,1
C102382,32,67,month-to-month,electronic-check,yes,no,33.96,0,0,2,11,2,83.16,5635.78,0
C102383,57,28,month-to-month,mailed-check,yes,no,46.64,0,1,1,12,0,60.99,1853.64,0
C102384,40,13,month-to-month,credit-card,yes,no,30.39,0,0,3,13,0,57.3,811.08,0
C102385,32,63,month-to-month,bank-transfer,no,no,5.89,0,0,0,17,0,43.96,2818.06,0
C102386,25,69,one-year,mailed-check,yes,no,53.81,0,0,1,18,0,48.43,3398.3,0
C102387,18,71,month-to-month,credit-card,yes,no,15.13,1,0,0,15,3,106.89,7675.69,0
C102388,24,69,month-to-month,electronic-check,yes,no,51.12,1,0,1,18,0,47.32,3342.13,0
C102389,40,63,month-to-month,credit-card,yes,no,43.81,0,1,1,12,2,86.19,5486.39,1
C102390,51,33,one-year,electronic-check,no,no,29.58,1,0,2,13,2,71.93,2428.49,0
C102391,32,14,month-to-month,credit-card,yes,no,44.11,0,0,0,16,0,57.66,895.49,1
C102392,58,45,month-to-month,credit-card,yes,yes,58.69,1,1,0,19,0,60.66,2837.82,0
C102393,30,16,one-year,credit-card,yes,no,32.86,0,0,2,20,2,93.82,1667.55,0
C102394,36,34,one-year,electronic-check,no,no,40.7,0,1,0,16,1,67.59,2350.0,0
C102395,26,47,month-to-month,mailed-check,yes,no,10.76,1,0,0,16,2,74.04,3573.22,0
C102396,51,69,one-year,credit-card,yes,no,38.59,0,0,0,18,2,67.0,4626.23,1
C102397,64,21,month-to-month,mailed-check,yes,no,10.56,1,1,0,13,0,53.29,1227.51,0
C102398,18,18,one-year,mailed-check,yes,no,27.42,1,0,2,12,1,71.67,1355.92,0
C102399,35,53,month-to-month,mailed-check,no,no,13.61,1,0,0,12,0,72.66,3948.47,1
C102400,54,0,two-year,electronic-check,no,no,16.39,0,0,1,9,3,94.17,116.62,0
C102401,22,41,two-year,mailed-check,yes,no,63.77,1,1,0,12,1,30.79,1309.89,0
C102402,46,54,one-year,electronic-check,yes,no,23.4,0,1,2,16,0,36.26,1972.44,0
C102403,54,40,two-year,bank-transfer,yes,no,27.23,1,0,2,17,0,81.54,3317.52,0
C102404,40,28,month-to-month,mailed-check,yes,no,39.78,2,0,0,9,1,65.86,1941.82,0
C102405,46,60,one-year,electronic-check,yes,no,25.85,1,1,0,10,2,63.38,3848.55,0
C102406,60,27,month-to-month,electronic-check,yes,yes,38.12,1,1,0,19,0,50.31,1384.13,1
C102407,62,51,month-to-month,credit-card,yes,no,40.64,2,0,0,14,3,70.64,3669.74,1
C102408,38,33,month-to-month,bank-transfer,no,no,15.4,1,0,2,11,0,46.64,1581.16,0
C102409,33,1,one-year,bank-transfer,no,no,9.0,1,1,0,16,2,64.25,113.72,1
C102410,28,38,one-year,credit-card,yes,yes,25.58,1,0,1,21,0,50.52,1965.04,0
C102411,51,3,two-year,bank-transfer,no,no,16.47,0,0,2,18,0,44.24,186.52,0
C102412,23,67,one-year,mailed-check,no,no,43.01,1,0,1,15,0,68.58,4628.3,0
C102413,36,43,two-year,bank-transfer,yes,no,16.88,1,0,0,13,0,54.91,2375.11,0
C102414,40,27,two-year,electronic-check,no,no,58.4,1,0,1,15,2,78.24,2210.56,0
C102415,33,35,two-year,bank-transfer,no,no,59.89,0,0,1,14,1,67.84,2456.55,0
C102416,42,45,month-to-month,electronic-check,yes,no,55.06,1,0,0,11,3,78.28,3588.97,1
C102417,70,18,month-to-month,credit-card,no,no,35.88,4,1,0,23,0,48.67,905.14,0
C102418,38,21,one-year,mailed-check,yes,no,14.0,4,0,2,14,0,38.06,865.1,0
C102419,34,30,two-year,electronic-check,yes,no,18.62,0,0,0,11,0,64.8,,0
C102420,51,18,month-to-month,bank-transfer,yes,no,35.43,2,2,1,17,2,73.2,1351.04,1
C102421,42,55,month-to-month,electronic-check,no,no,21.57,0,0,1,18,0,71.01,3949.61,0
C102422,56,7,month-to-month,mailed-check,no,no,20.59,1,1,2,15,1,66.42,445.74,0
C102423,41,60,month-to-month,credit-card,yes,no,56.87,1,0,1,16,0,77.37,4789.27,0
C102424,36,25,two-year,bank-transfer,yes,no,7.37,0,0,1,10,1,59.06,1489.83,1
C102425,18,40,month-to-month,bank-transfer,yes,yes,36.95,1,0,0,14,1,52.31,2180.34,1
C102426,20,11,month-to-month,mailed-check,no,no,33.88,1,0,1,13,0,79.36,962.3,0
C102427,18,28,one-year,mailed-check,yes,no,26.87,2,0,1,15,3,96.16,2801.77,0
C102428,44,55,month-to-month,electronic-check,no,no,10.2,0,0,0,12,0,33.27,1921.51,1
C102429,23,19,month-to-month,bank-transfer,yes,no,18.88,2,0,1,13,0,61.63,1248.59,0
C102430,54,9,one-year,bank-transfer,yes,no,26.51,1,1,0,6,2,82.06,818.68,1
C102431,39,38,month-to-month,electronic-check,yes,no,9.17,0,1,0,12,3,82.35,3263.66,0
C102432,36,11,two-year,electronic-check,yes,yes,49.66,0,0,0,13,0,42.56,435.5,0
C102433,29,22,one-year,electronic-check,yes,no,24.44,1,1,1,11,1,67.95,1607.48,1
C102434,46,32,two-year,electronic-check,no,no,23.1,1,1,1,11,0,58.71,1940.72,0
C102435,29,41,month-to-month,electronic-check,yes,no,38.45,0,0,1,13,0,48.88,2049.94,1
C102436,27,46,one-year,mailed-check,yes,yes,64.82,0,2,0,17,0,67.53,3165.52,0
C102437,53,49,one-year,mailed-check,no,no,18.5,1,0,2,8,3,64.3,3227.67,0
C102438,43,61,one-year,mailed-check,yes,no,8.32,1,0,1,15,2,79.99,4941.76,0
C102439,36,4,month-to-month,electronic-check,no,no,69.97,1,0,1,20,2,105.21,492.4,1
C102440,47,26,month-to-month,mailed-check,no,yes,28.59,1,0,0,10,3,87.31,2359.92,0
C102441,39,0,month-to-month,credit-card,no,no,87.81,0,1,0,20,1,84.94,109.72,1
C102442,44,0,two-year,electronic-check,yes,yes,59.12,1,2,0,12,1,66.88,62.54,0
C102443,29,15,two-year,electronic-check,yes,no,12.73,2,0,0,17,0,58.26,949.06,0
C102444,64,43,month-to-month,mailed-check,yes,no,21.04,0,1,1,17,2,66.2,2937.83,1
C102445,32,65,one-year,electronic-check,yes,no,1.82,3,0,1,16,1,54.96,3650.27,1
C102446,58,56,one-year,electronic-check,yes,no,13.95,0,0,0,21,1,70.14,4017.71,0
C102447,37,47,one-year,mailed-check,yes,no,7.16,2,0,0,9,1,55.64,2692.26,0
C102448,49,56,month-to-month,mailed-check,yes,no,14.95,0,0,2,12,1,74.47,4254.7,0
C102449,48,12,two-year,credit-card,no,no,4.84,0,1,1,11,1,66.35,787.96,0
C102450,53,61,one-year,credit-card,no,no,11.77,1,1,0,17,0,41.12,2524.55,0
C102451,29,64,one-year,mailed-check,yes,yes,14.56,0,0,0,19,0,67.51,4378.44,0
C102452,52,6,one-year,mailed-check,no,no,23.08,0,2,3,15,0,81.67,600.47,0
C102453,61,34,one-year,credit-card,no,no,6.05,0,1,1,7,0,66.03,2294.08,0
C102454,36,60,month-to-month,mailed-check,yes,no,51.13,0,0,0,19,1,45.04,2781.79,0
C102455,39,34,two-year,credit-card,no,no,14.05,0,0,0,12,0,84.35,3002.44,0
C102456,33,61,month-to-month,bank-transfer,no,no,29.76,2,0,1,14,0,30.21,1949.94,0
C102457,35,68,two-year,electronic-check,no,no,13.59,3,1,2,13,0,35.21,2451.6,0
C102458,60,34,two-year,electronic-check,no,no,24.12,1,0,0,17,0,35.37,1214.6,0
C102459,27,4,one-year,electronic-check,yes,no,22.37,1,0,1,18,2,65.87,343.05,0
C102460,28,24,one-year,credit-card,yes,no,52.68,0,0,0,11,1,42.72,1097.01,0
C102461,58,15,month-to-month,electronic-check,no,no,19.71,1,1,0,6,0,29.21,414.87,0
C102462,46,34,month-to-month,bank-transfer,yes,no,20.59,1,1,2,17,0,47.85,1716.62,0
C102463,64,42,one-year,mailed-check,yes,no,9.65,0,0,0,12,0,46.77,1993.21,1
C102464,34,33,month-to-month,credit-card,no,no,4.77,0,0,0,13,0,51.56,1760.01,0
C102465,41,14,month-to-month,bank-transfer,no,no,28.5,1,0,1,18,0,62.27,898.1,0
C102466,31,21,two-year,electronic-check,no,no,28.97,2,0,1,14,0,74.2,1669.72,0
C102467,41,49,month-to-month,electronic-check,yes,no,26.56,1,1,0,14,0,56.05,2737.64,1
C102468,18,1,month-to-month,mailed-check,yes,no,44.14,3,0,2,8,1,72.07,142.01,0
C102469,47,15,month-to-month,credit-card,yes,no,22.81,0,0,1,15,0,52.66,825.16,0
C102470,43,65,one-year,bank-transfer,no,no,16.88,1,0,0,11,0,69.79,4633.88,1
C102471,38,7,month-to-month,mailed-check,yes,no,26.11,0,0,0,23,1,85.51,669.23,0
C102472,34,30,one-year,credit-card,no,yes,20.13,1,0,1,14,0,48.93,1560.37,0
C102473,28,15,month-to-month,mailed-check,yes,no,6.75,0,1,1,17,1,45.52,718.21,0
C102474,48,7,month-to-month,electronic-check,yes,no,47.19,1,0,1,15,3,59.33,495.91,0
C102475,25,30,month-to-month,credit-card,no,no,13.69,1,0,0,15,0,50.01,1574.9,0
C102476,45,38,month-to-month,mailed-check,yes,no,21.14,0,1,0,18,2,67.35,2640.26,0
C102477,64,12,two-year,credit-card,yes,no,14.74,1,0,0,16,0,55.76,743.77,0
C102478,57,5,month-to-month,mailed-check,yes,no,52.36,0,0,1,14,1,62.82,321.3,0
C102479,21,9,month-to-month,bank-transfer,yes,no,15.19,4,0,1,22,0,40.53,385.21,0
C102480,33,47,month-to-month,electronic-check,no,no,57.82,1,0,0,14,1,62.37,2976.42,0
C102481,44,62,month-to-month,mailed-check,yes,no,12.65,0,0,1,10,3,84.97,5376.04,0
C102482,38,13,month-to-month,electronic-check,no,no,37.01,0,0,0,12,1,86.36,1250.26,1
C102483,22,23,month-to-month,bank-transfer,yes,no,20.54,0,0,2,15,1,53.39,1291.19,0
C102484,44,25,two-year,electronic-check,yes,no,5.66,0,0,0,17,2,76.28,1972.57,0
C102485,39,26,month-to-month,electronic-check,no,no,56.55,2,0,1,17,0,56.59,1528.71,0
C102486,62,17,one-year,mailed-check,no,no,11.85,0,0,0,11,2,65.02,1181.02,0
C102487,36,4,one-year,mailed-check,no,no,17.36,0,0,3,14,0,49.85,246.32,0
C102488,53,38,month-to-month,bank-transfer,no,yes,28.04,2,1,1,11,3,53.33,2056.81,0
C102489,24,26,one-year,bank-transfer,yes,no,8.5,0,0,0,14,3,77.74,2058.5,0
C102490,27,24,two-year,bank-transfer,yes,no,13.38,2,1,0,13,1,72.8,1784.57,1
C102491,48,19,one-year,mailed-check,yes,no,19.32,1,1,0,14,0,50.87,977.27,0
C102492,52,67,two-year,mailed-check,no,no,5.27,0,0,2,18,0,60.99,4153.0,0
C102493,28,44,one-year,electronic-check,yes,no,26.16,0,0,1,23,2,55.0,2452.78,1
C102494,39,30,month-to-month,mailed-check,yes,no,7.66,1,0,1,20,0,72.86,2280.86,0
C102495,22,14,two-year,credit-card,yes,yes,36.49,1,0,0,10,1,57.42,783.58,1
C102496,37,58,month-to-month,mailed-check,yes,no,47.71,0,0,2,10,1,63.01,3689.57,1
C102497,49,64,one-year,credit-card,no,no,38.1,0,0,0,19,0,68.05,4417.19,0
C102498,34,2,one-year,electronic-check,yes,yes,41.61,1,0,1,16,1,50.1,156.26,0
C102499,36,67,two-year,bank-transfer,no,no,18.64,0,0,1,10,1,61.48,,0
C102500,25,51,two-year,bank-transfer,yes,no,6.94,0,0,0,9,3,79.43,4164.42,0
C102501,31,7,month-to-month,bank-transfer,no,no,46.23,0,0,1,19,3,79.27,686.17,0
C102502,60,54,one-year,bank-transfer,yes,no,13.63,0,0,0,9,1,52.81,2920.62,0
C102503,40,7,month-to-month,electronic-check,yes,no,21.88,2,1,1,10,1,76.2,613.92,0
C102504,27,3,one-year,bank-transfer,yes,no,10.56,0,0,0,13,0,58.38,252.32,0
C102505,35,8,one-year,mailed-check,yes,no,9.35,2,0,3,15,0,36.54,325.3,0
C102506,20,33,month-to-month,mailed-check,no,no,27.52,3,1,0,11,2,80.46,2777.53,1
C102507,27,45,two-year,electronic-check,no,no,23.88,1,0,0,12,2,96.62,4442.87,0
C102508,55,29,month-to-month,electronic-check,yes,no,5.4,2,0,2,21,0,44.14,1317.49,1
C102509,37,8,month-to-month,credit-card,yes,no,14.14,0,1,1,2,3,74.85,691.03,0
C102510,62,14,two-year,electronic-check,yes,yes,71.0,3,0,0,15,0,43.41,627.86,0
C102511,38,62,one-year,mailed-check,yes,no,33.55,1,0,0,20,2,81.95,5216.54,0
C102512,39,70,one-year,electronic-check,yes,no,12.96,2,0,1,22,1,77.5,5450.01,0
C102513,47,55,month-to-month,bank-transfer,yes,no,16.88,0,0,0,11,0,47.6,2629.16,0
C102514,18,7,month-to-month,bank-transfer,yes,no,23.51,0,0,1,9,2,55.47,482.19,0
C102515,41,59,month-to-month,credit-card,no,no,16.96,0,0,0,10,2,92.37,5599.09,0
C102516,38,50,month-to-month,bank-transfer,yes,no,54.12,0,2,0,13,3,67.2,3496.95,0
C102517,57,38,month-to-month,electronic-check,no,no,32.17,1,1,0,17,2,64.33,2490.15,0
C102518,51,10,month-to-month,electronic-check,no,no,38.16,1,0,1,16,3,82.27,902.07,0
C102519,25,72,one-year,electronic-check,yes,yes,40.87,1,0,2,24,1,46.11,3377.17,0
C102520,54,32,month-to-month,bank-transfer,yes,no,,0,0,1,16,3,62.19,2068.11,0
C102521,36,3,one-year,credit-card,yes,no,35.18,0,0,0,12,1,85.58,379.92,0
C102522,28,15,two-year,electronic-check,no,no,52.6,1,0,2,15,0,66.53,1080.31,0
C102523,41,29,month-to-month,mailed-check,yes,no,36.38,0,0,1,15,3,80.3,2499.77,0
C102524,37,4,one-year,bank-transfer,yes,no,8.71,1,0,2,13,0,62.83,353.58,0
C102525,57,23,month-to-month,bank-transfer,yes,no,65.22,0,0,0,14,0,66.25,1632.74,0
C102526,43,34,month-to-month,bank-transfer,no,no,4.17,0,0,1,26,0,50.17,1725.55,0
C102527,41,69,one-year,mailed-check,no,yes,31.19,2,0,1,17,1,63.35,4466.54,0
C102528,50,6,month-to-month,electronic-check,yes,no,25.25,1,1,2,26,0,60.76,465.97,0
C102529,52,42,month-to-month,mailed-check,no,yes,15.86,2,0,2,15,1,57.57,2509.2,0
C102530,48,66,two-year,mailed-check,yes,no,41.0,0,0,1,10,1,83.09,5508.23,0
C102531,56,58,month-to-month,bank-transfer,yes,no,20.47,1,0,0,11,2,57.43,3362.64,0
C102532,46,67,one-year,electronic-check,yes,no,32.45,1,1,0,18,3,78.33,5300.97,0
C102533,41,12,one-year,mailed-check,no,yes,7.82,0,0,2,7,1,77.72,1005.29,1
C102534,54,58,month-to-month,credit-card,no,no,45.98,0,0,3,18,0,69.69,4102.29,0
C102535,38,71,one-year,mailed-check,yes,yes,43.29,1,1,1,20,0,51.57,3822.67,0
C102536,39,23,month-to-month,electronic-check,yes,yes,23.1,0,1,0,8,1,66.04,1568.96,0
C102537,60,36,month-to-month,credit-card,yes,no,10.95,3,0,1,15,1,67.98,2518.23,0
C102538,58,38,two-year,electronic-check,yes,no,48.11,1,0,1,22,1,91.32,3584.84,0
C102539,39,36,month-to-month,bank-transfer,yes,no,4.46,0,1,0,12,0,45.67,1695.14,0
C102540,34,21,one-year,electronic-check,yes,yes,23.98,1,0,0,13,1,66.84,1539.67,0
C102541,57,70,month-to-month,credit-card,yes,yes,18.38,1,4,1,15,1,58.6,4180.17,0
C102542,49,69,month-to-month,electronic-check,yes,no,30.53,0,0,2,15,1,83.22,5818.46,0
C102543,43,27,one-year,mailed-check,yes,no,18.12,1,0,1,12,2,62.89,1752.33,0
C102544,35,58,one-year,credit-card,yes,no,41.75,3,0,1,15,1,60.38,3597.68,0
C102545,43,29,month-to-month,bank-transfer,yes,no,8.69,0,1,1,15,0,64.38,1979.5,0
C102546,39,58,one-year,electronic-check,yes,yes,48.37,1,0,2,14,1,56.03,3328.7,0
C102547,31,42,month-to-month,electronic-check,no,no,20.94,1,1,1,25,2,81.85,3503.68,1
C102548,41,34,month-to-month,electronic-check,yes,no,15.29,1,0,1,13,3,87.52,3045.13,0
C102549,42,9,one-year,electronic-check,yes,no,30.02,1,0,0,22,3,65.01,673.59,0
C102550,34,47,one-year,mailed-check,yes,no,40.18,2,1,1,12,2,56.75,2782.82,0
C102551,50,23,month-to-month,mailed-check,yes,no,19.58,0,0,1,16,2,93.56,2274.76,0
C102552,54,15,one-year,credit-card,no,no,20.95,1,0,0,13,1,69.7,1105.52,1
C102553,51,14,month-to-month,bank-transfer,yes,no,12.14,0,0,2,10,0,42.06,627.29,0
C102554,36,71,two-year,credit-card,yes,no,4.19,0,0,0,12,2,76.65,5450.75,1
C102555,48,7,two-year,mailed-check,yes,no,14.63,1,0,1,20,0,33.4,309.31,0
C102556,40,58,month-to-month,mailed-check,yes,no,23.32,0,0,0,14,2,76.29,4462.73,0
C102557,24,63,month-to-month,bank-transfer,no,no,17.38,1,0,2,11,1,68.49,4424.65,0
C102558,47,2,two-year,mailed-check,no,no,17.43,1,0,1,11,1,64.18,198.52,1
C102559,41,43,two-year,electronic-check,yes,no,8.6,1,0,2,20,1,56.83,2575.37,1
C102560,70,42,month-to-month,credit-card,yes,no,9.89,2,0,1,9,1,85.93,3734.19,0
C102561,56,26,month-to-month,bank-transfer,yes,no,8.42,1,0,2,15,2,72.72,1978.28,1
C102562,48,48,month-to-month,electronic-check,yes,no,23.75,2,1,0,22,1,44.43,2179.92,1
C102563,42,29,two-year,mailed-check,yes,no,30.88,1,0,1,19,2,67.14,1994.62,0
C102564,41,32,two-year,electronic-check,yes,no,24.45,0,1,0,13,0,70.51,2331.71,0
C102565,27,31,two-year,bank-transfer,yes,no,32.04,0,1,2,17,2,97.46,3116.72,1
C102566,18,58,month-to-month,mailed-check,yes,no,9.75,0,0,1,9,2,40.56,2343.19,1
C102567,29,46,two-year,credit-card,yes,no,22.37,2,0,1,18,3,80.28,3820.08,0
C102568,38,27,month-to-month,mailed-check,yes,yes,15.48,0,0,0,8,1,60.62,1689.77,1
C102569,18,67,month-to-month,mailed-check,no,no,19.87,0,0,1,9,1,69.87,4742.3,1
C102570,32,58,month-to-month,bank-transfer,yes,no,5.74,1,0,1,5,1,49.02,2831.2,0
C102571,36,68,month-to-month,,no,no,8.22,1,0,0,17,0,62.15,4275.83,0
C102572,36,53,one-year,credit-card,yes,no,23.22,1,0,0,16,2,82.93,4505.85,0
C102573,31,28,month-to-month,mailed-check,yes,no,12.08,3,0,1,14,0,45.11,1283.22,0
C102574,35,56,month-to-month,mailed-check,no,yes,12.71,1,0,0,8,0,55.19,3112.85,0
C102575,60,24,two-year,bank-transfer,yes,no,18.65,2,0,2,11,2,85.41,2127.63,0
C102576,47,19,month-to-month,credit-card,no,no,31.27,1,2,1,14,0,78.1,1567.48,0
C102577,32,32,month-to-month,credit-card,no,no,39.56,0,0,1,20,2,85.94,2872.72,1
C102578,38,70,month-to-month,mailed-check,yes,yes,4.53,0,0,0,11,2,65.85,4720.55,0
C102579,39,41,month-to-month,bank-transfer,yes,no,14.9,0,0,1,12,0,61.33,2574.53,0
C102580,30,28,month-to-month,,yes,no,25.4,1,0,0,16,0,53.71,1512.58,0
C102581,30,33,one-year,electronic-check,no,no,30.3,0,0,0,23,1,51.42,1729.34,0
C102582,51,21,month-to-month,electronic-check,yes,no,37.26,0,0,1,16,0,63.18,1426.14,0
C102583,34,48,month-to-month,electronic-check,no,no,28.22,0,0,1,10,1,72.34,3505.88,0
C102584,26,25,two-year,mailed-check,yes,no,13.1,0,0,1,11,2,65.57,1728.2,0
C102585,38,40,month-to-month,mailed-check,yes,no,25.0,1,0,2,14,1,75.61,3182.52,0
C102586,40,26,one-year,bank-transfer,yes,no,22.85,1,0,1,20,0,52.97,1463.96,1
C102587,18,23,month-to-month,bank-transfer,no,no,7.86,0,0,0,14,1,62.67,1517.28,0
C102588,39,70,two-year,electronic-check,no,no,11.92,0,0,0,8,0,58.08,4171.53,0
C102589,49,25,month-to-month,bank-transfer,yes,no,27.0,0,1,0,18,0,60.48,1587.87,0
C102590,44,5,one-year,electronic-check,yes,no,37.32,2,1,1,13,3,64.73,375.52,0
C102591,66,27,one-year,electronic-check,yes,no,14.25,2,1,0,14,2,91.25,2562.74,1
C102592,54,38,one-year,credit-card,yes,no,71.0,0,1,0,17,2,80.45,3100.4,0
C102593,56,6,two-year,electronic-check,no,yes,1.49,0,0,1,17,1,66.42,420.16,0
C102594,73,22,month-to-month,electronic-check,yes,no,21.43,0,0,1,9,2,69.33,1590.21,1
C102595,48,12,month-to-month,bank-transfer,no,no,23.2,0,0,1,17,1,63.82,805.24,0
C102596,41,36,two-year,mailed-check,yes,no,42.2,1,0,0,14,1,85.91,3153.86,1
C102597,51,52,two-year,mailed-check,no,no,12.78,0,1,2,19,0,67.27,3528.23,0
C102598,32,70,month-to-month,bank-transfer,no,no,14.58,1,1,0,14,0,63.49,4498.5,0
C102599,40,28,one-year,bank-transfer,no,no,14.79,1,0,1,15,0,85.62,2458.17,0
C102600,31,63,one-year,mailed-check,no,yes,40.8,0,0,1,13,1,73.32,4693.35,0
C102601,44,15,one-year,credit-card,yes,no,,0,0,1,16,0,46.95,727.93,0
C102602,31,56,two-year,electronic-check,no,no,16.59,1,1,1,14,1,73.05,4139.16,0
C102603,31,41,two-year,mailed-check,yes,no,10.56,1,0,0,15,1,72.06,3019.34,0
C102604,44,55,month-to-month,electronic-check,yes,no,10.84,2,0,0,14,2,82.9,4584.59,0
C102605,37,55,one-year,electronic-check,yes,no,6.74,1,2,3,10,1,71.87,3994.11,1
C102606,18,38,month-to-month,credit-card,no,no,49.05,0,0,1,14,1,69.74,2763.01,0
C102607,22,18,month-to-month,bank-transfer,no,no,21.73,1,0,1,12,1,79.38,1532.13,0
C102608,25,38,two-year,electronic-check,yes,no,39.43,1,0,0,17,3,71.68,2795.97,0
C102609,28,60,one-year,mailed-check,no,no,17.97,0,0,1,20,2,79.27,4782.48,0
C102610,44,70,month-to-month,electronic-check,no,no,77.94,0,0,0,18,1,78.12,5509.66,0
C102611,42,67,one-year,bank-transfer,no,no,35.24,2,1,0,19,0,41.11,2786.76,0
C102612,52,13,month-to-month,mailed-check,yes,yes,27.27,2,1,0,15,2,75.71,1073.63,1
C102613,48,43,month-to-month,credit-card,yes,no,31.18,1,0,1,14,1,52.03,2267.45,0
C102614,52,7,one-year,electronic-check,yes,yes,10.03,1,0,0,10,0,50.35,422.49,0
C102615,46,48,one-year,electronic-check,no,no,15.01,1,0,1,13,1,76.39,3737.29,0
C102616,42,72,month-to-month,credit-card,yes,no,39.06,1,0,4,12,1,57.07,4196.4,0
C102617,52,3,month-to-month,credit-card,no,no,22.22,0,0,0,16,2,68.13,287.33,0
C102618,50,47,one-year,electronic-check,no,no,32.51,1,0,0,17,0,45.83,2230.93,1
C102619,44,69,month-to-month,mailed-check,yes,no,17.53,0,0,1,8,1,68.88,4821.72,0
C102620,54,61,two-year,credit-card,no,no,19.99,0,1,0,14,1,68.38,4221.01,0
C102621,18,28,month-to-month,bank-transfer,yes,no,46.62,1,0,1,14,2,63.79,1879.59,0
C102622,36,7,two-year,bank-transfer,no,no,24.87,0,0,0,10,1,62.48,505.43,1
C102623,35,67,month-to-month,bank-transfer,yes,no,25.66,1,0,0,11,0,54.28,3697.6,1
C102624,53,67,month-to-month,credit-card,no,yes,20.8,2,0,2,16,2,74.52,5083.87,1
C102625,58,42,month-to-month,mailed-check,no,yes,16.13,0,0,2,18,3,91.41,3971.35,1
C102626,22,71,one-year,electronic-check,no,no,18.34,0,1,2,17,1,53.17,3842.91,0
C102627,56,0,two-year,mailed-check,yes,yes,22.33,1,1,0,16,2,66.39,103.39,0
C102628,25,45,month-to-month,bank-transfer,yes,no,48.23,1,0,2,19,1,83.34,3752.93,0
C102629,25,2,month-to-month,mailed-check,no,no,22.5,0,1,0,18,2,75.77,245.28,0
C102630,36,68,month-to-month,electronic-check,no,no,42.41,0,0,1,18,0,46.0,3223.69,1
C102631,35,49,one-year,bank-transfer,no,no,10.87,0,0,2,14,0,54.28,2751.22,1
C102632,20,66,month-to-month,mailed-check,no,no,29.86,3,0,0,14,1,69.01,4589.14,0
C102633,47,41,two-year,credit-card,no,no,3.99,1,0,1,17,1,73.33,3056.73,0
C102634,47,6,month-to-month,mailed-check,yes,no,12.36,2,1,0,15,0,59.57,477.89,0
C102635,52,1,one-year,bank-transfer,no,no,12.79,0,1,1,9,0,60.68,205.75,0
C102636,34,24,two-year,bank-transfer,yes,yes,15.21,2,0,1,17,1,71.16,1796.16,1
C102637,39,54,month-to-month,electronic-check,no,yes,42.33,2,0,2,18,0,58.08,3317.95,1
C102638,39,11,month-to-month,mailed-check,yes,no,4.41,0,0,0,16,0,36.27,428.19,1
C102639,59,62,two-year,electronic-check,no,no,45.88,0,0,2,14,1,58.93,3756.55,0
C102640,18,17,month-to-month,credit-card,yes,yes,3.9,1,0,0,10,0,70.08,1230.39,1
C102641,28,36,one-year,bank-transfer,yes,no,16.87,1,0,0,9,0,66.35,2472.37,0
C102642,39,14,two-year,electronic-check,yes,yes,17.56,0,0,0,12,2,68.42,983.66,1
C102643,26,34,month-to-month,mailed-check,no,no,55.73,0,0,0,19,0,55.42,1962.38,0
C102644,36,33,two-year,credit-card,no,yes,34.15,0,0,3,12,1,56.2,1889.75,1
C102645,37,0,month-to-month,electronic-check,no,no,67.82,3,0,1,15,0,48.7,15.86,1
C102646,31,41,one-year,credit-card,yes,no,74.46,0,0,3,13,3,92.82,,0
C102647,40,57,month-to-month,electronic-check,yes,yes,42.14,0,0,4,9,0,53.73,3136.83,1
C102648,47,68,month-to-month,electronic-check,no,no,12.05,1,0,1,20,1,66.37,4552.44,0
C102649,36,24,month-to-month,mailed-check,no,yes,28.84,0,1,2,14,1,91.7,2269.62,0
C102650,34,64,month-to-month,electronic-check,no,no,23.51,3,0,1,14,3,80.2,5160.03,0
C102651,37,64,month-to-month,credit-card,yes,no,14.18,0,0,1,13,0,46.81,3020.57,0
C102652,39,72,month-to-month,bank-transfer,no,no,40.56,1,0,0,17,1,76.97,5594.88,1
C102653,18,27,one-year,bank-transfer,yes,no,6.7,0,0,1,16,0,68.32,1926.93,0
C102654,45,62,month-to-month,bank-transfer,no,no,10.76,1,1,1,7,1,40.07,2531.45,1
C102655,34,41,month-to-month,bank-transfer,yes,no,4.34,0,0,0,11,0,70.23,2916.46,0
C102656,54,4,month-to-month,bank-transfer,yes,no,9.69,0,0,0,9,0,44.76,189.02,0
C102657,46,19,month-to-month,bank-transfer,yes,no,11.55,0,0,2,14,1,85.33,1769.77,1
C102658,53,49,month-to-month,credit-card,no,no,19.47,0,0,2,20,0,71.47,3604.3,0
C102659,27,11,month-to-month,bank-transfer,no,no,42.71,1,1,0,13,0,59.12,742.0,0
C102660,35,31,one-year,mailed-check,no,no,14.84,0,0,0,17,0,45.75,1462.77,0
C102661,24,56,one-year,mailed-check,yes,no,43.31,0,0,1,20,3,98.68,5583.6,0
C102662,31,10,one-year,mailed-check,no,no,73.54,0,1,0,22,1,75.55,844.47,0
C102663,54,36,month-to-month,electronic-check,yes,no,47.27,0,0,1,19,1,51.83,1896.29,0
C102664,57,15,two-year,mailed-check,yes,yes,10.23,0,0,2,20,2,76.34,1316.82,0
C102665,25,39,one-year,mailed-check,no,yes,,2,0,1,19,0,42.23,1662.69,0
C102666,34,17,one-year,electronic-check,yes,no,43.46,0,0,3,19,0,60.83,1144.36,0
C102667,38,70,month-to-month,credit-card,yes,no,12.77,2,0,1,16,0,59.22,4194.8,0
C102668,46,5,month-to-month,bank-transfer,yes,no,23.18,1,0,1,14,1,72.68,435.95,0
C102669,18,70,month-to-month,electronic-check,no,no,30.27,3,0,1,22,3,95.41,6824.7,0
C102670,20,57,month-to-month,credit-card,yes,no,35.8,0,0,1,20,1,59.25,3398.01,0
C102671,45,62,one-year,credit-card,yes,no,25.55,0,0,1,17,0,48.86,3121.83,0
C102672,18,62,month-to-month,credit-card,yes,no,8.18,1,0,1,8,2,73.14,4591.56,1
C102673,34,13,month-to-month,electronic-check,no,no,16.2,0,0,2,11,1,73.2,1048.49,0
C102674,41,67,month-to-month,mailed-check,yes,no,47.22,0,0,0,20,0,55.32,3795.42,0
C102675,44,43,month-to-month,mailed-check,yes,no,21.92,0,0,2,16,0,37.03,1657.36,1
C102676,37,70,month-to-month,bank-transfer,yes,no,63.45,2,0,0,21,2,73.93,5205.81,0
C102677,35,64,month-to-month,bank-transfer,yes,no,26.55,0,0,1,14,2,81.03,5250.43,1
C102678,49,42,month-to-month,bank-transfer,yes,no,11.24,1,0,0,14,2,69.24,2983.07,1
C102679,42,27,month-to-month,bank-transfer,no,no,32.72,0,1,0,15,3,50.67,1384.0,0
C102680,31,8,one-year,credit-card,yes,no,48.81,0,0,1,17,0,61.67,568.75,0
C102681,39,7,two-year,bank-transfer,yes,no,24.21,0,0,0,14,1,50.0,436.83,0
C102682,44,28,two-year,credit-card,yes,no,24.48,0,1,0,11,1,73.38,2110.6,0
C102683,60,59,one-year,credit-card,yes,no,28.72,3,0,1,15,3,110.46,6659.96,1
C102684,48,36,month-to-month,electronic-check,no,no,30.99,0,0,1,16,3,70.81,2620.23,0
C102685,54,35,one-year,credit-card,no,yes,13.3,2,0,1,14,1,67.02,2422.22,0
C102686,32,17,two-year,electronic-check,no,no,4.51,0,0,2,12,2,76.82,1406.63,0
C102687,33,41,month-to-month,electronic-check,yes,no,33.88,2,0,0,22,1,45.21,1940.69,0
C102688,36,46,month-to-month,credit-card,yes,no,22.06,0,0,0,9,0,27.24,1245.97,0
C102689,37,71,one-year,mailed-check,yes,no,29.04,0,1,0,11,0,40.47,,0
C102690,27,53,month-to-month,mailed-check,yes,no,19.26,1,0,2,18,3,67.63,3683.6,0
C102691,54,44,one-year,credit-card,no,yes,29.37,0,1,1,19,3,104.19,4694.18,0
C102692,50,66,month-to-month,mailed-check,yes,no,10.42,0,0,1,18,1,71.03,4722.87,1
C102693,35,31,month-to-month,electronic-check,yes,no,16.65,1,0,2,13,1,54.51,1762.97,1
C102694,47,68,one-year,electronic-check,no,no,10.05,0,0,0,12,1,52.14,3613.11,0
C102695,42,27,one-year,mailed-check,yes,no,16.94,1,1,0,15,2,67.16,1873.86,0
C102696,48,9,one-year,electronic-check,no,no,7.07,0,1,1,8,0,32.88,355.9,0
C102697,23,30,two-year,electronic-check,yes,no,36.14,0,2,1,19,0,46.55,1419.75,1
C102698,37,9,two-year,credit-card,no,no,54.35,1,0,0,11,1,70.33,725.91,0
C102699,38,8,month-to-month,electronic-check,no,no,7.45,0,0,0,18,0,52.73,476.77,0
C102700,46,64,two-year,bank-transfer,no,yes,22.25,0,0,0,13,1,58.86,3853.56,0
C102701,31,58,month-to-month,electronic-check,yes,yes,19.26,1,0,1,17,3,101.99,5971.43,0
C102702,18,16,month-to-month,mailed-check,yes,yes,55.79,0,1,2,22,0,44.83,665.45,0
C102703,26,61,two-year,bank-transfer,yes,yes,23.33,1,0,3,12,1,69.49,4263.18,0
C102704,38,5,month-to-month,mailed-check,no,yes,45.74,1,1,0,16,2,54.88,331.83,0
C102705,40,20,two-year,electronic-check,yes,no,34.58,2,0,0,15,1,71.51,1572.14,0
C102706,59,51,month-to-month,electronic-check,yes,no,26.92,0,0,1,13,0,57.38,2996.86,1
C102707,46,22,month-to-month,electronic-check,yes,no,14.48,0,1,1,17,1,67.71,1609.28,0
C102708,40,53,month-to-month,electronic-check,no,no,27.01,1,0,0,13,1,62.16,3384.33,1
C102709,39,63,one-year,mailed-check,yes,no,9.9,0,0,1,15,0,62.13,3904.92,0
C102710,52,4,two-year,electronic-check,yes,no,16.56,1,1,3,13,1,52.42,265.88,0
C102711,32,1,month-to-month,electronic-check,no,no,3.95,1,1,0,11,2,89.64,157.21,1
C102712,37,68,month-to-month,electronic-check,no,no,50.72,0,2,2,18,2,68.52,4696.64,0
C102713,26,37,month-to-month,credit-card,no,no,24.74,0,0,2,15,2,85.16,3238.01,0
C102714,56,36,month-to-month,mailed-check,yes,no,49.79,0,0,0,20,1,74.43,2767.56,0
C102715,44,33,one-year,bank-transfer,yes,no,23.99,1,0,0,11,2,59.97,1978.11,1
C102716,31,31,one-year,bank-transfer,yes,no,25.33,0,0,0,11,0,62.45,1968.75,0
C102717,38,50,month-to-month,mailed-check,yes,no,33.21,0,0,1,13,2,66.45,3368.63,0
C102718,45,42,month-to-month,electronic-check,yes,no,21.01,0,0,0,10,0,37.18,1593.86,0
C102719,36,11,one-year,mailed-check,yes,no,19.13,0,0,2,21,0,58.47,727.49,0
C102720,33,45,month-to-month,mailed-check,yes,no,17.25,1,0,0,15,1,88.97,4067.85,0
C102721,31,48,month-to-month,mailed-check,yes,no,10.49,1,2,0,13,0,47.77,2357.46,1
C102722,43,8,one-year,electronic-check,no,no,17.32,0,1,0,18,3,82.34,812.43,0
C102723,35,27,month-to-month,credit-card,yes,no,42.92,0,1,1,23,0,67.4,1888.36,0
C102724,34,57,month-to-month,bank-transfer,no,no,16.15,0,0,0,16,3,68.03,3958.28,0
C102725,23,45,month-to-month,electronic-check,no,no,71.72,0,1,0,21,2,69.48,3187.76,1
C102726,40,9,one-year,credit-card,yes,no,4.38,0,1,0,7,2,84.0,813.93,0
C102727,37,2,month-to-month,electronic-check,yes,no,44.15,1,1,1,22,1,72.31,198.37,0
C102728,35,42,two-year,electronic-check,no,no,18.57,1,1,0,16,0,56.96,2475.93,0
C102729,41,33,month-to-month,electronic-check,no,no,30.62,1,1,1,16,1,45.01,1491.71,0
C102730,48,70,month-to-month,credit-card,yes,no,11.11,0,2,0,15,3,76.55,5411.46,0
C102731,47,38,one-year,electronic-check,yes,no,5.43,0,1,0,19,0,61.57,2380.07,0
C102732,46,67,month-to-month,credit-card,no,no,38.61,2,0,0,18,0,19.59,1348.82,0
C102733,36,15,month-to-month,bank-transfer,no,yes,49.77,0,1,1,17,2,86.79,1377.56,0
C102734,32,32,month-to-month,mailed-check,no,no,22.57,2,1,3,14,1,75.91,2492.36,0
C102735,26,10,one-year,mailed-check,yes,no,16.16,0,1,0,18,0,77.57,841.88,0
C102736,32,41,month-to-month,electronic-check,no,no,21.36,0,0,1,19,0,71.57,3013.18,0
C102737,39,13,two-year,bank-transfer,yes,no,21.33,0,1,1,16,2,76.38,1114.8,0
C102738,30,35,month-to-month,mailed-check,yes,no,18.31,0,0,0,11,0,65.44,2404.9,0
C102739,40,25,month-to-month,mailed-check,no,no,24.34,0,1,0,16,0,52.19,1315.68,0
C102740,27,13,month-to-month,electronic-check,yes,no,31.75,0,0,0,13,3,87.07,1222.92,0
C102741,19,7,month-to-month,credit-card,yes,no,29.93,1,1,0,12,2,80.58,672.78,0
C102742,49,37,two-year,bank-transfer,no,no,13.85,0,0,0,13,1,53.22,2087.6,1
C102743,33,69,month-to-month,mailed-check,no,no,18.59,1,0,1,17,1,58.46,4052.9,0
C102744,29,14,two-year,mailed-check,no,no,9.42,0,0,1,14,0,81.85,1234.39,0
C102745,26,29,month-to-month,electronic-check,yes,no,29.34,0,1,0,12,1,57.11,1746.93,1
C102746,44,16,month-to-month,electronic-check,yes,no,11.84,0,1,1,14,1,66.13,1104.06,0
C102747,55,59,month-to-month,electronic-check,yes,no,2.34,0,1,1,12,0,35.65,2120.84,0
C102748,34,30,one-year,bank-transfer,yes,no,14.99,0,0,1,17,1,54.02,1658.99,0
C102749,36,71,month-to-month,electronic-check,yes,no,30.33,0,0,0,21,1,56.63,4090.02,0
C102750,52,17,one-year,electronic-check,yes,no,31.49,1,0,2,13,3,83.53,1493.82,1
C102751,18,5,two-year,electronic-check,yes,yes,43.61,0,1,1,18,0,47.06,298.82,1
C102752,63,42,one-year,electronic-check,yes,no,79.43,1,0,0,16,0,56.32,2400.72,0
C102753,68,47,month-to-month,bank-transfer,yes,no,21.94,0,1,1,17,0,50.18,2451.08,1
C102754,18,72,one-year,bank-transfer,yes,no,19.17,0,0,0,10,3,87.48,6403.2,1
C102755,38,63,month-to-month,mailed-check,yes,no,24.0,0,1,1,13,1,44.06,2757.3,1
C102756,30,64,month-to-month,mailed-check,yes,no,16.6,1,0,1,15,2,61.15,3996.48,1
C102757,36,46,month-to-month,bank-transfer,yes,yes,8.55,2,1,0,17,1,74.17,3433.19,0
C102758,34,26,two-year,bank-transfer,no,no,7.98,0,0,2,11,0,48.47,1288.76,0
C102759,49,31,month-to-month,credit-card,yes,no,20.25,0,0,1,12,1,64.85,2072.47,0
C102760,38,9,one-year,credit-card,no,no,52.68,0,0,1,13,1,66.76,650.0,0
C102761,28,31,one-year,credit-card,no,no,15.76,1,1,1,25,3,75.91,2453.7,0
C102762,37,26,month-to-month,credit-card,no,no,35.15,1,0,1,11,1,52.25,1481.29,0
C102763,45,2,month-to-month,credit-card,no,no,46.64,1,1,0,18,1,40.55,49.51,0
C102764,25,14,one-year,bank-transfer,yes,no,34.83,0,0,3,8,1,57.08,835.96,0
C102765,19,39,month-to-month,bank-transfer,yes,no,37.44,1,1,0,20,0,57.5,2306.59,0
C102766,63,26,month-to-month,bank-transfer,no,no,8.56,1,0,3,14,2,89.1,2400.44,1
C102767,31,72,month-to-month,electronic-check,yes,no,18.18,1,1,1,10,1,87.26,6303.12,1
C102768,37,34,two-year,mailed-check,yes,no,6.02,0,0,0,21,1,68.52,2441.56,0
C102769,34,69,month-to-month,credit-card,no,no,13.66,2,0,0,10,1,62.34,4368.86,1
C102770,46,48,month-to-month,mailed-check,yes,no,7.86,0,0,2,13,3,75.92,3746.89,1
C102771,60,2,month-to-month,electronic-check,yes,no,30.5,0,0,0,25,1,64.26,212.5,0
C102772,46,14,month-to-month,mailed-check,no,no,7.85,1,0,0,17,0,46.97,694.44,0
C102773,21,51,two-year,electronic-check,no,no,7.98,1,0,0,13,1,80.23,4127.06,0
C102774,22,39,month-to-month,mailed-check,no,yes,20.95,1,1,0,15,0,51.02,2043.8,0
C102775,34,22,one-year,mailed-check,no,no,4.11,2,1,0,13,0,59.09,1311.85,0
C102776,36,38,one-year,mailed-check,yes,yes,74.84,0,0,0,15,0,63.15,2500.23,0
C102777,18,65,month-to-month,mailed-check,yes,yes,17.89,1,0,2,17,0,27.76,1873.65,0
C102778,49,28,one-year,electronic-check,yes,yes,45.91,1,0,0,16,2,61.86,1808.52,0
C102779,26,3,two-year,mailed-check,yes,no,8.35,1,0,0,18,1,69.19,270.56,1
C102780,57,22,one-year,electronic-check,no,no,27.29,1,1,2,12,0,71.3,1676.8,0
C102781,61,68,one-year,mailed-check,no,no,31.28,0,0,0,19,0,59.0,4114.77,0
C102782,36,55,month-to-month,bank-transfer,no,no,9.95,1,0,2,18,3,81.18,4567.48,0
C102783,44,61,two-year,electronic-check,yes,no,36.43,1,0,2,16,0,43.84,2764.23,0
C102784,24,66,month-to-month,credit-card,yes,no,13.37,0,0,1,13,1,65.38,4428.15,0
C102785,46,8,one-year,bank-transfer,yes,no,15.68,2,0,1,17,2,60.49,598.24,1
C102786,33,20,month-to-month,electronic-check,yes,no,9.88,0,0,1,16,2,85.73,1846.4,1
C102787,26,4,one-year,mailed-check,yes,no,37.67,1,1,0,19,2,74.66,281.64,0
C102788,36,0,two-year,electronic-check,yes,no,26.9,0,1,3,8,1,86.25,103.28,1
C102789,33,60,one-year,electronic-check,yes,yes,25.71,0,1,0,23,1,64.86,3961.65,0
C102790,35,68,month-to-month,credit-card,yes,no,25.19,0,0,0,12,1,47.7,3320.23,0
C102791,50,11,one-year,bank-transfer,no,no,26.34,2,1,1,18,0,60.51,673.55,1
C102792,30,52,two-year,credit-card,no,no,12.86,1,1,2,9,1,58.7,3070.14,0
C102793,60,39,one-year,bank-transfer,yes,no,34.57,1,0,0,13,1,76.24,3113.66,0
C102794,23,5,two-year,credit-card,no,no,11.33,0,0,0,15,1,53.31,342.71,0
C102795,58,66,two-year,credit-card,yes,no,25.49,2,0,1,12,1,80.38,5396.76,1
C102796,27,63,two-year,electronic-check,yes,no,19.68,0,0,1,14,1,47.0,2988.81,0
C102797,39,41,month-to-month,electronic-check,no,no,15.0,1,0,0,13,2,82.63,3434.82,0
C102798,33,51,month-to-month,mailed-check,yes,no,20.07,2,0,2,11,1,47.92,2467.02,0
C102799,35,28,two-year,,no,no,25.69,0,0,2,11,2,64.19,,0
C102800,49,57,two-year,mailed-check,yes,no,34.47,0,1,1,20,3,95.35,5554.4,0
C102801,57,32,month-to-month,electronic-check,yes,no,22.79,2,0,3,13,1,90.46,2996.35,1
C102802,53,72,month-to-month,credit-card,yes,no,40.54,3,2,1,17,1,64.82,4701.07,0
C102803,34,4,month-to-month,electronic-check,yes,no,13.46,1,1,1,13,0,38.96,227.32,0
C102804,41,12,one-year,credit-card,yes,no,17.83,0,0,2,13,0,28.02,265.8,0
C102805,30,70,two-year,mailed-check,yes,no,30.97,1,0,1,17,1,73.64,5129.89,0
C102806,27,21,one-year,electronic-check,yes,no,8.39,0,0,0,17,1,83.17,1856.68,0
C102807,25,22,month-to-month,credit-card,yes,no,37.27,0,0,1,20,1,78.14,1857.33,0
C102808,34,57,month-to-month,mailed-check,yes,no,8.92,0,0,1,18,1,65.46,3699.71,0
C102809,42,13,two-year,bank-transfer,no,no,63.47,0,0,0,19,2,63.08,865.89,0
C102810,18,37,month-to-month,credit-card,no,no,13.58,1,1,1,15,0,61.96,2417.26,1
C102811,38,20,month-to-month,electronic-check,no,no,59.97,1,0,0,14,1,70.76,1429.83,1
C102812,57,14,month-to-month,electronic-check,no,no,35.41,1,1,0,20,1,86.46,1329.92,0
C102813,52,70,two-year,electronic-check,yes,yes,6.96,3,1,0,13,1,70.71,5008.43,0
C102814,32,14,month-to-month,electronic-check,no,yes,10.92,2,1,1,15,2,79.82,1231.49,1
C102815,22,6,month-to-month,credit-card,no,yes,7.76,1,0,0,16,3,73.32,555.87,1
C102816,45,49,month-to-month,credit-card,no,no,17.62,0,1,0,11,1,52.35,2630.73,0
C102817,18,63,two-year,mailed-check,no,no,40.27,0,0,1,16,1,68.46,4351.42,0
C102818,52,9,month-to-month,bank-transfer,no,no,55.15,0,0,0,18,0,29.26,258.1,0
C102819,36,51,month-to-month,credit-card,yes,no,9.77,0,0,1,13,2,65.38,3382.35,1
C102820,61,39,month-to-month,electronic-check,no,no,8.7,1,0,2,9,0,59.25,2311.23,0
C102821,18,60,month-to-month,electronic-check,yes,no,28.31,0,0,3,9,2,73.19,4490.87,0
C102822,50,9,two-year,credit-card,yes,no,7.17,1,0,0,13,2,71.77,650.7,0
C102823,38,71,one-year,bank-transfer,yes,no,39.85,2,0,0,24,2,90.95,6600.56,0
C102824,35,45,month-to-month,electronic-check,yes,no,33.33,1,0,0,16,0,58.52,2663.81,0
C102825,23,61,two-year,mailed-check,yes,no,23.07,1,0,1,15,1,65.69,4064.16,0
C102826,46,26,month-to-month,electronic-check,yes,no,38.81,0,0,1,20,2,65.45,1746.41,0
C102827,47,68,two-year,bank-transfer,yes,no,37.99,0,0,0,18,0,54.17,3796.9,0
C102828,60,45,month-to-month,bank-transfer,no,no,10.8,0,0,1,12,0,79.33,3667.82,0
C102829,51,9,month-to-month,electronic-check,yes,no,8.48,0,0,1,13,0,45.95,496.44,0
C102830,32,67,two-year,credit-card,yes,no,21.13,0,1,2,9,1,62.57,4236.12,0
C102831,27,58,two-year,mailed-check,no,no,39.42,2,0,3,16,0,68.7,4078.14,0
C102832,23,21,one-year,bank-transfer,no,no,10.33,0,0,0,4,0,46.35,1046.52,0
C102833,57,39,one-year,bank-transfer,no,no,8.93,0,0,1,15,2,85.52,3423.06,0
C102834,30,28,two-year,mailed-check,yes,no,9.34,1,2,1,11,1,54.2,1579.91,0
C102835,57,39,one-year,electronic-check,no,no,15.96,1,0,2,13,1,66.34,2664.15,1
C102836,45,70,month-to-month,electronic-check,no,yes,1.5,1,0,1,14,0,66.23,4711.18,0
C102837,43,65,month-to-month,bank-transfer,yes,no,11.61,1,1,0,10,0,40.97,2732.0,1
C102838,35,15,one-year,bank-transfer,yes,no,29.88,4,0,0,18,0,65.58,1019.17,0
C102839,47,70,one-year,electronic-check,yes,no,39.27,0,0,0,16,0,68.16,4735.73,0
C102840,39,31,two-year,credit-card,no,no,75.14,2,0,1,14,0,56.32,1777.75,0
C102841,35,51,month-to-month,credit-card,no,no,20.53,0,0,1,13,1,80.18,4146.04,0
C102842,47,55,month-to-month,electronic-check,no,no,14.19,0,0,1,7,0,53.77,3019.92,0
C102843,37,35,month-to-month,electronic-check,no,no,65.26,0,0,0,18,0,57.68,2079.47,0
C102844,29,33,two-year,,no,no,22.28,0,0,1,14,2,82.23,2775.17,0
C102845,46,33,month-to-month,electronic-check,yes,yes,22.73,1,0,0,17,2,90.13,2998.22,0
C102846,38,62,two-year,credit-card,yes,no,48.45,0,1,0,9,1,31.58,1967.84,0
C102847,45,28,month-to-month,bank-transfer,yes,no,5.55,0,0,1,8,2,41.36,1211.35,0
C102848,34,20,month-to-month,electronic-check,yes,no,23.52,0,0,1,16,3,70.27,1518.75,0
C102849,24,26,two-year,mailed-check,yes,no,7.78,1,0,0,8,1,71.16,1896.32,1
C102850,60,14,month-to-month,electronic-check,yes,no,4.2,1,1,0,14,1,62.17,929.12,0
C102851,58,28,two-year,mailed-check,no,no,10.9,1,1,1,7,2,43.52,1251.91,0
C102852,50,8,month-to-month,electronic-check,yes,yes,57.78,1,0,1,15,2,99.77,859.82,0
C102853,34,6,month-to-month,credit-card,no,no,5.59,0,1,2,12,0,62.16,463.83,1
C102854,35,52,one-year,bank-transfer,no,yes,15.92,1,1,1,14,1,63.53,3379.98,0
C102855,56,5,two-year,credit-card,yes,no,36.96,0,0,0,24,1,70.67,514.56,0
C102856,35,41,month-to-month,electronic-check,yes,no,11.45,1,0,0,15,0,51.95,2140.62,1
C102857,31,56,month-to-month,mailed-check,yes,no,74.39,1,0,2,13,1,82.12,4675.27,0
C102858,61,52,one-year,credit-card,no,no,21.67,2,1,0,13,0,72.49,3844.16,0
C102859,38,32,two-year,mailed-check,no,no,5.06,0,0,3,5,0,74.11,2417.03,1
C102860,60,14,two-year,mailed-check,yes,no,10.73,0,0,1,15,0,61.49,962.78,0
C102861,22,67,two-year,credit-card,no,no,5.43,0,0,2,14,3,83.65,5674.69,0
C102862,45,60,month-to-month,credit-card,no,no,11.86,0,0,1,14,0,68.13,4131.48,0
C102863,64,44,one-year,credit-card,yes,yes,17.6,0,0,0,14,2,93.81,4252.23,0
C102864,39,6,two-year,mailed-check,no,yes,37.47,0,1,1,14,2,67.02,434.02,0
C102865,36,2,two-year,bank-transfer,yes,no,84.17,2,1,0,24,1,85.27,264.84,1
C102866,25,23,two-year,mailed-check,yes,no,18.09,0,1,3,17,0,49.5,1157.25,0
C102867,52,11,two-year,mailed-check,no,no,33.56,1,1,1,13,2,69.56,822.5,0
C102868,30,62,two-year,electronic-check,yes,no,19.99,0,2,0,13,1,70.5,4440.98,0
C102869,38,15,month-to-month,credit-card,no,no,10.23,4,0,0,8,1,55.57,910.08,1
C102870,24,20,month-to-month,mailed-check,no,no,13.12,1,0,1,13,1,42.78,898.77,0
C102871,58,71,two-year,bank-transfer,yes,yes,54.4,0,1,4,18,0,55.99,4011.64,1
C102872,53,59,month-to-month,credit-card,no,no,15.24,0,0,0,15,3,102.58,6167.97,0
C102873,39,15,month-to-month,credit-card,yes,no,60.99,1,0,1,13,1,44.92,686.93,0
C102874,25,27,month-to-month,electronic-check,yes,no,23.05,1,0,1,16,2,77.24,2200.21,0
C102875,57,37,one-year,bank-transfer,yes,no,24.49,1,0,0,18,1,61.96,2454.2,0
C102876,35,48,two-year,mailed-check,no,no,47.3,0,0,0,16,0,49.44,2425.11,0
C102877,26,68,two-year,electronic-check,no,no,25.77,0,1,0,17,1,57.63,3994.78,0
C102878,18,63,month-to-month,electronic-check,yes,no,1.22,0,1,1,12,1,67.06,4249.39,0
C102879,31,71,month-to-month,bank-transfer,yes,no,12.04,0,0,0,20,1,64.95,4673.61,0
C102880,22,2,month-to-month,credit-card,no,no,24.3,0,1,2,16,1,71.68,238.6,0
C102881,32,17,two-year,credit-card,no,no,26.36,1,0,0,12,2,101.13,1834.48,0
C102882,48,41,month-to-month,mailed-check,yes,no,25.9,1,0,1,14,2,76.15,3173.27,1
C102883,34,3,one-year,mailed-check,yes,no,20.53,0,0,1,16,2,71.21,266.85,1
C102884,43,25,one-year,electronic-check,yes,no,23.73,2,0,1,17,1,69.58,1798.83,0
C102885,30,11,one-year,credit-card,yes,yes,50.34,0,0,1,16,2,63.52,752.1,0
C102886,40,68,one-year,credit-card,yes,yes,16.42,0,1,0,21,0,50.48,3455.35,1
C102887,62,4,one-year,credit-card,no,no,20.57,1,0,1,11,0,48.07,280.71,0
C102888,35,10,one-year,mailed-check,no,no,40.5,1,0,0,14,1,78.04,890.02,1
C102889,44,14,month-to-month,electronic-check,yes,yes,41.59,0,0,0,7,3,94.66,1375.89,0
C102890,20,10,month-to-month,bank-transfer,no,no,8.31,0,0,0,13,1,65.01,786.74,0
C102891,57,41,month-to-month,mailed-check,yes,no,3.46,2,0,1,19,3,64.1,2720.81,1
C102892,33,26,month-to-month,electronic-check,no,no,35.9,0,0,1,8,1,52.03,1385.5,1
C102893,52,66,one-year,electronic-check,yes,no,29.16,1,0,0,9,1,62.25,4162.52,0
C102894,38,19,month-to-month,electronic-check,yes,no,22.0,3,1,0,9,2,89.84,1791.44,0
C102895,46,39,two-year,mailed-check,yes,no,38.16,0,0,0,16,1,30.93,1196.28,1
C102896,47,48,month-to-month,credit-card,yes,no,18.72,0,1,0,15,0,59.08,2833.88,0
C102897,34,45,one-year,bank-transfer,no,no,28.31,1,1,0,17,0,64.84,2960.87,0
C102898,52,58,month-to-month,bank-transfer,yes,no,15.28,0,0,1,12,0,64.34,3828.91,0
C102899,30,14,month-to-month,electronic-check,yes,no,11.81,1,1,0,15,0,64.33,907.75,0
C102900,48,37,month-to-month,bank-transfer,yes,no,18.32,1,1,3,15,3,90.2,,1
C102901,34,58,one-year,mailed-check,no,no,5.77,0,0,1,7,0,52.67,3095.05,0
C102902,43,63,month-to-month,electronic-check,no,no,11.04,0,1,1,8,0,64.7,4122.83,0
C102903,33,45,one-year,mailed-check,no,no,21.41,0,0,1,12,2,56.18,2571.81,0
C102904,40,47,one-year,electronic-check,no,no,28.93,0,0,1,9,3,76.23,3683.35,0
C102905,26,63,two-year,credit-card,no,no,46.69,0,0,0,22,0,61.97,3934.78,1
C102906,42,45,one-year,,yes,no,20.51,2,0,1,12,0,50.33,2300.59,0
C102907,40,69,one-year,electronic-check,no,no,11.55,1,2,0,17,0,43.54,3064.24,0
C102908,33,9,two-year,bank-transfer,yes,no,7.84,0,0,1,11,1,57.69,546.1,0
C102909,38,25,month-to-month,mailed-check,no,yes,44.38,1,1,0,17,0,65.64,1732.21,0
C102910,41,8,one-year,electronic-check,no,no,24.48,1,1,1,13,0,55.16,540.75,0
C102911,32,6,month-to-month,bank-transfer,yes,no,19.82,2,0,0,13,0,55.74,370.16,0
C102912,37,34,one-year,bank-transfer,yes,no,25.04,1,0,1,10,3,80.75,2866.29,0
C102913,27,16,month-to-month,credit-card,yes,yes,38.45,1,0,2,13,1,70.04,1163.37,0
C102914,67,29,month-to-month,electronic-check,no,no,55.89,0,0,1,18,3,106.2,3130.88,0
C102915,52,31,one-year,mailed-check,yes,no,6.78,0,0,0,11,2,91.06,2972.14,1
C102916,42,45,month-to-month,electronic-check,no,yes,18.62,1,0,0,9,3,80.58,3708.0,0
C102917,53,69,month-to-month,electronic-check,yes,no,36.23,0,0,0,15,1,63.3,4437.82,0
C102918,18,62,month-to-month,electronic-check,yes,no,7.3,1,0,1,12,2,87.1,5466.23,0
C102919,18,27,two-year,electronic-check,yes,yes,69.32,2,0,0,26,3,104.9,2903.69,1
C102920,34,23,month-to-month,electronic-check,no,no,18.46,2,0,0,14,1,45.53,1092.06,0
C102921,22,56,month-to-month,mailed-check,yes,no,75.67,1,0,0,14,2,73.85,4283.35,0
C102922,36,9,two-year,bank-transfer,no,no,6.34,0,0,0,10,3,88.45,870.5,1
C102923,41,39,two-year,electronic-check,no,no,43.33,1,0,0,20,2,67.52,2737.92,0
C102924,50,30,month-to-month,electronic-check,no,no,13.09,0,1,0,16,0,50.01,1623.96,0
C102925,25,13,month-to-month,credit-card,yes,no,22.41,0,0,2,17,2,68.1,948.3,0
C102926,44,45,month-to-month,credit-card,yes,no,33.59,2,0,0,15,0,70.02,3223.74,0
C102927,39,23,two-year,electronic-check,yes,yes,41.0,1,0,0,17,3,74.9,1786.97,0
C102928,43,13,month-to-month,mailed-check,yes,no,30.03,1,0,0,15,2,72.48,994.98,0
C102929,33,47,month-to-month,electronic-check,yes,no,21.59,5,1,0,16,0,47.2,2246.6,0
C102930,56,12,month-to-month,credit-card,yes,no,24.67,1,0,1,17,1,78.53,937.13,1
C102931,38,49,one-year,mailed-check,no,no,103.47,1,1,0,17,3,76.56,3811.74,0
C102932,60,11,month-to-month,electronic-check,yes,no,45.52,0,1,0,11,0,69.21,804.03,1
C102933,30,31,one-year,bank-transfer,yes,no,10.09,0,1,0,13,2,75.05,2404.01,1
C102934,48,58,month-to-month,bank-transfer,yes,no,24.32,0,1,0,19,0,37.19,2280.36,1
C102935,38,16,one-year,electronic-check,yes,yes,31.23,2,0,1,13,1,59.68,1030.5,0
C102936,35,56,two-year,electronic-check,yes,no,2.1,0,0,1,12,3,91.86,5245.86,1
C102937,47,52,month-to-month,mailed-check,no,no,49.16,0,0,0,16,1,71.3,3764.04,0
C102938,35,65,month-to-month,electronic-check,yes,no,10.99,0,0,1,16,0,79.96,5298.63,0
C102939,18,12,month-to-month,electronic-check,yes,no,14.0,1,0,0,11,1,80.0,1040.65,0
C102940,18,52,one-year,credit-card,yes,no,8.44,0,0,2,20,0,48.31,2530.95,0
C102941,54,68,month-to-month,bank-transfer,yes,yes,43.58,3,0,1,17,2,57.72,3998.08,1
C102942,54,55,one-year,bank-transfer,yes,no,34.74,1,1,0,12,2,86.0,4782.46,1
C102943,62,13,month-to-month,bank-transfer,no,yes,45.16,0,1,0,15,2,81.87,1133.69,1
C102944,39,60,one-year,mailed-check,yes,no,58.79,0,0,2,19,1,69.91,4257.94,0
C102945,23,7,one-year,mailed-check,yes,no,26.64,0,0,0,16,3,57.46,450.07,0
C102946,34,42,month-to-month,bank-transfer,yes,no,15.61,2,0,0,10,0,49.57,2188.16,0
C102947,39,36,month-to-month,electronic-check,no,yes,26.98,0,1,0,14,0,58.72,2206.96,0
C102948,27,38,one-year,electronic-check,yes,yes,13.91,0,0,0,13,1,73.76,2835.88,1
C102949,59,37,month-to-month,electronic-check,yes,no,33.14,1,1,0,14,1,50.84,1898.58,0
C102950,66,2,one-year,bank-transfer,yes,no,50.28,0,1,2,17,1,79.49,246.95,0
C102951,45,37,two-year,bank-transfer,yes,no,11.6,1,0,3,12,0,65.35,2533.52,0
C102952,39,68,month-to-month,mailed-check,yes,no,27.14,0,0,0,10,1,75.99,5231.69,0
C102953,23,31,month-to-month,mailed-check,yes,no,21.2,1,0,1,25,0,62.74,1960.92,1
C102954,58,20,month-to-month,credit-card,yes,no,22.3,0,1,1,14,0,30.35,645.99,1
C102955,40,72,month-to-month,electronic-check,yes,no,43.05,0,0,1,15,2,76.08,5542.75,0
C102956,36,7,two-year,mailed-check,no,yes,31.6,0,0,2,18,1,64.01,582.86,0
C102957,45,35,two-year,bank-transfer,yes,no,18.7,2,0,0,14,1,72.43,2578.82,0
C102958,32,37,month-to-month,bank-transfer,yes,no,20.47,0,0,0,17,0,37.15,1376.43,1
C102959,41,34,two-year,mailed-check,yes,no,24.56,0,0,0,18,3,50.91,1766.06,0
C102960,22,67,month-to-month,electronic-check,yes,no,23.46,1,0,2,17,1,72.8,4916.0,1
C102961,52,30,two-year,credit-card,yes,yes,24.53,0,0,1,18,1,53.62,1675.09,1
C102962,38,71,two-year,mailed-check,yes,no,38.32,0,0,0,10,0,31.77,2278.22,0
C102963,53,4,month-to-month,credit-card,yes,no,8.3,2,0,0,12,1,51.47,292.56,1
C102964,37,53,one-year,credit-card,yes,no,31.87,0,0,0,25,0,54.94,3056.65,0
C102965,37,43,one-year,credit-card,yes,yes,34.26,1,0,1,13,1,79.23,3475.99,1
C102966,24,17,month-to-month,electronic-check,yes,yes,72.88,0,0,1,21,2,77.89,1354.99,0
C102967,48,16,month-to-month,mailed-check,yes,no,21.52,0,0,1,23,0,49.37,822.48,0
C102968,28,52,one-year,electronic-check,yes,no,31.51,0,0,0,10,1,62.95,3309.86,0
C102969,33,46,month-to-month,electronic-check,yes,no,42.81,0,0,2,14,0,66.64,3156.12,0
C102970,39,44,month-to-month,electronic-check,yes,no,31.06,1,0,0,18,0,63.48,2876.08,1
C102971,40,3,month-to-month,mailed-check,yes,no,3.74,0,0,1,15,1,69.18,296.73,0
C102972,19,43,one-year,mailed-check,no,no,4.23,2,1,0,8,3,102.15,4490.92,0
C102973,36,71,month-to-month,bank-transfer,yes,no,20.12,0,0,0,26,1,67.38,4840.28,0
C102974,49,1,month-to-month,electronic-check,yes,no,23.18,0,0,0,19,1,70.35,173.86,1
C102975,34,34,month-to-month,electronic-check,no,no,28.9,0,1,0,14,2,50.88,1819.6,1
C102976,36,36,month-to-month,mailed-check,yes,yes,7.74,1,1,1,15,0,57.63,2196.73,0
C102977,41,65,one-year,bank-transfer,yes,no,35.02,1,0,0,12,0,40.9,2737.31,1
C102978,37,20,month-to-month,electronic-check,no,no,7.84,0,1,0,17,0,47.9,1013.69,0
C102979,27,34,one-year,bank-transfer,yes,no,30.76,1,2,0,15,0,51.34,1765.94,1
C102980,39,52,month-to-month,electronic-check,yes,no,10.21,0,0,2,9,0,55.57,2980.13,0
C102981,51,4,one-year,bank-transfer,yes,no,33.8,1,2,0,13,1,59.26,296.88,0
C102982,26,58,month-to-month,bank-transfer,yes,yes,42.97,1,0,1,22,1,63.4,3750.43,0
C102983,35,60,two-year,mailed-check,yes,no,12.38,1,0,0,14,0,63.54,3876.98,1
C102984,22,52,month-to-month,bank-transfer,no,no,30.42,0,0,0,15,0,57.88,2993.41,0
C102985,50,47,two-year,credit-card,yes,no,25.98,0,0,1,19,1,62.83,3047.17,0
C102986,38,54,month-to-month,electronic-check,yes,yes,11.9,1,1,1,8,0,55.66,3037.62,0
C102987,29,57,month-to-month,electronic-check,no,yes,7.45,1,0,0,16,0,52.7,3067.72,0
C102988,40,65,one-year,credit-card,no,no,35.5,1,0,0,17,0,69.02,4570.52,0
C102989,25,31,month-to-month,credit-card,yes,no,66.5,0,1,0,16,1,65.1,2069.41,1
C102990,27,33,month-to-month,bank-transfer,yes,no,18.68,0,0,0,17,0,83.24,2862.27,0
C102991,21,46,two-year,electronic-check,no,yes,3.83,0,0,4,5,1,70.72,3393.45,0
C102992,26,14,one-year,electronic-check,no,no,2.09,1,1,0,11,0,64.09,953.47,0
C102993,55,62,one-year,credit-card,no,no,24.4,1,0,1,14,2,67.53,4241.54,0
C102994,30,56,two-year,bank-transfer,no,no,5.82,1,0,0,9,1,73.41,4183.64,1
C102995,45,46,month-to-month,electronic-check,no,no,4.71,1,0,3,12,1,78.34,3701.49,1
C102996,29,22,month-to-month,electronic-check,yes,no,11.67,1,0,1,13,2,76.28,1732.15,0
C102997,48,25,two-year,credit-card,yes,no,34.86,1,0,1,19,2,66.99,1723.78,0
C102998,27,31,month-to-month,bank-transfer,yes,yes,32.92,2,0,0,13,2,81.7,2612.23,0
C102999,39,48,month-to-month,credit-card,no,no,36.33,0,0,2,18,1,90.58,4414.2,0
C103000,40,56,month-to-month,mailed-check,yes,no,15.27,0,0,1,13,1,45.92,2595.32,0
C103001,67,49,month-to-month,electronic-check,yes,no,16.15,0,0,2,19,2,71.09,3572.74,0
C103002,47,67,month-to-month,electronic-check,yes,no,44.88,0,3,2,22,0,57.15,3860.76,0
C103003,32,70,month-to-month,mailed-check,no,no,17.87,0,0,1,15,1,59.36,4224.21,0
C103004,47,51,one-year,electronic-check,yes,no,7.3,2,1,3,16,3,80.26,,0
C103005,65,27,one-year,electronic-check,no,no,12.2,2,0,1,11,2,60.57,1701.05,0
C103006,19,43,two-year,electronic-check,yes,no,36.73,2,1,4,14,1,79.76,3481.62,1
C103007,29,31,month-to-month,electronic-check,yes,no,30.01,1,0,2,20,2,72.64,2321.28,0
C103008,36,45,month-to-month,credit-card,yes,no,19.89,0,0,0,8,0,59.19,2770.97,1
C103009,34,59,one-year,electronic-check,yes,no,5.41,1,1,0,18,3,77.82,4642.26,0
C103010,35,26,month-to-month,mailed-check,no,no,29.84,0,0,0,9,1,60.1,1590.74,0
C103011,23,36,month-to-month,bank-transfer,yes,no,17.19,0,2,0,20,2,62.46,2320.12,1
C103012,56,3,one-year,electronic-check,no,no,7.21,0,0,0,15,1,81.16,313.61,0
C103013,22,53,one-year,mailed-check,no,no,36.13,0,2,1,12,1,50.1,2807.34,0
C103014,37,35,month-to-month,credit-card,yes,no,17.93,0,1,0,12,1,60.15,2111.51,0
C103015,52,33,one-year,bank-transfer,yes,no,23.56,0,0,2,12,0,34.7,1179.71,0
C103016,39,38,one-year,mailed-check,yes,no,49.38,1,0,0,21,1,71.82,2891.58,0
C103017,27,15,two-year,credit-card,yes,no,27.95,2,1,1,11,3,98.22,1581.98,0
C103018,23,43,month-to-month,credit-card,yes,no,34.35,0,1,0,15,0,36.03,1595.74,0
C103019,36,54,one-year,credit-card,yes,no,22.44,1,0,0,22,1,54.61,2949.71,0
C103020,30,25,one-year,mailed-check,no,no,39.06,1,1,1,14,0,47.81,1230.69,0
C103021,41,9,month-to-month,bank-transfer,no,no,8.75,0,0,0,14,1,56.36,566.47,1
C103022,22,28,one-year,mailed-check,no,no,5.41,0,0,0,9,0,61.95,1723.12,0
C103023,49,14,one-year,electronic-check,yes,no,7.93,1,1,3,14,3,76.82,1184.8,1
C103024,40,27,month-to-month,mailed-check,yes,no,16.24,0,0,0,11,0,55.97,1530.99,0
C103025,41,45,month-to-month,credit-card,no,no,34.32,0,0,5,9,1,48.15,2258.21,0
C103026,56,8,month-to-month,electronic-check,yes,no,14.71,1,0,1,16,3,83.75,687.1,0
C103027,34,54,one-year,credit-card,no,no,33.64,3,0,1,17,0,68.46,3786.42,0
C103028,30,16,month-to-month,credit-card,no,no,24.45,1,1,0,18,0,57.73,1014.05,1
C103029,32,65,month-to-month,electronic-check,no,no,73.91,0,1,1,15,1,43.63,2840.57,0
C103030,37,53,month-to-month,electronic-check,yes,no,24.94,1,0,1,13,0,71.73,3902.36,0
C103031,38,19,one-year,credit-card,no,no,13.5,2,1,1,14,1,78.98,1572.99,1
C103032,29,41,one-year,electronic-check,yes,no,31.36,0,0,3,13,0,63.69,2636.07,0
C103033,18,8,month-to-month,credit-card,yes,no,23.2,1,0,2,7,1,77.33,658.55,1
C103034,32,7,month-to-month,electronic-check,yes,no,8.77,1,1,1,16,0,61.28,485.86,0
C103035,43,69,month-to-month,electronic-check,yes,no,19.68,0,2,3,13,2,80.88,5666.84,1
C103036,41,58,month-to-month,electronic-check,yes,yes,19.37,1,1,0,10,0,49.28,2931.18,1
C103037,53,11,one-year,electronic-check,yes,no,20.22,2,0,0,18,3,94.9,1134.42,1
C103038,62,20,month-to-month,credit-card,yes,yes,9.29,0,0,0,12,2,45.36,976.43,1
C103039,48,14,one-year,electronic-check,no,yes,67.12,1,0,0,14,2,68.89,1040.85,1
C103040,56,28,one-year,electronic-check,no,yes,5.97,0,0,2,14,2,80.28,2328.84,0
C103041,48,21,two-year,bank-transfer,no,no,49.98,1,0,0,21,3,97.21,2093.46,1
C103042,60,23,month-to-month,credit-card,yes,no,21.71,0,0,1,16,2,73.37,1726.26,0
C103043,61,38,month-to-month,mailed-check,no,no,10.72,1,0,0,9,1,75.99,2967.15,0
C103044,50,13,month-to-month,credit-card,yes,no,60.39,0,0,0,18,2,76.04,1085.16,0
C103045,47,64,two-year,electronic-check,yes,yes,1.28,1,1,0,11,3,87.55,5734.08,0
C103046,37,53,one-year,credit-card,yes,no,10.6,2,0,0,13,2,83.65,4537.55,0
C103047,39,55,one-year,bank-transfer,yes,no,18.72,0,0,0,7,1,39.63,2244.84,0
C103048,35,12,one-year,credit-card,yes,no,11.88,1,1,1,16,3,94.73,1265.94,0
C103049,46,51,month-to-month,bank-transfer,yes,no,20.39,2,0,2,16,1,67.34,3494.75,1
C103050,30,61,one-year,credit-card,no,no,32.58,1,0,0,16,0,59.59,3728.56,0
C103051,37,12,two-year,mailed-check,yes,no,7.41,0,0,0,16,0,66.19,885.36,0
C103052,18,54,month-to-month,bank-transfer,yes,no,25.9,0,1,0,10,1,58.43,3240.38,0
C103053,60,26,two-year,bank-transfer,yes,yes,34.71,0,1,0,15,1,68.09,1846.77,0
C103054,36,57,two-year,electronic-check,yes,no,8.16,1,1,1,2,0,56.33,3285.31,1
C103055,44,34,two-year,credit-card,no,no,24.44,0,0,0,15,0,61.1,2145.55,0
C103056,56,58,two-year,credit-card,yes,no,19.24,3,0,1,11,0,30.35,1737.24,0
C103057,43,10,month-to-month,credit-card,yes,no,9.66,0,0,0,9,2,76.33,890.47,0
C103058,56,28,one-year,mailed-check,no,no,10.44,0,0,2,16,0,64.15,1896.12,0
C103059,24,19,month-to-month,credit-card,yes,no,10.54,0,0,3,12,2,57.01,1147.78,0
C103060,68,18,one-year,electronic-check,yes,no,15.14,1,0,0,15,0,47.02,920.86,1
C103061,52,22,month-to-month,credit-card,yes,no,15.3,0,1,3,19,0,69.53,1581.29,0
C103062,42,27,two-year,electronic-check,yes,yes,51.17,0,0,1,13,2,61.79,1706.16,1
C103063,56,9,month-to-month,bank-transfer,no,no,27.21,2,0,1,18,2,89.64,882.78,1
C103064,25,51,month-to-month,electronic-check,no,no,27.77,1,0,0,18,1,53.37,2769.71,0
C103065,36,40,month-to-month,bank-transfer,yes,no,23.57,0,0,1,19,0,68.09,,0
C103066,56,60,one-year,mailed-check,no,no,24.97,1,0,1,16,0,44.94,2694.76,0
C103067,18,51,month-to-month,credit-card,no,yes,29.08,0,0,0,16,1,72.91,3723.05,1
C103068,46,10,month-to-month,credit-card,yes,no,8.58,0,0,1,8,2,75.04,781.25,0
C103069,45,5,month-to-month,mailed-check,yes,no,19.87,1,0,0,18,1,67.99,379.72,1
C103070,63,30,month-to-month,credit-card,yes,no,10.81,1,0,1,12,2,63.08,1999.6,1
C103071,20,35,two-year,bank-transfer,yes,no,40.56,2,1,1,13,1,67.88,2376.71,0
C103072,58,17,month-to-month,mailed-check,yes,yes,14.09,0,0,2,19,2,61.89,1137.79,0
C103073,32,57,month-to-month,electronic-check,yes,yes,29.34,0,0,1,15,2,64.23,3688.85,0
C103074,34,42,month-to-month,electronic-check,yes,no,32.98,1,0,0,24,0,72.8,3116.88,0
C103075,24,54,month-to-month,electronic-check,no,no,26.1,1,0,5,15,0,90.92,5007.56,1
C103076,26,7,month-to-month,mailed-check,yes,no,24.2,0,1,2,14,0,47.26,380.19,1
C103077,44,59,month-to-month,mailed-check,no,yes,21.62,1,1,0,21,0,61.39,3706.84,0
C103078,26,15,month-to-month,mailed-check,yes,no,34.05,0,0,2,14,0,68.37,996.61,0
C103079,48,32,month-to-month,credit-card,yes,yes,11.51,1,0,0,11,2,64.83,2210.55,1
C103080,31,32,month-to-month,electronic-check,yes,no,27.5,0,0,0,9,0,46.04,1551.08,0
C103081,24,59,one-year,credit-card,yes,yes,4.42,0,1,0,17,1,62.26,3711.63,0
C103082,33,20,month-to-month,credit-card,no,no,13.58,0,1,2,16,3,86.72,1846.64,0
C103083,43,17,one-year,bank-transfer,yes,no,14.95,0,0,0,10,0,25.6,505.89,0
C103084,36,24,one-year,mailed-check,yes,no,6.51,0,1,2,14,1,67.54,1801.5,0
C103085,39,26,two-year,electronic-check,yes,no,24.23,0,0,1,15,1,72.17,1979.86,0
C103086,47,13,month-to-month,credit-card,yes,no,12.12,2,1,2,21,2,77.58,1080.24,1
C103087,52,12,one-year,bank-transfer,no,no,45.96,2,0,1,19,3,74.41,959.56,0
C103088,35,16,two-year,credit-card,no,no,18.04,2,1,0,11,3,75.96,1251.03,0
C103089,26,34,two-year,electronic-check,yes,yes,32.45,0,0,1,19,0,62.45,2226.63,0
C103090,40,25,two-year,bank-transfer,no,no,41.13,1,2,2,14,3,74.45,1953.73,0
C103091,45,28,month-to-month,mailed-check,no,yes,29.82,2,1,1,19,2,74.19,2172.88,1
C103092,21,52,two-year,bank-transfer,yes,no,16.19,0,0,2,13,1,62.79,3340.32,1
C103093,28,17,two-year,bank-transfer,yes,no,21.55,1,0,0,18,1,72.91,1223.68,0
C103094,30,66,month-to-month,electronic-check,no,no,6.56,1,0,0,15,0,67.86,4512.8,0
C103095,37,54,month-to-month,electronic-check,no,yes,32.81,1,0,0,18,2,81.07,4360.83,1
C103096,30,12,two-year,electronic-check,yes,no,75.78,1,0,1,16,0,59.93,794.62,0
C103097,47,22,month-to-month,electronic-check,yes,no,38.96,1,0,1,14,1,72.95,1653.54,0
C103098,20,13,one-year,electronic-check,no,no,15.65,0,0,1,14,1,54.98,766.77,0
C103099,20,19,month-to-month,electronic-check,no,no,16.79,2,0,0,14,2,66.9,1330.27,0
C103100,35,26,one-year,mailed-check,yes,no,40.06,1,0,1,19,2,89.51,2482.38,1
C103101,37,9,month-to-month,bank-transfer,no,no,7.55,0,0,2,16,1,82.03,801.19,0
C103102,22,1,one-year,credit-card,yes,yes,12.61,0,1,1,16,0,34.58,53.8,0
C103103,32,32,month-to-month,electronic-check,yes,no,13.48,1,1,0,16,2,68.73,2233.93,0
C103104,34,51,two-year,electronic-check,no,no,4.13,1,0,3,14,0,66.37,3415.05,0
C103105,34,22,month-to-month,bank-transfer,yes,no,28.49,0,1,1,11,2,71.55,1632.65,1
C103106,41,62,month-to-month,mailed-check,yes,no,15.83,0,0,2,13,0,54.16,3395.1,0
C103107,31,26,month-to-month,electronic-check,no,no,15.93,1,1,2,12,1,49.21,1338.34,0
C103108,57,65,month-to-month,mailed-check,yes,yes,23.46,0,1,0,22,1,59.97,3900.2,0
C103109,45,17,two-year,credit-card,yes,no,5.63,0,0,1,20,1,51.58,886.62,1
C103110,29,39,month-to-month,mailed-check,yes,no,20.14,0,0,0,14,1,83.2,3337.62,1
C103111,40,55,month-to-month,credit-card,yes,no,5.53,0,0,1,14,0,46.24,2544.24,1
C103112,40,4,two-year,electronic-check,yes,no,28.45,3,0,2,14,0,58.25,287.22,1
C103113,54,67,month-to-month,electronic-check,yes,yes,43.54,0,0,2,22,2,74.03,5041.84,1
C103114,32,26,month-to-month,electronic-check,no,no,32.7,1,1,0,15,0,55.66,1495.17,1
C103115,48,36,one-year,credit-card,no,no,13.65,0,2,0,8,3,81.68,3011.48,0
C103116,40,45,month-to-month,mailed-check,no,yes,30.35,0,0,1,29,2,59.19,2727.85,0
C103117,57,46,two-year,bank-transfer,yes,no,17.61,1,1,1,14,0,51.4,2384.79,0
C103118,54,1,one-year,credit-card,yes,yes,22.61,0,1,1,18,2,70.45,206.47,0
C103119,41,63,month-to-month,mailed-check,no,no,29.2,0,0,0,11,0,49.5,3142.61,0
C103120,36,45,one-year,electronic-check,no,no,1.06,0,0,0,19,0,71.73,3333.26,0
C103121,45,72,two-year,bank-transfer,no,no,4.53,1,0,2,11,0,78.3,5741.82,0
C103122,37,34,month-to-month,electronic-check,yes,no,18.56,2,0,1,19,2,82.55,2817.01,1
C103123,59,44,one-year,bank-transfer,yes,no,11.31,2,0,2,11,0,73.84,3280.7,0
C103124,40,32,month-to-month,credit-card,yes,no,20.57,0,0,0,12,0,48.66,1618.17,0
C103125,34,64,month-to-month,mailed-check,yes,no,23.12,1,1,1,10,2,65.55,4336.89,0
C103126,33,60,one-year,electronic-check,no,no,13.73,1,0,3,22,0,45.5,2802.69,0
C103127,24,66,month-to-month,bank-transfer,yes,no,16.43,1,0,0,6,0,57.36,3889.37,1
C103128,46,36,month-to-month,electronic-check,yes,no,9.31,1,0,1,16,3,68.29,2517.79,0
C103129,29,57,month-to-month,electronic-check,yes,no,25.12,1,0,1,15,2,61.97,3650.6,1
C103130,52,26,one-year,mailed-check,no,no,35.37,0,0,2,8,1,30.8,873.84,0
C103131,23,33,one-year,electronic-check,no,no,5.81,1,0,1,10,1,72.56,2353.25,0
C103132,41,55,month-to-month,electronic-check,yes,no,34.19,0,0,0,11,2,91.54,5109.99,0
C103133,53,5,month-to-month,bank-transfer,no,no,27.41,3,0,1,15,1,76.85,438.15,0
C103134,18,51,two-year,mailed-check,yes,no,32.52,0,1,1,23,0,66.17,3402.58,0
C103135,63,1,month-to-month,mailed-check,no,no,44.2,0,0,4,17,1,77.35,162.17,1
C103136,34,42,month-to-month,credit-card,no,no,13.76,0,0,1,11,1,62.24,2731.14,0
C103137,41,34,month-to-month,electronic-check,no,no,40.0,0,0,1,19,1,48.71,1698.5,0
C103138,46,34,one-year,electronic-check,no,no,44.67,1,0,0,11,1,52.51,1813.2,0
C103139,48,36,month-to-month,credit-card,yes,no,6.5,1,0,0,13,3,88.05,3267.24,0
C103140,42,35,two-year,,yes,no,23.18,0,0,1,19,0,30.34,1105.87,0
C103141,51,29,one-year,credit-card,no,yes,22.54,0,0,0,18,1,75.19,2267.45,0
C103142,45,32,month-to-month,bank-transfer,no,no,46.45,1,0,0,12,0,62.79,2026.43,0
C103143,60,41,one-year,mailed-check,yes,no,88.83,0,1,1,17,1,75.3,3206.99,0
C103144,45,55,month-to-month,electronic-check,no,no,32.76,1,1,1,17,1,77.14,4264.42,1
C103145,63,40,month-to-month,mailed-check,yes,yes,68.11,0,0,1,12,0,37.44,1496.14,0
C103146,50,46,one-year,credit-card,yes,no,11.84,1,0,0,20,0,46.2,2198.41,0
C103147,18,61,month-to-month,electronic-check,yes,yes,30.75,1,0,0,19,2,59.83,3754.2,0
C103148,70,72,two-year,bank-transfer,no,no,20.25,1,0,2,21,1,60.55,4403.1,0
C103149,32,7,one-year,credit-card,no,yes,28.85,2,0,0,16,3,80.98,626.15,1
C103150,57,52,month-to-month,bank-transfer,no,no,33.13,1,0,2,20,3,58.61,3084.35,1
C103151,39,16,two-year,electronic-check,yes,no,36.94,0,0,0,16,2,84.29,1393.43,0
C103152,52,14,month-to-month,bank-transfer,yes,no,16.64,1,0,1,16,1,80.7,1189.81,1
C103153,31,57,month-to-month,bank-transfer,yes,no,18.97,2,0,1,11,1,59.84,3438.1,1
C103154,47,5,month-to-month,electronic-check,yes,no,35.02,0,1,0,15,2,68.04,375.74,0
C103155,36,61,two-year,credit-card,yes,no,26.16,0,2,2,13,0,66.66,4121.41,0
C103156,58,56,month-to-month,electronic-check,no,no,12.79,1,1,0,13,0,54.87,3130.96,0
C103157,44,72,month-to-month,credit-card,no,no,19.36,1,0,0,12,0,62.87,4615.7,0
C103158,50,48,month-to-month,electronic-check,no,yes,41.9,1,1,0,20,2,56.28,2755.56,1
C103159,18,63,month-to-month,electronic-check,yes,no,10.07,2,0,0,9,0,62.91,4025.8,1
C103160,38,8,month-to-month,bank-transfer,no,no,20.83,1,0,0,18,3,76.16,675.67,0
C103161,44,64,one-year,electronic-check,yes,no,7.31,0,1,1,10,1,58.15,3748.15,0
C103162,42,11,two-year,electronic-check,yes,yes,44.31,0,2,1,15,3,74.43,888.59,0
C103163,51,22,one-year,electronic-check,no,yes,91.68,0,0,1,21,2,55.92,1303.92,0
C103164,35,9,month-to-month,credit-card,no,yes,52.04,0,1,0,15,0,54.79,564.27,0
C103165,40,29,month-to-month,electronic-check,yes,no,14.46,2,1,0,12,1,66.03,1957.08,0
C103166,53,54,month-to-month,bank-transfer,no,no,14.4,1,1,0,11,0,50.84,2791.75,1
C103167,18,19,month-to-month,bank-transfer,yes,yes,42.78,0,1,1,11,0,47.31,973.79,0
C103168,46,60,one-year,mailed-check,yes,yes,39.39,0,0,0,17,1,84.12,5142.75,0
C103169,35,44,month-to-month,mailed-check,yes,no,56.9,1,0,2,13,1,79.78,3565.2,1
C103170,28,45,two-year,electronic-check,yes,yes,21.6,0,0,1,9,1,64.21,2908.28,1
C103171,43,68,month-to-month,credit-card,no,no,8.89,1,1,0,11,1,71.07,4816.26,0
C103172,54,31,one-year,credit-card,yes,no,21.97,0,1,0,22,0,34.54,1151.49,1
C103173,51,25,two-year,credit-card,no,no,19.69,0,0,1,14,0,42.71,1190.81,0
C103174,37,72,one-year,bank-transfer,no,no,79.75,0,0,1,14,3,69.15,5073.51,0
C103175,50,40,two-year,credit-card,no,no,33.44,0,0,0,15,1,52.47,2121.38,0
C103176,49,44,two-year,credit-card,yes,no,4.55,0,1,0,13,0,67.33,3018.98,0
C103177,38,21,one-year,mailed-check,yes,no,34.31,2,0,0,12,1,56.63,1223.67,0
C103178,31,15,month-to-month,credit-card,yes,no,44.59,0,1,3,14,1,50.4,795.16,0
C103179,31,12,month-to-month,electronic-check,yes,no,40.19,2,0,1,11,1,89.93,1180.1,0
C103180,49,16,two-year,electronic-check,yes,no,38.65,1,0,1,17,0,79.45,1366.59,0
C103181,38,14,month-to-month,mailed-check,yes,no,25.83,0,0,1,12,0,65.35,946.88,1
C103182,26,54,two-year,mailed-check,no,no,19.0,0,0,2,18,1,42.8,2365.43,0
C103183,19,4,month-to-month,mailed-check,yes,no,8.43,0,0,1,17,1,81.73,314.88,0
C103184,49,45,one-year,mailed-check,yes,no,59.36,1,0,0,9,1,88.58,4125.19,0
C103185,32,69,month-to-month,mailed-check,no,no,31.44,0,0,1,18,0,36.11,2479.85,0
C103186,43,55,two-year,credit-card,no,no,14.71,2,0,2,12,1,38.23,2143.22,0
C103187,54,29,month-to-month,electronic-check,no,no,23.91,0,0,1,16,2,63.2,1913.63,0
C103188,23,4,month-to-month,electronic-check,yes,no,8.5,1,0,0,16,1,68.32,349.12,1
C103189,38,60,two-year,bank-transfer,no,no,23.76,1,0,3,14,1,83.48,5110.09,0
C103190,37,0,month-to-month,bank-transfer,yes,no,48.8,0,0,0,16,0,35.32,81.0,0
C103191,44,49,month-to-month,credit-card,no,no,34.41,1,1,3,16,1,85.54,4255.55,0
C103192,54,48,two-year,electronic-check,yes,yes,43.6,2,0,1,14,1,43.46,2137.58,0
C103193,23,14,two-year,electronic-check,no,no,41.5,1,0,0,17,0,67.89,996.15,0
C103194,46,54,month-to-month,credit-card,yes,no,29.66,0,0,1,13,1,65.75,3655.99,1
C103195,51,12,one-year,electronic-check,no,no,19.95,0,1,3,17,1,75.86,980.87,0
C103196,37,16,month-to-month,bank-transfer,no,no,16.88,0,0,0,10,0,60.52,1024.35,1
C103197,37,59,month-to-month,electronic-check,no,no,56.72,0,0,1,12,2,75.93,4548.09,1
C103198,44,71,one-year,mailed-check,yes,no,32.19,1,0,0,13,2,74.07,5344.65,1
C103199,43,19,month-to-month,credit-card,yes,no,30.6,0,0,1,21,1,56.71,1130.99,0
C103200,46,67,month-to-month,mailed-check,yes,no,32.07,0,0,2,9,1,60.78,4129.96,0
C103201,46,66,month-to-month,electronic-check,no,no,18.18,1,0,2,11,0,39.94,2662.32,0
C103202,27,56,two-year,bank-transfer,yes,no,29.35,0,0,2,16,1,75.0,4265.66,0
C103203,51,10,one-year,electronic-check,yes,no,13.62,1,0,2,10,2,81.96,904.77,1
C103204,53,21,month-to-month,electronic-check,no,no,15.78,2,0,2,15,2,74.63,1677.05,1
C103205,41,49,two-year,mailed-check,yes,no,35.37,2,0,1,10,2,80.21,4022.83,1
C103206,21,72,two-year,mailed-check,no,yes,31.43,1,0,2,10,2,69.9,5085.58,1
C103207,38,59,month-to-month,bank-transfer,yes,yes,36.11,0,1,0,16,2,101.25,6061.21,1
C103208,41,30,two-year,mailed-check,no,no,39.56,0,0,2,20,1,65.11,2073.98,0
C103209,25,17,month-to-month,mailed-check,yes,yes,18.32,2,0,0,18,0,37.32,618.02,0
C103210,35,70,month-to-month,electronic-check,no,no,22.56,1,0,2,14,3,93.74,6608.44,0
C103211,22,20,month-to-month,credit-card,yes,no,34.33,1,2,0,22,2,69.23,1427.14,0
C103212,46,24,month-to-month,electronic-check,yes,no,12.39,0,0,1,11,0,80.65,2038.34,1
C103213,41,70,one-year,credit-card,yes,no,1.28,2,0,0,9,0,54.93,3868.5,0
C103214,19,41,one-year,mailed-check,no,no,5.71,1,0,1,12,1,47.4,1958.68,0
C103215,43,19,two-year,mailed-check,yes,no,15.31,0,0,1,18,2,89.43,1822.03,0
C103216,38,0,month-to-month,bank-transfer,yes,no,18.54,0,1,0,10,0,59.73,8.6,1
C103217,45,31,month-to-month,mailed-check,yes,no,28.58,0,0,1,18,1,58.77,1904.79,0
C103218,34,71,month-to-month,bank-transfer,no,no,45.05,1,0,1,12,1,93.46,6772.32,1
C103219,29,31,month-to-month,credit-card,yes,yes,19.35,0,1,1,16,1,67.75,2193.62,1
C103220,30,51,two-year,credit-card,yes,no,14.41,1,0,1,14,1,55.42,2889.25,0
C103221,33,18,one-year,mailed-check,yes,yes,8.46,0,0,1,13,0,66.96,1297.05,1
C103222,39,56,one-year,bank-transfer,yes,yes,13.19,1,0,0,16,1,71.65,4175.78,0
C103223,41,56,one-year,mailed-check,yes,no,13.02,2,0,0,12,0,66.81,3809.17,1
C103224,37,44,month-to-month,credit-card,yes,no,24.75,0,0,1,16,1,83.22,3746.42,0
C103225,34,56,month-to-month,electronic-check,yes,no,13.07,0,0,1,14,1,44.5,2611.29,0
C103226,35,42,month-to-month,electronic-check,no,no,17.86,0,0,0,13,0,66.1,2822.22,1
C103227,69,27,two-year,mailed-check,yes,yes,16.52,1,0,2,10,3,80.19,2236.67,0
C103228,30,53,month-to-month,electronic-check,no,no,22.98,0,0,2,9,1,65.9,3622.51,1
C103229,32,60,month-to-month,bank-transfer,yes,no,33.14,1,1,2,17,0,50.93,3140.19,1
C103230,79,61,one-year,electronic-check,yes,no,29.32,1,0,1,17,1,59.83,3665.52,0
C103231,44,15,month-to-month,electronic-check,no,no,11.22,1,0,0,13,1,63.6,1021.74,0
C103232,22,49,month-to-month,bank-transfer,no,no,15.02,0,0,2,16,3,88.05,4427.85,0
C103233,49,0,month-to-month,mailed-check,no,no,37.35,1,0,0,17,3,53.34,50.77,0
C103234,28,41,month-to-month,credit-card,no,yes,43.28,0,0,0,20,2,81.94,3437.38,0
C103235,50,41,month-to-month,electronic-check,yes,no,7.47,2,0,1,16,2,83.06,3442.56,0
C103236,36,26,two-year,electronic-check,no,no,6.59,3,0,1,15,1,68.43,1870.44,0
C103237,34,72,one-year,electronic-check,yes,no,57.87,1,0,0,13,0,65.56,4859.32,0
C103238,58,64,month-to-month,mailed-check,no,yes,8.54,0,1,1,19,1,77.09,5024.85,0
C103239,46,2,one-year,electronic-check,no,no,12.26,2,1,0,13,1,71.67,248.77,0
C103240,51,15,one-year,credit-card,yes,yes,18.21,0,0,0,16,1,90.84,,0
C103241,44,15,one-year,electronic-check,yes,no,11.89,1,0,1,16,1,65.64,1013.17,1
C103242,34,65,two-year,credit-card,no,no,12.45,1,0,1,20,1,73.93,4851.98,0
C103243,46,37,two-year,mailed-check,yes,no,12.49,1,1,0,12,2,62.44,2383.44,1
C103244,54,53,month-to-month,bank-transfer,yes,no,24.71,2,0,1,16,3,79.44,4294.18,0
C103245,41,59,month-to-month,electronic-check,no,no,5.44,1,1,1,12,1,78.46,4651.13,0
C103246,61,56,month-to-month,electronic-check,yes,no,37.36,0,1,0,15,1,64.73,3677.28,0
C103247,49,6,month-to-month,mailed-check,yes,no,6.6,0,1,0,14,2,68.43,480.69,0
C103248,42,10,two-year,mailed-check,no,no,53.75,1,0,1,18,0,62.34,697.88,0
C103249,42,28,one-year,bank-transfer,no,no,15.48,0,1,0,15,1,64.26,1865.9,0
C103250,41,24,month-to-month,electronic-check,yes,no,14.46,1,1,2,13,0,44.74,1149.32,0
C103251,24,54,two-year,electronic-check,no,yes,4.37,1,0,1,11,0,50.66,2738.72,0
C103252,38,11,one-year,credit-card,yes,no,3.94,0,1,1,20,1,66.16,858.16,1
C103253,42,27,month-to-month,electronic-check,yes,no,21.13,0,2,0,9,0,27.14,689.48,0
C103254,34,17,two-year,electronic-check,yes,no,4.3,1,1,0,15,1,63.96,1189.21,0
C103255,43,13,month-to-month,mailed-check,yes,no,12.09,0,0,1,16,2,59.71,883.18,0
C103256,39,12,month-to-month,electronic-check,no,yes,31.97,1,2,1,19,2,73.07,915.85,0
C103257,48,14,month-to-month,mailed-check,yes,yes,24.25,0,1,0,21,1,46.96,771.72,1
C103258,47,41,two-year,bank-transfer,yes,no,17.02,1,0,1,19,0,51.7,2166.57,0
C103259,41,29,month-to-month,bank-transfer,no,no,22.57,0,0,0,15,0,77.91,2331.55,0
C103260,23,31,month-to-month,bank-transfer,no,no,32.48,0,0,1,18,2,56.85,1850.9,1
C103261,60,34,one-year,electronic-check,no,no,15.17,2,0,2,13,2,65.42,2294.41,1
C103262,37,54,two-year,electronic-check,yes,no,36.68,0,0,2,20,0,52.68,2881.17,0
C103263,38,62,month-to-month,credit-card,no,no,21.11,1,0,1,15,1,40.3,2527.49,1
C103264,35,38,month-to-month,electronic-check,no,yes,42.12,3,0,0,15,3,62.59,2448.29,1
C103265,33,46,two-year,electronic-check,no,no,22.42,0,0,0,24,2,77.43,3618.52,0
C103266,58,53,one-year,mailed-check,no,no,6.64,1,0,3,10,1,58.55,3181.1,0
C103267,56,50,month-to-month,bank-transfer,no,no,11.86,1,0,3,12,1,86.67,4402.68,0
C103268,44,9,month-to-month,electronic-check,yes,no,20.46,1,0,0,16,1,50.79,492.47,0
C103269,38,71,month-to-month,credit-card,yes,no,88.95,0,0,1,21,0,82.5,5925.18,0
C103270,46,12,one-year,electronic-check,yes,no,11.16,0,0,2,16,1,44.01,502.88,1
C103271,40,30,one-year,credit-card,yes,yes,75.72,0,1,0,22,1,65.06,2006.96,1
C103272,37,47,one-year,electronic-check,yes,yes,39.09,0,0,0,10,0,46.4,2241.7,0
C103273,43,29,month-to-month,bank-transfer,yes,no,40.28,0,0,1,14,0,66.43,2051.39,0
C103274,34,17,two-year,mailed-check,yes,no,32.57,2,0,0,14,1,58.22,1101.18,0
C103275,42,67,month-to-month,credit-card,no,no,71.54,1,0,0,20,1,58.66,3989.52,0
C103276,41,5,two-year,mailed-check,yes,no,12.68,1,1,1,12,2,71.86,430.82,1
C103277,46,17,month-to-month,credit-card,no,no,38.25,0,0,0,16,0,87.81,1556.78,0
C103278,32,72,month-to-month,bank-transfer,no,yes,7.78,2,0,1,12,0,71.87,5273.65,1
C103279,48,53,month-to-month,bank-transfer,no,no,12.79,0,1,0,12,2,64.76,3453.01,0
C103280,28,6,month-to-month,electronic-check,yes,no,34.23,1,0,0,11,0,45.32,286.43,0
C103281,32,55,month-to-month,electronic-check,no,no,40.87,0,0,0,18,0,46.65,2559.99,0
C103282,33,70,one-year,credit-card,yes,no,28.43,0,0,3,9,3,66.75,4735.53,0
C103283,26,7,two-year,credit-card,no,no,3.61,0,0,2,18,0,67.38,545.95,1
C103284,51,30,month-to-month,electronic-check,yes,no,10.91,2,0,0,16,1,53.76,1626.48,0
C103285,27,34,month-to-month,electronic-check,yes,no,6.65,1,0,1,16,2,83.7,2896.1,1
C103286,31,9,month-to-month,electronic-check,yes,no,19.59,0,1,0,15,0,70.38,723.78,0
C103287,54,14,two-year,electronic-check,no,no,6.54,0,0,0,12,1,61.22,909.84,0
C103288,32,12,month-to-month,electronic-check,no,no,13.17,0,1,2,11,3,61.82,770.63,0
C103289,37,13,month-to-month,credit-card,no,no,12.89,2,1,3,12,0,64.94,887.49,1
C103290,27,29,month-to-month,electronic-check,no,no,47.51,1,0,0,26,2,55.83,1699.44,0
C103291,49,33,month-to-month,credit-card,yes,no,14.01,0,1,0,18,1,64.04,2197.8,0
C103292,49,17,one-year,credit-card,no,no,74.24,1,0,0,20,2,97.34,,1
C103293,48,21,month-to-month,electronic-check,yes,no,15.6,2,0,0,13,1,35.05,733.92,0
C103294,45,14,month-to-month,mailed-check,no,no,31.06,1,0,0,14,2,69.2,993.59,0
C103295,40,58,two-year,mailed-check,no,no,25.53,0,0,0,15,1,54.28,3140.21,0
C103296,33,15,month-to-month,electronic-check,yes,no,22.94,1,0,1,15,2,65.79,1021.36,1
C103297,29,66,one-year,bank-transfer,yes,no,38.6,1,0,0,21,0,40.2,2715.59,1
C103298,54,39,month-to-month,bank-transfer,no,no,20.66,0,0,0,17,0,81.13,3218.11,0
C103299,48,58,two-year,electronic-check,no,no,13.17,0,1,0,11,0,57.74,3370.97,0
C103300,31,46,one-year,credit-card,no,no,34.47,0,0,0,12,2,58.74,2728.22,0
C103301,39,19,month-to-month,electronic-check,no,no,9.35,0,0,2,17,1,67.75,1339.32,0
C103302,35,43,two-year,electronic-check,no,no,16.16,2,0,2,13,1,79.58,3538.18,1
C103303,25,20,month-to-month,credit-card,yes,no,38.53,1,0,1,18,0,56.38,1151.87,0
C103304,41,8,month-to-month,electronic-check,yes,no,19.17,2,0,2,15,0,75.69,660.13,0
C103305,34,18,one-year,electronic-check,yes,no,29.22,0,0,0,20,0,31.67,560.22,0
C103306,28,20,one-year,electronic-check,yes,no,26.0,1,1,1,8,1,83.77,1791.49,0
C103307,21,9,month-to-month,electronic-check,no,no,13.85,1,2,3,8,1,59.57,594.08,0
C103308,20,1,month-to-month,mailed-check,yes,no,19.7,1,1,0,18,3,73.8,98.35,1
C103309,35,68,month-to-month,bank-transfer,no,yes,8.97,1,0,0,9,0,65.02,4449.34,0
C103310,38,37,one-year,mailed-check,yes,no,42.85,0,0,1,15,0,66.8,2552.38,0
C103311,28,29,two-year,bank-transfer,no,yes,16.58,1,0,3,10,1,79.84,2432.69,1
C103312,47,67,month-to-month,electronic-check,yes,yes,44.98,1,2,0,16,1,86.26,5843.32,0
C103313,38,16,two-year,mailed-check,yes,no,18.43,2,0,0,13,1,66.05,1146.08,0
C103314,46,29,month-to-month,credit-card,yes,no,30.73,0,0,0,13,2,49.9,1509.94,0
C103315,37,61,one-year,credit-card,no,no,9.08,1,0,2,16,1,44.58,2829.62,0
C103316,30,46,two-year,bank-transfer,yes,no,40.65,1,0,0,13,0,36.69,1689.82,0
C103317,40,29,one-year,electronic-check,yes,no,19.06,0,1,2,21,2,71.66,2212.53,1
C103318,24,18,month-to-month,mailed-check,no,no,14.68,2,2,0,17,1,70.7,1370.54,1
C103319,45,2,month-to-month,credit-card,yes,no,8.16,0,0,0,14,0,62.08,154.4,1
C103320,28,6,month-to-month,credit-card,yes,no,100.75,2,0,0,24,0,67.93,498.69,1
C103321,50,11,one-year,bank-transfer,yes,no,6.87,0,1,0,6,1,52.45,602.47,0
C103322,35,57,two-year,mailed-check,yes,no,72.87,1,0,0,13,3,89.26,5185.21,0
C103323,52,46,month-to-month,electronic-check,yes,no,58.71,2,1,1,19,0,77.8,3677.44,1
C103324,26,31,month-to-month,electronic-check,yes,no,6.46,1,0,1,14,2,65.73,2081.6,0
C103325,31,57,month-to-month,electronic-check,yes,no,20.42,2,0,0,17,0,54.92,3248.96,0
C103326,44,11,one-year,mailed-check,yes,no,19.07,1,0,0,9,1,70.57,846.32,0
C103327,53,15,one-year,electronic-check,yes,no,20.89,2,0,0,20,0,73.7,1180.96,0
C103328,59,28,month-to-month,mailed-check,yes,no,25.93,1,0,0,11,0,63.74,1876.78,0
C103329,39,66,one-year,bank-transfer,yes,yes,45.48,3,0,1,23,2,68.41,4609.37,0
C103330,61,44,month-to-month,bank-transfer,yes,yes,7.86,4,0,0,25,1,49.42,2255.32,0
C103331,36,62,one-year,bank-transfer,yes,yes,19.2,1,0,0,15,2,65.03,4121.78,0
C103332,52,18,month-to-month,electronic-check,no,no,14.81,0,0,1,15,0,52.76,1077.77,1
C103333,28,61,month-to-month,mailed-check,yes,no,13.55,0,0,1,7,1,59.68,3708.6,0
C103334,44,5,one-year,credit-card,no,no,21.56,0,1,1,13,0,40.87,252.15,0
C103335,18,16,one-year,mailed-check,yes,no,17.77,0,0,0,8,2,86.77,1521.94,0
C103336,26,38,month-to-month,credit-card,yes,no,1.94,2,0,0,16,1,60.04,2341.76,0
C103337,45,3,one-year,mailed-check,no,no,26.22,1,0,2,14,1,68.83,234.69,0
C103338,23,62,month-to-month,bank-transfer,yes,no,3.61,3,0,0,18,0,39.61,2478.47,1
C103339,44,63,month-to-month,mailed-check,no,no,42.22,1,0,0,19,0,69.65,4440.5,0
C103340,50,39,two-year,bank-transfer,yes,no,23.25,1,0,1,10,1,75.35,3073.34,0
C103341,33,22,two-year,credit-card,yes,no,16.66,3,0,1,19,0,69.87,1580.0,0
C103342,27,7,month-to-month,mailed-check,yes,no,6.23,0,1,1,16,0,53.93,389.71,0
C103343,33,45,two-year,bank-transfer,no,no,26.79,4,0,0,14,2,62.6,2909.79,0
C103344,27,39,one-year,credit-card,yes,no,20.46,1,2,0,16,2,83.12,3396.54,1
C103345,38,55,month-to-month,credit-card,yes,no,21.52,0,0,2,24,0,71.82,3972.14,1
C103346,40,43,month-to-month,electronic-check,no,no,23.76,0,0,0,19,2,83.18,3733.4,0
C103347,35,9,month-to-month,electronic-check,yes,no,32.51,0,0,0,15,3,72.6,692.65,0
C103348,59,8,one-year,credit-card,yes,no,26.15,2,0,1,13,2,67.89,547.05,0
C103349,30,57,two-year,bank-transfer,yes,no,55.93,1,0,1,16,0,74.58,4273.46,0
C103350,56,11,month-to-month,credit-card,yes,no,32.44,1,0,1,12,2,83.44,1003.4,0
C103351,27,68,month-to-month,electronic-check,yes,no,25.7,0,1,0,13,1,67.49,4641.61,0
C103352,40,7,month-to-month,credit-card,no,no,22.18,1,0,0,19,1,58.23,462.68,0
C103353,53,53,month-to-month,,no,yes,9.96,2,0,1,20,0,76.08,4089.12,0
C103354,53,71,two-year,credit-card,yes,no,5.42,1,1,0,15,1,46.07,3270.85,1
C103355,34,32,month-to-month,bank-transfer,yes,no,1.52,0,0,2,16,0,55.31,1848.64,1
C103356,46,4,one-year,electronic-check,yes,no,31.22,2,1,1,11,3,98.35,472.75,1
C103357,44,63,month-to-month,bank-transfer,yes,no,20.72,0,0,0,19,0,61.4,3969.03,0
C103358,33,13,one-year,bank-transfer,yes,no,33.05,0,0,1,17,3,81.59,1165.92,0
C103359,46,38,one-year,electronic-check,yes,no,53.49,3,0,1,10,2,83.09,3227.79,0
C103360,61,71,one-year,electronic-check,no,no,19.27,0,1,1,16,0,63.33,4541.39,0
C103361,45,54,month-to-month,credit-card,yes,no,6.63,1,0,0,14,1,66.51,3583.09,0
C103362,46,3,one-year,electronic-check,no,no,39.79,0,0,2,15,1,72.06,317.31,1
C103363,47,59,one-year,mailed-check,no,no,17.99,0,1,0,17,0,49.66,2985.97,0
C103364,21,11,one-year,bank-transfer,yes,yes,13.11,1,0,0,20,1,87.25,1063.56,1
C103365,45,54,one-year,credit-card,no,no,12.26,1,1,0,16,0,72.02,3928.86,0
C103366,27,45,two-year,bank-transfer,no,no,30.99,1,1,0,13,0,49.02,2255.32,0
C103367,32,21,month-to-month,electronic-check,yes,no,30.65,0,1,0,13,1,62.87,1339.44,1
C103368,65,30,month-to-month,,yes,no,46.25,0,2,0,13,1,79.69,2434.07,1
C103369,36,8,two-year,electronic-check,yes,no,8.45,4,0,1,19,2,78.11,748.96,1
C103370,30,72,month-to-month,electronic-check,yes,no,8.33,0,0,1,16,3,78.97,5752.58,0
C103371,53,17,two-year,,no,no,24.07,1,0,0,18,0,44.81,801.26,0
C103372,28,22,one-year,mailed-check,yes,no,26.06,0,0,2,19,1,51.45,1131.31,0
C103373,34,36,two-year,electronic-check,yes,no,42.16,1,0,1,14,0,58.79,2140.95,0
C103374,54,49,one-year,credit-card,no,yes,44.2,0,0,1,18,1,86.31,4275.22,0
C103375,40,36,two-year,electronic-check,no,no,23.38,0,0,0,13,0,70.78,2608.13,0
C103376,20,36,one-year,electronic-check,yes,no,46.11,1,1,1,10,0,65.71,2408.69,0
C103377,46,42,month-to-month,mailed-check,yes,yes,20.13,0,0,0,21,2,86.44,3704.47,1
C103378,34,62,month-to-month,electronic-check,yes,no,20.32,1,1,1,14,0,29.15,1855.06,1
C103379,57,28,month-to-month,electronic-check,no,no,17.56,0,0,1,12,1,65.13,1938.62,1
C103380,32,60,month-to-month,credit-card,yes,no,7.99,0,0,1,16,2,75.77,4637.89,0
C103381,52,57,two-year,credit-card,yes,no,5.09,1,0,1,13,0,38.07,2170.93,1
C103382,60,70,month-to-month,bank-transfer,yes,no,23.74,0,0,0,17,1,93.82,6614.69,0
C103383,29,66,one-year,bank-transfer,yes,no,40.3,0,0,2,22,0,63.43,4214.45,0
C103384,37,58,month-to-month,electronic-check,yes,no,12.65,1,1,1,15,0,62.99,3721.7,1
C103385,44,18,month-to-month,credit-card,no,no,43.71,1,1,1,17,0,49.01,966.3,0
C103386,29,56,two-year,mailed-check,no,no,52.03,1,0,1,17,0,61.76,3554.04,0
C103387,42,53,month-to-month,electronic-check,yes,yes,16.14,0,1,0,18,0,58.26,3218.63,1
C103388,36,21,one-year,electronic-check,no,no,3.98,0,0,0,15,1,83.76,1838.84,1
C103389,36,49,month-to-month,mailed-check,yes,no,17.48,1,0,1,15,1,77.99,3880.51,1
C103390,40,18,month-to-month,electronic-check,yes,no,8.97,0,0,2,7,0,58.38,1106.98,1
C103391,40,38,month-to-month,,yes,no,40.47,2,2,2,22,0,39.71,1484.63,1
C103392,41,58,one-year,electronic-check,yes,yes,24.56,1,1,0,18,2,60.23,3553.03,0
C103393,32,13,month-to-month,mailed-check,yes,no,3.92,1,0,1,13,2,38.52,526.4,0
C103394,32,24,two-year,electronic-check,yes,no,29.24,0,1,3,12,3,78.41,1917.92,1
C103395,38,58,one-year,bank-transfer,yes,no,42.29,0,0,0,14,0,64.14,3829.35,0
C103396,38,33,month-to-month,electronic-check,no,no,22.43,0,0,0,15,1,66.76,2243.83,0
C103397,34,70,month-to-month,bank-transfer,yes,yes,14.87,2,2,0,10,0,64.04,4529.36,0
C103398,43,0,month-to-month,electronic-check,yes,no,27.76,2,0,0,21,1,88.24,33.65,0
C103399,18,52,one-year,mailed-check,yes,no,59.67,0,0,0,14,1,55.76,2960.38,1
C103400,30,59,month-to-month,bank-transfer,no,no,46.9,1,0,1,13,1,53.52,3279.43,0
C103401,36,67,month-to-month,bank-transfer,yes,no,7.08,0,0,0,12,0,57.29,3902.77,0
C103402,29,11,month-to-month,electronic-check,yes,no,24.35,1,0,1,11,1,46.08,591.06,1
C103403,59,71,month-to-month,mailed-check,no,no,9.3,1,0,1,9,1,64.21,4599.68,0
C103404,39,28,one-year,credit-card,yes,no,14.62,1,1,0,17,3,73.97,2168.08,0
C103405,41,25,month-to-month,electronic-check,no,no,49.23,1,1,0,14,0,43.0,1091.25,1
C103406,33,25,month-to-month,mailed-check,yes,no,24.27,0,0,0,14,1,50.9,1286.09,0
C103407,39,46,month-to-month,mailed-check,no,no,10.03,0,0,0,22,2,67.56,3190.02,0
C103408,24,48,one-year,credit-card,yes,no,17.25,0,1,0,16,1,53.26,2658.86,0
C103409,37,34,one-year,mailed-check,no,no,35.12,0,0,0,13,1,60.74,2095.22,0
C103410,28,5,month-to-month,credit-card,yes,no,13.93,1,1,2,14,0,72.27,444.51,1
C103411,36,72,month-to-month,bank-transfer,yes,no,25.22,1,1,0,16,1,78.65,5672.46,0
C103412,18,16,one-year,bank-transfer,no,no,14.81,0,0,0,16,1,68.54,1126.99,0
C103413,25,6,month-to-month,electronic-check,yes,no,16.0,1,0,0,9,2,79.36,646.47,1
C103414,57,43,one-year,bank-transfer,yes,no,52.48,0,0,1,20,1,57.53,2514.46,0
C103415,49,30,month-to-month,electronic-check,yes,no,23.69,0,0,0,15,1,73.7,2262.67,0
C103416,55,44,month-to-month,mailed-check,yes,yes,31.17,0,2,1,12,1,51.1,2321.18,0
C103417,56,63,month-to-month,electronic-check,yes,no,23.39,1,0,1,15,0,63.8,4045.95,0
C103418,47,7,month-to-month,bank-transfer,yes,no,5.92,0,0,1,16,0,77.62,642.35,1
C103419,34,20,one-year,bank-transfer,yes,no,8.54,0,0,1,14,1,76.83,1635.31,0
C103420,27,37,month-to-month,credit-card,yes,no,52.3,0,0,1,12,2,92.07,3486.66,1
C103421,53,57,month-to-month,electronic-check,no,no,48.71,1,0,1,16,0,45.47,2687.98,0
C103422,40,43,month-to-month,credit-card,yes,no,22.83,0,1,0,18,0,56.67,2437.64,0
C103423,69,27,month-to-month,credit-card,yes,no,11.35,3,3,0,17,1,64.98,1806.41,1
C103424,35,44,one-year,credit-card,yes,no,4.81,1,0,1,11,1,76.68,,1
C103425,63,71,one-year,bank-transfer,yes,no,78.97,1,0,0,17,2,63.6,4611.89,0
C103426,37,35,two-year,electronic-check,yes,no,8.12,0,0,0,12,1,62.41,2230.57,0
C103427,55,64,month-to-month,credit-card,yes,no,12.12,0,0,0,15,0,75.86,4906.93,1
C103428,59,56,month-to-month,bank-transfer,yes,no,13.79,0,0,0,16,1,61.23,3498.1,0
C103429,27,21,month-to-month,bank-transfer,no,no,11.16,0,1,1,9,0,29.38,576.91,0
C103430,33,18,two-year,electronic-check,yes,no,21.44,1,0,0,13,1,53.65,1019.98,0
C103431,27,56,month-to-month,electronic-check,yes,no,73.1,1,0,0,19,1,56.98,3257.65,0
C103432,24,15,month-to-month,electronic-check,yes,no,19.13,0,0,1,12,1,51.9,803.53,0
C103433,47,24,one-year,mailed-check,yes,no,26.57,0,0,0,18,0,60.5,1512.01,0
C103434,37,17,month-to-month,mailed-check,no,no,32.72,0,0,1,23,0,71.55,1288.03,0
C103435,40,44,month-to-month,credit-card,no,no,38.19,0,0,0,15,1,81.57,3618.54,0
C103436,46,21,month-to-month,electronic-check,no,yes,22.85,2,0,2,15,0,74.0,1625.61,1
C103437,18,48,one-year,electronic-check,yes,yes,10.35,0,0,1,14,2,61.18,2948.02,0
C103438,54,68,one-year,electronic-check,yes,no,32.98,2,1,0,22,1,64.09,4398.86,0
C103439,35,60,month-to-month,electronic-check,no,yes,59.53,1,1,0,12,2,72.02,4374.78,0
C103440,45,69,one-year,mailed-check,no,no,13.25,1,0,0,12,0,91.89,6484.99,1
C103441,46,1,month-to-month,bank-transfer,yes,no,27.6,0,0,2,19,1,70.28,170.55,0
C103442,55,33,month-to-month,credit-card,yes,no,33.85,0,1,1,17,3,86.11,2981.17,0
C103443,38,16,two-year,electronic-check,yes,no,15.68,0,0,2,14,0,46.09,762.24,0
C103444,18,67,one-year,electronic-check,yes,no,37.98,0,0,1,12,3,105.16,7141.08,0
C103445,40,51,two-year,bank-transfer,yes,yes,46.06,2,0,1,8,0,43.78,2285.71,1
C103446,41,23,one-year,electronic-check,yes,no,27.61,0,1,3,11,0,60.72,1460.67,0
C103447,27,41,month-to-month,bank-transfer,no,yes,37.04,0,1,0,14,2,76.73,3261.86,0
C103448,41,44,month-to-month,bank-transfer,yes,yes,19.18,2,0,2,9,3,78.13,3539.41,1
C103449,35,36,month-to-month,credit-card,no,no,7.74,0,0,0,10,2,95.3,3558.13,1
C103450,23,34,month-to-month,electronic-check,yes,no,10.05,0,0,0,14,0,63.14,2199.92,0
C103451,47,4,month-to-month,credit-card,yes,no,66.89,1,0,0,20,0,72.31,388.17,1
C103452,32,33,month-to-month,credit-card,no,no,46.38,0,0,0,11,1,56.62,1908.04,0
C103453,34,25,month-to-month,electronic-check,yes,yes,9.47,2,0,1,14,2,90.11,2426.66,0
C103454,33,59,two-year,mailed-check,yes,no,8.68,0,0,1,15,1,82.34,4929.4,0
C103455,54,63,month-to-month,mailed-check,yes,no,33.5,1,0,3,21,1,70.08,4489.95,1
C103456,39,54,month-to-month,electronic-check,yes,no,102.56,1,0,1,19,1,65.12,3608.57,0
C103457,40,2,one-year,credit-card,no,no,23.4,0,1,0,17,1,54.83,248.62,0
C103458,34,61,one-year,electronic-check,no,yes,11.63,0,0,2,18,2,75.66,4728.49,0
C103459,45,28,month-to-month,electronic-check,no,yes,39.47,0,0,0,20,2,70.98,2028.71,1
C103460,55,30,one-year,electronic-check,yes,no,50.92,0,3,0,13,1,63.3,1999.72,1
C103461,47,68,one-year,bank-transfer,no,no,33.52,2,0,1,15,0,63.38,4317.35,0
C103462,47,63,two-year,credit-card,yes,no,30.3,0,0,1,12,1,68.84,4387.5,0
C103463,46,3,month-to-month,bank-transfer,yes,yes,9.32,1,1,0,11,1,61.98,220.95,0
C103464,22,26,month-to-month,bank-transfer,no,yes,39.97,0,0,0,12,0,53.67,1434.46,0
C103465,28,54,one-year,electronic-check,yes,no,33.94,1,0,1,16,1,45.98,2556.07,0
C103466,37,39,month-to-month,bank-transfer,yes,no,16.98,2,0,0,19,1,59.61,2422.8,0
C103467,30,18,one-year,mailed-check,no,no,7.03,2,0,2,13,1,49.78,989.61,0
C103468,26,38,one-year,mailed-check,yes,yes,15.85,0,0,2,16,1,58.74,2273.07,0
C103469,18,63,one-year,bank-transfer,yes,no,22.14,0,0,1,10,1,70.77,4478.37,1
C103470,23,16,two-year,credit-card,yes,no,35.48,1,1,0,20,1,44.07,766.24,0
C103471,36,54,one-year,bank-transfer,no,no,39.83,1,0,1,10,1,62.16,3426.47,0
C103472,38,53,two-year,bank-transfer,yes,no,20.54,1,0,2,18,3,84.2,4483.31,0
C103473,29,64,one-year,mailed-check,yes,yes,19.28,1,0,2,11,0,38.11,2464.23,0
C103474,40,21,month-to-month,electronic-check,yes,no,44.53,0,0,1,17,3,81.45,1755.79,0
C103475,34,15,one-year,mailed-check,yes,no,28.32,0,0,0,11,2,63.48,940.77,0
C103476,52,39,one-year,bank-transfer,yes,no,33.66,0,0,0,20,1,77.8,3117.64,1
C103477,37,38,two-year,bank-transfer,no,no,17.11,0,1,1,15,2,63.69,2461.39,0
C103478,47,29,month-to-month,bank-transfer,no,yes,43.95,0,0,1,16,1,56.47,1672.15,0
C103479,41,56,month-to-month,electronic-check,no,no,13.86,0,0,1,15,0,66.28,3780.77,0
C103480,22,58,two-year,electronic-check,no,no,72.82,1,1,0,14,1,64.21,3719.89,0
C103481,38,17,month-to-month,electronic-check,yes,yes,8.41,0,0,1,21,2,85.14,1493.31,0
C103482,24,58,one-year,bank-transfer,yes,no,23.28,0,1,1,21,1,67.15,3970.1,1
C103483,38,16,month-to-month,credit-card,yes,no,7.79,1,0,2,10,2,81.93,1411.84,0
C103484,30,29,month-to-month,mailed-check,yes,no,32.08,0,0,1,20,2,86.32,2636.72,1
C103485,44,1,month-to-month,bank-transfer,no,yes,47.61,0,0,1,10,0,73.55,154.33,0
C103486,23,24,two-year,bank-transfer,yes,yes,33.78,0,0,0,17,2,38.71,987.93,0
C103487,39,69,month-to-month,electronic-check,no,no,16.41,3,0,1,14,0,64.34,4506.64,1
C103488,46,32,one-year,electronic-check,yes,no,7.78,0,0,1,11,3,78.26,2613.09,0
C103489,50,51,one-year,electronic-check,yes,no,16.28,0,0,1,17,0,41.79,2132.77,0
C103490,30,7,one-year,credit-card,no,no,34.42,4,2,1,14,0,55.4,418.36,1
C103491,39,46,month-to-month,electronic-check,yes,no,10.1,0,0,0,15,0,54.59,2562.07,0
C103492,41,27,month-to-month,mailed-check,yes,no,5.46,1,0,1,9,3,59.26,1658.76,1
C103493,58,54,two-year,mailed-check,yes,no,18.93,0,0,0,13,1,49.33,2669.42,0
C103494,21,67,month-to-month,bank-transfer,yes,no,8.01,1,0,2,19,0,38.53,2563.82,1
C103495,28,38,month-to-month,electronic-check,yes,no,27.43,0,1,1,11,0,46.56,1783.41,0
C103496,73,7,two-year,credit-card,no,no,20.58,1,1,2,18,2,78.3,600.35,1
C103497,36,34,month-to-month,electronic-check,no,no,18.42,0,1,0,16,0,51.54,1815.48,1
C103498,18,8,month-to-month,credit-card,no,yes,78.63,1,0,2,22,2,80.78,654.21,1
C103499,32,32,two-year,bank-transfer,no,no,30.25,0,0,1,16,2,64.73,2216.13,0
C103500,18,4,month-to-month,mailed-check,yes,yes,1.84,0,0,0,12,0,71.48,326.26,1
C103501,42,46,month-to-month,bank-transfer,no,no,71.83,1,1,0,13,1,64.88,2992.12,0
C103502,49,22,month-to-month,bank-transfer,yes,no,23.14,1,1,1,17,2,84.21,1889.14,1
C103503,28,14,one-year,electronic-check,yes,no,17.11,0,0,2,5,0,56.78,846.34,0
C103504,33,1,two-year,bank-transfer,no,no,26.13,1,0,0,16,3,67.94,102.36,0
C103505,50,64,one-year,bank-transfer,yes,no,8.74,0,0,0,15,0,81.54,5292.68,0
C103506,18,61,two-year,bank-transfer,yes,no,20.03,4,0,1,13,1,76.29,4715.61,1
C103507,23,59,month-to-month,bank-transfer,no,no,43.1,0,0,0,16,1,62.19,3734.7,0
C103508,36,4,one-year,bank-transfer,yes,no,17.89,2,0,0,15,0,67.13,331.1,0
C103509,30,25,month-to-month,mailed-check,yes,no,14.8,0,0,2,16,0,55.7,1462.09,0
C103510,35,70,two-year,electronic-check,yes,no,12.46,1,0,0,14,2,69.19,4969.63,0
C103511,24,42,two-year,electronic-check,yes,no,38.83,1,0,1,21,1,59.67,2551.45,0
C103512,42,9,month-to-month,bank-transfer,yes,no,27.84,0,0,0,10,1,64.5,607.87,0
C103513,37,10,two-year,electronic-check,yes,no,71.95,1,0,2,22,0,63.07,725.61,0
C103514,46,19,one-year,electronic-check,yes,no,64.91,3,0,0,19,2,84.62,1705.65,1
C103515,41,70,month-to-month,credit-card,yes,no,18.81,1,0,0,14,2,78.99,5603.91,0
C103516,41,12,one-year,electronic-check,yes,no,33.05,0,0,0,8,1,66.05,864.69,0
C103517,22,65,two-year,electronic-check,yes,no,16.58,0,1,0,15,0,40.36,2644.2,0
C103518,45,49,month-to-month,credit-card,yes,yes,14.7,0,0,0,14,0,60.68,3080.65,0
C103519,35,67,month-to-month,bank-transfer,yes,no,13.97,0,0,0,21,0,47.03,3230.89,0
C103520,37,60,two-year,bank-transfer,yes,yes,12.83,0,0,2,13,1,47.73,2920.43,0
C103521,52,24,month-to-month,mailed-check,yes,yes,43.31,0,0,1,14,0,54.49,1350.53,1
C103522,30,60,month-to-month,bank-transfer,no,no,14.57,2,0,0,11,0,49.16,2936.93,1
C103523,55,12,one-year,credit-card,yes,no,16.91,1,0,0,13,0,45.46,617.99,0
C103524,56,21,one-year,electronic-check,yes,no,27.52,1,0,0,13,1,51.91,1145.03,1
C103525,48,15,month-to-month,electronic-check,yes,no,25.84,0,0,3,9,0,59.42,984.77,1
C103526,27,9,month-to-month,electronic-check,yes,no,24.12,2,0,1,15,2,64.86,598.54,1
C103527,18,6,two-year,credit-card,yes,no,48.27,1,1,0,18,0,46.12,317.08,1
C103528,52,13,month-to-month,electronic-check,no,no,14.27,1,1,3,12,0,60.05,832.16,1
C103529,40,8,one-year,mailed-check,no,no,12.79,0,1,4,10,1,61.84,490.87,0
C103530,30,27,two-year,mailed-check,yes,yes,1.01,0,1,1,17,1,66.37,1805.47,1
C103531,53,5,month-to-month,credit-card,yes,no,33.62,0,0,1,10,2,74.77,457.83,1
C103532,29,4,two-year,electronic-check,no,no,32.88,1,0,0,11,2,76.52,473.32,0
C103533,34,72,one-year,mailed-check,yes,no,45.39,2,0,1,15,1,44.23,,0
C103534,45,6,two-year,credit-card,yes,no,18.67,1,0,0,17,0,72.83,445.91,0
C103535,26,5,month-to-month,electronic-check,yes,yes,20.92,0,0,1,25,3,68.13,415.37,0
C103536,38,2,month-to-month,bank-transfer,yes,no,42.12,2,0,2,20,0,67.05,176.12,0
C103537,52,9,one-year,electronic-check,no,yes,16.15,2,1,0,8,0,53.85,561.22,0
C103538,42,38,two-year,electronic-check,yes,yes,22.85,1,0,0,16,1,92.89,3626.84,0
C103539,54,60,two-year,electronic-check,yes,yes,47.7,0,2,0,13,2,75.56,4586.85,0
C103540,53,53,month-to-month,electronic-check,yes,no,32.2,2,2,1,20,3,103.77,5632.72,1
C103541,39,42,month-to-month,electronic-check,no,no,18.17,0,0,1,14,1,38.96,1677.34,0
C103542,18,6,month-to-month,credit-card,yes,no,41.5,0,0,0,16,1,78.7,559.62,1
C103543,26,56,one-year,mailed-check,yes,no,21.39,0,0,0,13,2,72.58,4136.88,0
C103544,48,2,two-year,mailed-check,yes,yes,42.12,0,0,0,27,3,49.97,150.18,0
C103545,20,46,one-year,bank-transfer,no,no,27.79,0,1,1,13,1,59.7,2809.09,0
C103546,35,29,month-to-month,credit-card,yes,no,15.65,1,0,0,12,0,51.7,1597.27,1
C103547,43,64,two-year,electronic-check,yes,no,9.39,2,1,0,20,1,73.45,4805.18,1
C103548,57,22,month-to-month,electronic-check,no,no,37.49,2,0,0,15,1,61.27,1450.36,0
C103549,32,46,month-to-month,electronic-check,no,no,39.94,0,0,2,14,1,48.78,2221.28,0
C103550,31,32,one-year,credit-card,yes,no,51.91,2,0,1,20,0,52.16,1736.49,0
C103551,38,38,month-to-month,credit-card,no,no,34.36,0,1,0,17,1,74.25,2859.1,0
C103552,43,68,one-year,mailed-check,yes,yes,19.84,1,0,0,15,3,81.27,5614.39,0
C103553,37,52,one-year,electronic-check,no,no,27.08,1,0,1,14,1,74.33,3980.92,0
C103554,52,30,month-to-month,mailed-check,no,no,23.82,1,0,4,14,0,26.72,790.42,0
C103555,29,32,month-to-month,bank-transfer,no,no,19.35,0,0,0,15,1,84.55,2798.38,1
C103556,40,51,month-to-month,electronic-check,yes,no,8.47,1,1,1,13,1,63.69,3292.71,1
C103557,44,25,one-year,electronic-check,no,no,9.57,0,2,1,10,2,70.43,1866.23,0
C103558,34,12,month-to-month,electronic-check,no,no,38.34,0,0,2,17,2,90.42,1183.09,1
C103559,49,34,month-to-month,bank-transfer,yes,yes,12.31,1,0,1,16,1,78.6,2740.06,0
C103560,41,4,month-to-month,credit-card,no,no,18.6,3,0,1,10,3,76.56,374.16,1
C103561,48,12,one-year,electronic-check,yes,no,5.66,3,1,0,15,3,62.98,828.79,0
C103562,41,30,month-to-month,credit-card,yes,no,6.1,1,1,1,12,2,57.91,1855.68,0
C103563,44,58,month-to-month,mailed-check,no,no,12.52,0,2,2,8,2,71.15,4207.3,0
C103564,31,57,month-to-month,bank-transfer,yes,yes,37.42,0,1,1,10,1,79.59,4633.88,1
C103565,31,19,month-to-month,credit-card,no,yes,38.84,0,0,1,10,0,63.09,1295.59,0
C103566,54,30,month-to-month,bank-transfer,yes,yes,26.03,1,0,2,16,1,40.91,1262.19,1
C103567,47,11,month-to-month,electronic-check,yes,no,13.83,0,0,1,3,1,93.86,1091.8,0
C103568,27,55,one-year,electronic-check,no,no,55.28,0,0,0,20,0,51.85,2907.46,0
C103569,41,17,month-to-month,credit-card,no,no,18.37,1,0,0,7,0,66.23,1224.09,1
C103570,18,58,month-to-month,bank-transfer,no,no,58.56,2,0,1,14,1,42.23,2488.77,1
C103571,32,61,two-year,electronic-check,yes,yes,,0,1,0,7,1,84.26,5187.69,0
C103572,51,50,month-to-month,bank-transfer,yes,yes,43.4,0,0,1,18,1,73.04,3748.86,0
C103573,37,24,month-to-month,electronic-check,no,no,43.56,0,0,1,12,0,52.3,1369.77,0
C103574,40,69,month-to-month,electronic-check,no,no,4.3,0,0,0,11,3,105.95,7418.28,0
C103575,18,50,month-to-month,credit-card,no,no,9.33,1,1,3,14,0,57.64,2911.28,1
C103576,34,47,month-to-month,mailed-check,yes,no,17.39,0,0,2,16,1,77.11,3738.28,1
C103577,43,62,two-year,electronic-check,yes,no,12.48,2,0,1,15,1,58.48,3716.76,0
C103578,45,64,month-to-month,mailed-check,yes,yes,31.11,2,0,1,18,3,81.42,5312.73,0
C103579,51,5,one-year,credit-card,yes,no,32.83,0,1,1,18,1,87.55,533.86,0
C103580,36,64,two-year,electronic-check,yes,yes,16.22,0,0,2,13,1,69.02,4492.47,0
C103581,37,55,month-to-month,electronic-check,yes,no,14.89,1,3,0,11,1,46.64,2666.02,0
C103582,23,15,one-year,mailed-check,yes,no,41.36,1,1,0,14,0,59.23,,0
C103583,37,22,month-to-month,electronic-check,yes,yes,15.1,2,0,0,16,0,64.25,1475.92,0
C103584,24,54,month-to-month,electronic-check,yes,yes,46.34,0,0,0,15,1,78.02,4305.6,0
C103585,18,15,two-year,electronic-check,no,no,26.51,0,1,1,16,3,117.44,1873.51,1
C103586,26,33,month-to-month,electronic-check,yes,no,,3,0,2,15,1,73.14,2479.93,1
C103587,57,50,two-year,bank-transfer,no,no,10.52,1,1,0,18,1,56.35,2865.9,0
C103588,36,47,one-year,electronic-check,no,yes,35.86,0,0,1,17,0,54.53,2642.42,1
C103589,42,66,month-to-month,mailed-check,no,no,9.15,3,1,0,14,1,77.61,5192.79,1
C103590,33,8,month-to-month,bank-transfer,no,no,35.82,0,0,0,14,1,60.8,545.9,0
C103591,18,21,one-year,electronic-check,no,no,32.74,0,0,1,15,1,68.6,1517.07,0
C103592,50,71,month-to-month,electronic-check,yes,no,33.25,0,0,1,16,2,68.09,4930.07,1
C103593,18,41,month-to-month,credit-card,no,no,32.67,1,0,0,18,0,53.18,2277.73,0
C103594,32,18,month-to-month,bank-transfer,no,no,41.25,0,0,0,19,2,71.08,1328.84,0
C103595,38,21,month-to-month,bank-transfer,yes,no,30.44,0,0,1,11,2,73.39,1633.7,0
C103596,42,24,two-year,mailed-check,no,yes,4.46,0,0,1,14,0,53.61,,0
C103597,30,40,month-to-month,credit-card,yes,no,28.34,0,1,1,14,3,58.79,2416.63,0
C103598,18,20,month-to-month,electronic-check,yes,no,11.69,0,0,1,19,0,70.44,1419.22,0
C103599,29,45,one-year,electronic-check,yes,no,7.06,1,1,3,12,1,78.16,3594.37,0
C103600,30,32,one-year,credit-card,no,no,10.26,0,0,0,7,1,69.42,2297.91,0
C103601,30,44,two-year,electronic-check,yes,no,13.98,0,0,0,15,1,81.83,3727.77,0
C103602,51,11,two-year,bank-transfer,yes,no,33.86,0,1,0,16,1,73.11,920.27,0
C103603,24,45,month-to-month,electronic-check,yes,no,18.55,0,0,2,10,3,89.82,4154.67,1
C103604,43,67,month-to-month,electronic-check,no,no,40.76,1,0,0,18,3,76.59,5292.8,0
C103605,41,9,one-year,bank-transfer,no,no,13.08,5,0,1,17,0,64.89,668.54,1
C103606,51,23,month-to-month,mailed-check,yes,no,19.01,0,1,1,10,0,43.83,1035.41,0
C103607,37,50,one-year,bank-transfer,yes,no,13.57,1,0,3,10,2,68.88,3546.37,0
C103608,48,45,month-to-month,electronic-check,no,no,3.19,1,0,0,11,1,48.71,2236.4,0
C103609,37,49,two-year,electronic-check,yes,no,23.16,0,0,1,15,2,56.7,2850.29,0
C103610,44,40,one-year,bank-transfer,yes,no,94.28,1,1,1,16,1,84.32,3425.4,0
C103611,21,49,one-year,electronic-check,no,no,7.29,0,0,0,21,3,78.87,3925.13,0
C103612,18,44,month-to-month,bank-transfer,no,no,36.01,0,0,0,18,1,59.41,2622.17,0
C103613,44,5,two-year,mailed-check,yes,no,41.45,2,0,2,16,1,53.41,321.3,0
C103614,44,54,one-year,electronic-check,yes,no,24.0,1,1,1,17,0,39.89,2171.27,0
C103615,45,32,two-year,electronic-check,yes,no,8.05,0,0,1,10,0,40.96,1431.65,0
C103616,33,3,two-year,credit-card,no,no,77.23,0,0,0,19,3,84.68,382.23,1
C103617,57,29,month-to-month,mailed-check,no,no,32.34,0,0,1,10,1,27.91,821.78,1
C103618,33,31,month-to-month,electronic-check,yes,no,58.48,0,1,0,16,1,78.93,2499.5,0
C103619,44,6,month-to-month,credit-card,no,no,,0,0,1,11,2,64.93,430.52,0
C103620,46,72,one-year,electronic-check,yes,no,14.49,1,0,1,11,3,85.56,6217.61,1
C103621,60,16,one-year,credit-card,no,no,7.41,1,1,3,14,1,73.89,1223.43,1
C103622,35,24,month-to-month,electronic-check,no,no,44.29,3,0,0,19,2,73.73,1840.86,1
C103623,31,32,two-year,mailed-check,no,no,5.28,0,0,2,18,0,57.9,1888.06,0
C103624,21,60,month-to-month,mailed-check,no,no,20.43,0,0,0,15,0,55.7,,0
C103625,58,54,one-year,electronic-check,yes,no,18.85,2,0,0,16,0,73.56,4090.11,0
C103626,44,56,month-to-month,bank-transfer,yes,yes,3.93,1,2,0,19,0,44.36,2509.48,1
C103627,44,17,month-to-month,electronic-check,yes,no,34.34,0,0,1,10,2,89.83,1597.05,0
C103628,76,61,month-to-month,mailed-check,no,no,30.21,0,0,2,17,1,50.6,3195.07,0
C103629,43,60,one-year,credit-card,yes,no,13.85,0,0,1,8,2,54.81,3408.56,0
C103630,23,33,one-year,bank-transfer,yes,yes,58.41,1,0,2,18,1,51.76,1791.57,1
C103631,37,39,month-to-month,mailed-check,yes,no,4.72,1,0,1,17,1,38.05,1529.94,0
C103632,27,2,month-to-month,electronic-check,yes,yes,2.66,0,0,2,15,0,58.18,149.84,1
C103633,34,55,one-year,electronic-check,yes,yes,24.83,0,0,2,14,1,53.63,3040.19,0
C103634,34,70,month-to-month,credit-card,yes,no,10.26,1,0,0,12,2,77.28,5468.69,1
C103635,32,34,one-year,bank-transfer,yes,no,21.07,0,0,2,16,1,82.9,2851.42,1
C103636,22,39,month-to-month,bank-transfer,yes,no,48.5,1,1,0,16,1,60.59,2408.99,0
C103637,58,36,two-year,mailed-check,yes,no,6.99,1,0,0,9,3,95.87,3508.55,0
C103638,43,6,one-year,mailed-check,no,no,44.65,1,0,0,18,1,76.46,507.02,1
C103639,36,45,month-to-month,electronic-check,yes,no,7.5,2,0,2,13,1,67.36,3147.67,0
C103640,48,52,one-year,electronic-check,no,no,15.97,0,0,1,8,3,81.03,4345.62,0
C103641,45,67,month-to-month,mailed-check,no,no,51.05,1,0,2,13,0,37.87,2550.49,0
C103642,42,67,two-year,electronic-check,yes,no,34.84,0,0,2,12,3,76.47,5176.99,0
C103643,47,35,one-year,electronic-check,yes,no,10.92,0,1,5,14,2,77.16,2747.59,0
C103644,41,70,month-to-month,mailed-check,yes,no,28.12,2,0,0,23,1,86.19,6180.85,1
C103645,47,38,one-year,mailed-check,yes,yes,15.03,0,0,1,15,1,58.58,2338.88,0
C103646,48,46,month-to-month,mailed-check,yes,no,16.66,0,0,0,13,0,70.67,3298.65,0
C103647,41,43,two-year,credit-card,no,no,18.97,1,0,0,15,1,58.53,2613.79,0
C103648,36,72,two-year,bank-transfer,yes,no,31.49,0,1,1,12,1,77.37,5656.87,0
C103649,57,53,one-year,electronic-check,yes,yes,23.68,0,0,1,12,0,46.43,2522.15,0
C103650,33,8,month-to-month,bank-transfer,no,no,19.37,0,1,0,14,1,65.43,610.91,1
C103651,44,5,one-year,mailed-check,yes,no,19.83,1,0,0,15,3,72.17,425.59,0
C103652,44,29,month-to-month,mailed-check,no,yes,26.04,1,2,0,12,1,62.8,1873.58,0
C103653,32,37,month-to-month,credit-card,no,no,22.85,1,0,0,17,0,56.43,2202.28,0
C103654,29,48,two-year,electronic-check,yes,yes,14.53,0,0,0,9,0,56.98,2792.68,1
C103655,35,35,month-to-month,,yes,no,26.58,2,1,0,14,0,47.06,1708.4,1
C103656,33,37,month-to-month,electronic-check,yes,no,29.94,1,0,0,9,0,56.23,2202.57,1
C103657,22,67,month-to-month,electronic-check,no,no,27.1,1,0,0,16,0,60.74,4149.16,0
C103658,31,24,two-year,mailed-check,no,no,40.66,1,0,2,16,2,72.71,1821.31,0
C103659,42,36,two-year,electronic-check,no,no,13.59,1,1,0,15,2,59.12,2174.2,1
C103660,54,40,month-to-month,electronic-check,yes,no,13.08,0,1,1,15,2,65.62,2665.79,0
C103661,46,34,month-to-month,mailed-check,yes,yes,53.73,1,1,4,15,0,70.11,2464.13,0
C103662,18,70,two-year,electronic-check,yes,no,11.32,1,0,0,11,3,70.17,4960.52,0
C103663,47,70,month-to-month,mailed-check,no,no,17.98,1,0,1,18,3,95.46,6768.29,1
C103664,32,37,two-year,electronic-check,yes,no,3.09,0,0,1,15,1,58.55,2162.55,0
C103665,44,32,two-year,mailed-check,yes,no,7.54,0,0,3,19,3,75.31,2501.31,0
C103666,39,42,one-year,mailed-check,yes,yes,16.05,1,0,3,14,2,81.34,3470.29,0
C103667,37,13,month-to-month,mailed-check,yes,no,15.41,3,1,1,12,0,62.57,945.28,1
C103668,38,31,one-year,bank-transfer,no,no,18.49,0,0,0,19,1,81.37,2577.0,0
C103669,39,15,two-year,,no,yes,62.27,1,0,2,19,0,32.78,512.97,0
C103670,55,10,month-to-month,electronic-check,yes,yes,4.27,4,0,2,19,0,60.96,669.4,0
C103671,39,6,two-year,mailed-check,yes,no,21.75,0,1,0,11,2,57.3,388.38,0
C103672,52,42,month-to-month,credit-card,yes,no,19.94,1,1,0,13,1,65.5,2754.93,0
C103673,50,0,two-year,bank-transfer,yes,no,68.93,2,0,0,18,1,57.84,61.12,0
C103674,47,47,one-year,credit-card,yes,no,38.19,0,1,2,14,3,85.25,4110.07,0
C103675,18,31,month-to-month,bank-transfer,yes,no,15.15,1,0,1,10,0,43.09,1368.91,1
C103676,52,26,month-to-month,bank-transfer,yes,no,52.87,1,0,0,19,2,60.81,1634.39,0
C103677,34,56,month-to-month,electronic-check,no,yes,14.17,0,0,0,18,1,49.57,2814.74,0
C103678,48,39,month-to-month,electronic-check,no,no,40.38,1,0,0,22,0,71.07,2815.08,1
C103679,27,53,two-year,bank-transfer,no,no,58.31,1,0,0,14,1,73.66,3956.92,0
C103680,25,51,month-to-month,mailed-check,yes,no,23.72,3,1,1,10,0,71.6,3777.62,0
C103681,63,2,two-year,bank-transfer,yes,no,9.09,1,1,2,14,0,31.98,113.28,0
C103682,28,15,month-to-month,credit-card,yes,no,3.89,1,0,1,14,1,85.79,1403.0,0
C103683,53,41,one-year,electronic-check,yes,no,24.38,0,0,0,14,2,95.69,4001.84,0
C103684,40,71,two-year,mailed-check,yes,no,39.26,0,0,0,11,1,54.26,3941.0,0
C103685,34,11,one-year,credit-card,yes,no,106.84,0,0,0,21,0,65.87,832.38,0
C103686,38,7,two-year,credit-card,no,yes,49.16,1,2,2,11,0,50.4,391.32,0
C103687,23,68,two-year,credit-card,no,no,22.49,0,1,2,11,1,73.74,5179.3,0
C103688,39,70,one-year,bank-transfer,no,yes,8.66,0,0,0,9,0,75.25,5311.74,0
C103689,26,12,one-year,credit-card,yes,no,19.78,1,1,1,19,2,61.49,759.85,0
C103690,34,29,month-to-month,mailed-check,no,no,61.74,2,0,1,12,0,42.89,1259.66,0
C103691,50,45,month-to-month,electronic-check,yes,no,77.21,0,0,0,15,3,82.38,3774.56,0
C103692,42,14,month-to-month,electronic-check,no,no,14.05,1,0,1,19,0,99.46,1519.02,0
C103693,21,23,two-year,mailed-check,yes,no,18.41,2,0,3,12,0,66.19,1565.6,1
C103694,49,28,one-year,credit-card,no,no,55.22,1,0,1,21,0,64.31,1797.14,0
C103695,39,46,one-year,mailed-check,no,no,53.04,1,1,0,17,3,91.5,4281.71,1
C103696,32,22,two-year,bank-transfer,yes,yes,14.55,0,1,0,15,1,78.4,1792.77,0
C103697,48,30,month-to-month,mailed-check,yes,yes,35.89,1,2,1,12,2,82.01,2556.83,1
C103698,37,21,two-year,bank-transfer,no,no,15.28,3,1,1,18,0,55.28,1129.25,0
C103699,25,55,month-to-month,electronic-check,no,no,46.01,1,0,3,13,0,50.82,2835.13,0
C103700,61,11,month-to-month,mailed-check,yes,no,22.31,0,0,0,11,0,58.97,706.25,0
C103701,39,16,one-year,electronic-check,yes,no,17.09,0,0,1,15,0,69.76,1188.09,0
C103702,38,18,month-to-month,mailed-check,yes,no,38.13,0,0,0,18,0,70.3,1361.32,1
C103703,34,66,one-year,mailed-check,yes,no,23.53,2,0,2,16,0,49.81,3305.01,0
C103704,53,68,one-year,bank-transfer,yes,no,37.46,0,0,0,10,1,64.33,4434.31,0
C103705,33,36,two-year,mailed-check,yes,yes,9.62,1,0,2,14,1,47.98,1778.49,0
C103706,20,11,month-to-month,credit-card,yes,no,11.4,0,0,0,15,1,76.81,,0
C103707,31,55,month-to-month,credit-card,yes,yes,20.88,0,0,0,13,1,73.84,4149.46,0
C103708,55,35,month-to-month,electronic-check,no,no,12.44,1,1,1,10,0,52.46,1855.82,1
C103709,49,62,month-to-month,electronic-check,yes,no,16.05,2,0,0,8,1,65.88,4167.54,1
C103710,36,26,month-to-month,electronic-check,yes,no,21.3,0,0,0,13,3,65.64,1763.74,1
C103711,55,72,month-to-month,electronic-check,yes,no,13.69,1,1,0,13,1,67.06,4922.23,1
C103712,48,58,two-year,electronic-check,no,no,60.35,1,1,0,14,2,87.74,5217.24,0
C103713,36,16,two-year,credit-card,yes,no,11.78,0,0,1,13,2,64.98,1135.31,0
C103714,37,52,two-year,credit-card,yes,no,20.41,1,0,0,11,0,39.72,2059.3,0
C103715,43,20,month-to-month,electronic-check,yes,no,,0,0,1,13,0,57.67,1188.62,0
C103716,29,25,one-year,bank-transfer,yes,no,24.28,0,0,0,12,0,70.65,1845.25,0
C103717,39,18,month-to-month,credit-card,no,no,17.08,0,0,1,9,1,78.03,1470.75,0
C103718,43,49,month-to-month,mailed-check,yes,no,40.38,0,0,0,19,3,90.31,4493.72,0
C103719,19,19,month-to-month,credit-card,yes,no,42.11,0,0,3,19,2,69.13,1412.75,0
C103720,37,46,two-year,credit-card,yes,no,14.03,0,1,1,16,1,76.22,3544.93,1
C103721,35,42,one-year,credit-card,yes,no,44.36,3,1,0,12,1,71.85,3032.5,1
C103722,51,54,month-to-month,bank-transfer,no,yes,13.51,2,0,1,17,2,66.11,3602.11,0
C103723,18,72,one-year,mailed-check,no,no,20.48,1,0,1,16,1,65.37,4784.58,1
C103724,34,0,two-year,electronic-check,no,no,22.24,2,0,0,16,1,73.66,124.56,0
C103725,33,72,month-to-month,credit-card,yes,yes,12.95,0,1,1,13,0,62.64,4637.75,0
C103726,51,7,two-year,electronic-check,yes,yes,6.22,0,0,0,16,1,67.13,528.11,0
C103727,38,38,month-to-month,mailed-check,no,yes,24.19,2,2,1,14,0,64.52,2482.55,1
C103728,61,24,month-to-month,electronic-check,yes,no,8.86,0,0,0,19,0,50.67,1267.58,0
C103729,47,46,two-year,mailed-check,no,no,57.18,0,0,0,16,0,42.53,2004.49,0
C103730,34,52,month-to-month,electronic-check,yes,no,15.43,1,0,2,21,1,53.81,2792.17,0
C103731,42,62,one-year,credit-card,yes,no,36.74,1,0,0,16,1,72.98,4533.32,0
C103732,35,29,month-to-month,mailed-check,no,no,35.14,0,0,0,12,2,59.7,1745.68,0
C103733,49,68,one-year,mailed-check,yes,no,12.86,0,0,3,17,1,65.69,4575.64,1
C103734,23,23,one-year,mailed-check,no,no,15.75,0,0,2,11,0,57.75,1376.94,1
C103735,29,14,two-year,bank-transfer,yes,no,15.63,1,2,0,12,1,73.87,1088.97,0
C103736,44,27,two-year,credit-card,yes,no,26.59,4,0,0,15,1,52.17,1478.21,1
C103737,54,38,one-year,credit-card,yes,no,97.11,1,0,0,21,2,52.17,2072.41,0
C103738,18,48,month-to-month,credit-card,yes,no,25.71,3,0,2,15,3,69.67,3387.48,1
C103739,55,60,month-to-month,mailed-check,no,no,14.85,2,0,1,15,1,75.93,4636.57,0
C103740,37,16,one-year,credit-card,yes,yes,27.27,0,0,1,21,0,73.31,1254.05,0
C103741,18,22,month-to-month,mailed-check,yes,no,8.9,0,0,2,9,1,57.69,1357.31,0
C103742,18,68,month-to-month,bank-transfer,yes,no,11.85,1,0,2,17,0,45.64,3148.99,0
C103743,21,32,two-year,bank-transfer,no,no,57.78,0,0,2,19,0,61.41,1975.56,0
C103744,39,17,month-to-month,mailed-check,yes,no,18.32,1,0,2,22,0,81.13,1459.37,1
C103745,38,71,month-to-month,mailed-check,yes,no,11.44,2,1,0,14,1,70.41,5081.52,1
C103746,47,32,two-year,bank-transfer,no,yes,7.68,0,0,1,13,1,69.14,2277.01,0
C103747,32,71,one-year,electronic-check,no,yes,21.11,0,0,0,13,1,89.43,6415.25,0
C103748,26,67,one-year,bank-transfer,no,no,8.15,0,0,0,13,0,66.68,4488.38,0
C103749,34,66,month-to-month,mailed-check,no,no,46.56,0,0,2,18,1,70.84,4785.35,0
C103750,39,42,month-to-month,bank-transfer,yes,no,35.05,1,0,1,21,0,43.65,1901.98,0
C103751,42,58,one-year,credit-card,no,no,14.29,2,1,1,17,0,56.73,3348.37,0
C103752,30,70,month-to-month,electronic-check,yes,no,66.16,1,1,2,21,1,72.0,5075.87,1
C103753,50,19,one-year,electronic-check,yes,no,15.65,0,0,0,9,0,43.44,892.91,0
C103754,32,2,month-to-month,bank-transfer,yes,no,18.31,0,0,0,14,1,77.77,213.6,0
C103755,29,23,month-to-month,electronic-check,yes,no,12.07,0,0,2,11,2,66.92,1544.57,0
C103756,32,46,month-to-month,electronic-check,yes,no,33.07,1,0,0,17,2,66.06,3136.42,0
C103757,52,39,month-to-month,bank-transfer,yes,yes,8.89,0,0,0,13,2,61.92,2405.08,0
C103758,37,5,month-to-month,electronic-check,no,no,14.83,1,0,2,17,1,67.65,397.38,0
C103759,31,40,one-year,bank-transfer,no,no,13.15,0,0,2,14,0,63.98,2650.33,0
C103760,50,12,one-year,electronic-check,yes,no,25.61,0,2,3,15,1,49.4,647.42,1
C103761,65,36,month-to-month,electronic-check,yes,no,6.91,1,1,3,17,1,73.5,2743.97,0
C103762,42,42,one-year,mailed-check,yes,no,19.58,0,1,1,15,1,73.47,3196.68,0
C103763,54,46,month-to-month,credit-card,yes,no,46.46,0,0,0,15,0,67.89,3157.09,0
C103764,51,30,month-to-month,mailed-check,no,no,7.96,1,0,0,15,0,58.24,1805.23,1
C103765,32,29,two-year,electronic-check,yes,yes,34.34,0,0,0,16,2,69.28,2076.15,0
C103766,39,49,one-year,mailed-check,yes,yes,39.18,1,0,1,6,3,76.81,3837.07,0
C103767,24,54,one-year,bank-transfer,yes,yes,18.88,0,1,0,22,0,39.41,2191.04,0
C103768,37,58,month-to-month,bank-transfer,yes,no,2.92,1,1,0,9,2,66.09,3921.78,1
C103769,31,24,month-to-month,electronic-check,yes,no,33.41,0,0,0,16,0,53.49,1372.33,0
C103770,34,30,one-year,electronic-check,no,no,,1,0,2,18,0,48.03,1453.89,0
C103771,30,24,one-year,mailed-check,no,no,62.79,1,0,2,12,0,60.52,1523.79,0
C103772,36,38,one-year,bank-transfer,yes,yes,22.83,2,0,1,14,2,95.85,3700.13,1
C103773,45,9,two-year,credit-card,no,no,4.66,0,0,0,18,1,82.37,838.25,0
C103774,38,31,month-to-month,bank-transfer,no,no,33.02,2,1,0,15,1,55.73,1840.04,1
C103775,18,13,two-year,bank-transfer,yes,no,5.44,2,0,0,7,2,91.98,1340.35,0
C103776,30,38,one-year,mailed-check,no,no,29.74,0,0,1,7,1,78.71,3024.08,0
C103777,21,62,month-to-month,bank-transfer,yes,yes,36.9,2,0,0,11,0,48.85,3038.45,0
C103778,42,71,month-to-month,bank-transfer,no,yes,47.39,0,0,1,18,1,71.41,5156.51,0
C103779,45,32,one-year,electronic-check,yes,no,15.05,0,0,0,18,0,55.63,1815.79,0
C103780,42,4,month-to-month,credit-card,no,no,10.0,1,0,2,18,1,36.77,227.62,0
C103781,30,16,one-year,electronic-check,no,no,23.1,2,0,0,20,2,62.47,1088.26,0
C103782,42,7,one-year,bank-transfer,no,no,6.9,1,0,0,12,2,75.7,623.08,1
C103783,33,55,month-to-month,bank-transfer,yes,no,16.34,0,0,0,11,1,47.12,2601.84,0
C103784,25,71,month-to-month,credit-card,yes,no,12.94,4,1,1,15,1,86.2,6234.15,1
C103785,48,40,one-year,electronic-check,no,no,41.64,0,1,0,21,2,96.66,3983.3,0
C103786,49,12,month-to-month,credit-card,no,no,54.61,0,0,1,13,0,66.47,861.85,0
C103787,50,1,two-year,electronic-check,no,no,31.42,0,1,0,12,1,43.87,36.39,0
C103788,32,71,month-to-month,electronic-check,yes,yes,38.25,1,0,1,23,0,69.84,5080.77,0
C103789,53,23,two-year,credit-card,yes,no,23.22,0,1,0,14,0,67.92,1589.95,0
C103790,33,8,month-to-month,electronic-check,no,no,21.91,1,0,2,11,0,67.12,551.68,1
C103791,47,12,month-to-month,bank-transfer,no,no,5.61,0,0,1,17,1,72.41,958.2,1
C103792,33,18,one-year,mailed-check,yes,no,27.67,2,1,0,19,0,77.6,1510.13,0
C103793,36,47,month-to-month,credit-card,no,no,36.54,0,1,0,15,2,74.11,3531.07,0
C103794,18,65,month-to-month,credit-card,yes,yes,17.79,1,1,0,10,0,53.7,3510.73,1
C103795,35,20,month-to-month,electronic-check,yes,no,18.4,1,0,1,16,2,58.27,1235.03,1
C103796,40,50,one-year,credit-card,yes,no,3.19,0,1,0,13,0,64.56,3358.83,1
C103797,34,4,one-year,electronic-check,yes,yes,18.76,0,1,1,16,1,64.34,381.87,0
C103798,60,0,month-to-month,bank-transfer,no,no,41.87,1,0,1,17,3,64.25,96.5,0
C103799,25,4,month-to-month,bank-transfer,yes,no,26.69,0,0,0,17,2,77.0,395.55,0
C103800,32,67,month-to-month,bank-transfer,no,no,20.37,3,0,1,22,3,65.47,4444.6,0
C103801,28,42,two-year,bank-transfer,yes,no,,2,1,0,13,0,56.38,2415.27,0
C103802,32,58,month-to-month,credit-card,no,no,14.74,0,1,0,12,1,64.45,3791.96,0
C103803,51,1,one-year,bank-transfer,yes,no,12.65,0,1,1,10,3,72.77,151.68,1
C103804,57,1,month-to-month,credit-card,yes,no,9.43,2,0,1,13,0,67.62,118.96,1
C103805,31,61,one-year,electronic-check,yes,no,26.61,1,0,2,18,2,48.72,3011.09,0
C103806,30,7,two-year,mailed-check,no,no,15.19,1,0,1,6,1,66.79,512.45,0
C103807,25,11,month-to-month,credit-card,no,no,39.17,1,2,0,10,0,59.7,710.23,1
C103808,55,37,one-year,electronic-check,yes,yes,20.53,0,0,0,13,0,55.7,2113.02,1
C103809,52,44,month-to-month,mailed-check,yes,no,67.88,1,0,0,17,3,101.38,4570.64,0
C103810,38,16,one-year,credit-card,yes,yes,14.97,1,0,3,12,0,48.16,837.8,0
C103811,22,32,month-to-month,mailed-check,yes,no,45.81,0,0,1,19,1,64.75,2239.35,0
C103812,23,49,month-to-month,electronic-check,yes,no,52.16,0,1,1,13,0,59.41,3014.0,0
C103813,41,32,month-to-month,electronic-check,no,no,13.96,1,0,1,8,2,74.01,2482.05,1
C103814,46,27,month-to-month,electronic-check,no,no,19.34,0,1,0,11,2,59.01,1698.32,0
C103815,18,5,two-year,electronic-check,yes,no,16.11,1,1,1,17,2,93.33,577.46,0
C103816,35,32,one-year,electronic-check,no,no,13.4,3,2,0,17,2,69.09,2224.14,0
C103817,58,58,month-to-month,credit-card,no,yes,32.4,0,2,2,15,3,80.31,4756.69,1
C103818,36,45,month-to-month,electronic-check,yes,no,34.95,1,0,2,15,2,46.7,2137.13,1
C103819,57,65,one-year,credit-card,no,no,12.47,1,0,2,13,1,65.71,4317.49,0
C103820,47,9,month-to-month,credit-card,yes,no,12.28,2,0,0,15,0,57.82,,1
C103821,26,0,month-to-month,electronic-check,yes,no,20.99,2,1,4,11,0,71.31,22.42,0
C103822,35,40,one-year,credit-card,yes,no,20.51,2,1,1,19,0,51.73,2113.94,0
C103823,37,13,month-to-month,electronic-check,yes,no,5.59,0,1,1,12,1,67.59,956.23,0
C103824,28,43,month-to-month,bank-transfer,yes,no,32.91,0,0,2,11,0,68.99,3036.43,0
C103825,27,65,month-to-month,credit-card,no,no,4.86,1,1,0,16,0,71.88,4728.81,0
C103826,57,24,month-to-month,credit-card,yes,no,11.35,1,0,0,10,1,68.0,1717.49,0
C103827,27,40,one-year,electronic-check,yes,no,23.83,0,1,2,13,0,52.22,2166.09,0
C103828,52,49,one-year,electronic-check,no,no,32.6,2,0,0,20,3,94.33,4735.36,0
C103829,34,10,two-year,electronic-check,no,no,10.8,0,0,6,9,2,88.17,990.29,1
C103830,39,65,month-to-month,credit-card,no,no,18.92,1,0,2,13,1,45.81,3050.86,0
C103831,46,14,one-year,electronic-check,no,no,15.2,0,1,1,9,2,77.09,1093.38,1
C103832,32,59,two-year,mailed-check,no,yes,1.36,2,0,1,20,1,73.6,4429.06,1
C103833,46,48,one-year,electronic-check,no,no,15.73,3,0,2,16,1,73.91,3601.42,0
C103834,18,10,two-year,mailed-check,yes,no,9.11,1,0,0,17,2,62.24,748.9,0
C103835,44,52,two-year,mailed-check,yes,no,20.64,0,0,1,14,3,83.78,4480.07,0
C103836,18,14,two-year,electronic-check,yes,no,7.98,1,1,1,15,2,94.75,1431.38,0
C103837,36,43,two-year,bank-transfer,yes,no,14.86,0,0,0,12,1,63.83,2801.79,0
C103838,49,70,one-year,mailed-check,yes,no,18.89,1,0,1,13,2,67.56,4721.31,0
C103839,46,69,month-to-month,mailed-check,yes,yes,21.85,2,1,2,17,1,63.83,4428.1,0
C103840,23,63,two-year,mailed-check,yes,yes,17.5,2,2,1,15,2,80.09,5109.15,1
C103841,25,36,two-year,mailed-check,yes,no,44.54,1,0,2,16,1,64.27,2390.94,0
C103842,31,40,month-to-month,bank-transfer,yes,no,24.93,1,1,1,15,2,88.89,3630.9,1
C103843,41,21,month-to-month,mailed-check,yes,no,30.89,1,0,0,14,2,80.13,1814.42,0
C103844,18,67,month-to-month,mailed-check,yes,yes,19.25,1,1,1,20,0,60.6,4100.44,0
C103845,39,34,two-year,electronic-check,yes,no,0.38,0,0,0,16,1,60.45,2196.71,0
C103846,43,56,month-to-month,electronic-check,yes,no,7.35,1,2,0,16,2,76.36,4309.05,1
C103847,36,26,month-to-month,credit-card,yes,yes,6.39,0,0,1,13,0,44.56,1228.13,0
C103848,45,54,month-to-month,credit-card,no,yes,17.27,1,0,2,14,0,58.18,3195.91,0
C103849,42,16,month-to-month,electronic-check,no,no,50.88,0,1,0,14,1,47.12,790.11,0
C103850,33,53,two-year,mailed-check,yes,no,24.12,0,0,0,14,1,61.87,3338.71,0
C103851,18,3,month-to-month,mailed-check,no,no,37.77,0,0,2,19,0,51.03,176.0,0
C103852,41,7,month-to-month,bank-transfer,no,yes,10.0,2,0,1,19,2,76.53,621.59,1
C103853,28,25,month-to-month,electronic-check,no,no,21.85,1,0,0,15,1,60.6,1549.22,0
C103854,32,35,one-year,credit-card,no,no,44.84,1,0,1,12,0,63.9,2307.94,1
C103855,45,51,one-year,electronic-check,yes,no,38.2,0,0,2,13,3,77.6,4048.81,1
C103856,56,26,month-to-month,credit-card,yes,no,13.17,1,0,1,15,1,73.64,1993.25,0
C103857,39,1,month-to-month,electronic-check,yes,no,19.24,1,0,0,14,0,74.82,131.53,1
C103858,46,23,two-year,electronic-check,yes,no,39.9,1,1,0,15,2,65.7,1625.41,0
C103859,22,32,one-year,electronic-check,yes,no,12.31,1,2,0,14,2,77.54,2497.98,1
C103860,42,39,one-year,electronic-check,no,no,18.32,2,0,0,18,2,65.83,2649.58,0
C103861,38,47,month-to-month,credit-card,yes,no,3.53,0,0,0,17,1,77.95,3801.6,1
C103862,54,18,two-year,mailed-check,yes,no,35.74,2,1,0,22,1,54.38,1071.81,0
C103863,33,44,one-year,electronic-check,no,no,34.29,2,0,0,14,2,87.8,3912.18,0
C103864,36,46,month-to-month,credit-card,yes,no,4.09,2,1,2,13,1,61.04,2843.91,0
C103865,52,56,two-year,electronic-check,yes,no,18.33,1,1,0,6,0,53.44,3042.67,0
C103866,38,38,two-year,electronic-check,yes,no,42.04,1,1,1,14,1,64.35,2469.45,0
C103867,26,59,one-year,electronic-check,yes,no,8.36,0,1,0,8,3,67.92,4050.55,0
C103868,70,16,one-year,mailed-check,yes,no,25.9,1,0,1,15,1,73.78,1202.56,0
C103869,26,51,month-to-month,credit-card,yes,no,14.96,2,0,0,12,0,48.73,2557.71,0
C103870,38,3,month-to-month,electronic-check,yes,no,41.58,1,0,0,14,3,82.23,366.55,0
C103871,43,7,month-to-month,bank-transfer,yes,no,3.33,1,0,0,12,1,59.45,451.62,1
C103872,42,63,one-year,electronic-check,no,yes,3.66,0,2,1,18,0,52.69,3359.76,0
C103873,37,34,month-to-month,electronic-check,yes,no,12.16,0,0,2,12,2,83.46,2887.12,0
C103874,37,45,month-to-month,bank-transfer,yes,no,21.34,4,0,1,17,1,47.27,2194.22,0
C103875,36,44,two-year,bank-transfer,yes,no,21.61,0,1,1,22,1,34.38,1521.75,0
C103876,26,50,month-to-month,bank-transfer,no,no,4.62,0,1,2,15,1,56.09,2827.09,0
C103877,65,17,two-year,electronic-check,no,no,28.24,1,0,2,21,2,63.71,1172.05,0
C103878,36,13,month-to-month,electronic-check,yes,no,32.34,2,0,1,15,0,53.98,797.31,1
C103879,46,3,month-to-month,bank-transfer,yes,no,21.7,0,0,1,7,1,55.48,225.92,1
C103880,35,63,month-to-month,bank-transfer,yes,no,42.21,0,1,2,13,1,86.07,5449.67,1
C103881,35,16,month-to-month,mailed-check,no,no,29.69,1,0,0,19,3,98.73,1717.36,0
C103882,34,41,month-to-month,electronic-check,no,no,14.77,1,2,2,15,2,34.27,1383.12,0
C103883,20,33,month-to-month,bank-transfer,yes,yes,51.0,2,0,3,19,1,58.82,1955.65,1
C103884,37,11,one-year,electronic-check,yes,no,56.46,0,0,1,14,1,72.88,860.74,0
C103885,34,30,month-to-month,bank-transfer,yes,no,26.23,0,0,0,23,1,68.08,2120.19,0
C103886,53,6,month-to-month,bank-transfer,no,no,10.21,0,1,1,17,0,45.9,305.73,0
C103887,25,12,month-to-month,electronic-check,yes,no,41.18,1,1,0,14,2,84.61,1145.27,0
C103888,32,10,month-to-month,mailed-check,yes,no,6.94,0,0,0,16,3,75.12,834.98,0
C103889,28,60,month-to-month,mailed-check,no,yes,10.83,2,0,1,17,2,67.23,4102.7,0
C103890,56,41,month-to-month,bank-transfer,yes,no,37.67,2,0,2,19,0,56.34,2319.15,0
C103891,29,67,one-year,credit-card,no,no,9.67,1,0,1,10,1,71.38,4900.71,0
C103892,46,31,one-year,mailed-check,yes,yes,48.06,1,0,0,15,2,65.98,2106.0,0
C103893,51,14,two-year,electronic-check,no,no,10.15,0,0,2,9,2,75.34,1094.35,0
C103894,37,44,one-year,electronic-check,no,no,16.76,1,0,1,10,0,45.96,2045.52,1
C103895,22,67,month-to-month,bank-transfer,yes,no,15.54,1,1,1,15,1,70.42,4836.74,1
C103896,23,38,month-to-month,electronic-check,yes,no,32.2,1,0,0,16,3,70.05,2740.78,1
C103897,49,1,month-to-month,bank-transfer,yes,no,31.79,1,1,0,12,2,82.02,156.55,1
C103898,24,22,one-year,electronic-check,no,yes,15.18,1,0,0,16,1,63.7,1445.92,1
C103899,44,67,month-to-month,electronic-check,yes,yes,29.31,0,0,0,9,1,67.37,4598.31,0
C103900,40,37,month-to-month,electronic-check,no,no,23.77,0,0,1,11,2,85.54,3200.7,1
C103901,44,69,two-year,credit-card,no,no,33.75,1,0,0,11,0,59.56,4174.38,0
C103902,45,37,month-to-month,bank-transfer,no,yes,30.65,1,1,1,11,2,80.18,3029.47,0
C103903,28,0,month-to-month,mailed-check,yes,no,10.02,1,0,2,17,0,41.14,0.0,0
C103904,27,63,two-year,electronic-check,yes,yes,48.24,0,0,0,15,2,82.55,5270.73,0
C103905,48,55,month-to-month,credit-card,yes,no,4.07,1,1,0,15,3,81.22,4497.0,1
C103906,31,52,month-to-month,credit-card,yes,no,16.66,1,0,1,25,0,66.28,3492.08,0
C103907,18,70,month-to-month,mailed-check,yes,no,29.39,1,0,1,14,3,73.53,5143.44,0
C103908,47,14,month-to-month,bank-transfer,yes,no,20.16,0,2,0,15,0,62.5,914.3,0
C103909,27,66,two-year,,no,no,18.69,0,2,2,14,1,73.13,4856.94,1
C103910,45,16,one-year,electronic-check,yes,no,16.39,0,2,1,20,0,68.32,1158.77,1
C103911,56,70,month-to-month,electronic-check,yes,no,14.84,1,0,1,13,0,31.14,2204.3,0
C103912,39,13,month-to-month,mailed-check,yes,no,44.73,2,0,1,19,0,48.37,,0
C103913,51,40,month-to-month,mailed-check,no,yes,18.92,1,1,1,20,0,55.92,2334.51,0
C103914,41,57,one-year,bank-transfer,no,no,18.92,0,1,0,10,2,60.77,3567.62,0
C103915,58,5,month-to-month,mailed-check,yes,no,11.9,0,0,2,10,3,75.49,439.61,1
C103916,26,4,month-to-month,electronic-check,yes,no,31.21,0,0,2,10,0,59.25,,0
C103917,39,62,one-year,mailed-check,yes,no,6.57,2,0,0,10,2,85.41,5345.08,0
C103918,47,4,two-year,bank-transfer,no,no,63.11,0,0,0,16,0,67.48,330.9,0
C103919,37,44,two-year,electronic-check,yes,no,10.08,1,0,2,13,3,91.7,4174.05,0
C103920,53,68,two-year,electronic-check,yes,no,18.69,0,2,1,13,1,64.18,4396.35,0
C103921,34,44,month-to-month,electronic-check,no,yes,26.98,2,0,0,13,1,43.57,2029.07,0
C103922,64,35,one-year,credit-card,yes,no,39.12,2,0,0,16,0,48.68,1682.72,1
C103923,64,30,two-year,electronic-check,yes,yes,15.95,1,0,0,13,1,44.16,1374.7,1
C103924,42,46,month-to-month,electronic-check,yes,no,13.65,1,0,0,17,1,71.01,3307.75,1
C103925,46,41,month-to-month,credit-card,no,no,22.55,0,0,0,15,2,72.27,2954.17,1
C103926,53,36,month-to-month,electronic-check,yes,yes,12.29,0,1,1,15,1,68.22,2556.53,1
C103927,25,11,two-year,bank-transfer,no,no,17.41,1,2,1,9,0,62.09,747.69,0
C103928,23,48,two-year,mailed-check,no,no,51.94,2,0,2,15,0,52.53,2588.98,0
C103929,54,54,two-year,credit-card,no,no,10.0,2,0,0,6,2,48.0,2613.29,0
C103930,42,51,month-to-month,electronic-check,yes,no,2.61,0,2,0,16,0,49.95,2624.62,0
C103931,36,5,two-year,electronic-check,yes,yes,11.43,0,1,1,13,1,69.43,400.82,0
C103932,39,51,month-to-month,electronic-check,no,no,6.5,0,0,0,5,1,44.85,2365.51,0
C103933,18,53,month-to-month,credit-card,no,no,30.38,0,0,1,15,1,66.28,3561.57,0
C103934,37,13,one-year,credit-card,no,no,13.62,2,0,1,12,0,41.4,612.85,0
C103935,30,61,one-year,electronic-check,no,no,41.93,1,1,1,15,1,71.65,4456.51,0
C103936,50,38,two-year,electronic-check,no,no,17.11,0,1,0,14,0,40.72,1641.06,0
C103937,51,34,month-to-month,electronic-check,yes,no,6.62,0,0,1,9,1,69.72,2454.65,0
C103938,46,52,month-to-month,electronic-check,yes,no,38.54,1,0,0,20,0,40.55,2188.61,0
C103939,44,37,month-to-month,electronic-check,yes,no,10.4,0,0,1,11,1,49.81,1904.48,0
C103940,21,39,month-to-month,credit-card,yes,no,2.58,0,0,0,11,2,79.01,3191.79,1
C103941,46,22,two-year,electronic-check,yes,no,26.14,2,0,0,13,0,54.46,1255.9,1
C103942,47,67,month-to-month,credit-card,yes,no,11.82,0,0,0,11,2,45.39,3089.3,0
C103943,54,70,month-to-month,electronic-check,yes,no,27.56,0,0,1,12,1,75.9,5434.23,0
C103944,64,9,month-to-month,credit-card,yes,yes,34.84,1,0,2,21,3,52.71,530.25,1
C103945,19,53,one-year,mailed-check,no,no,24.06,0,0,0,13,1,59.74,3171.24,0
C103946,34,1,two-year,electronic-check,yes,no,12.3,0,0,0,13,0,80.63,174.92,0
C103947,30,26,month-to-month,credit-card,yes,no,39.43,0,1,1,14,2,76.65,2116.82,0
C103948,41,70,month-to-month,electronic-check,no,no,9.59,0,0,0,16,1,61.47,4366.66,0
C103949,39,12,two-year,credit-card,yes,yes,27.59,3,0,1,17,0,55.79,724.63,0
C103950,36,27,one-year,bank-transfer,yes,no,31.44,1,0,1,14,0,43.78,1208.15,1
C103951,51,16,month-to-month,credit-card,yes,no,20.99,0,0,0,21,2,76.06,1272.76,1
C103952,26,53,month-to-month,credit-card,yes,no,34.31,0,0,2,16,1,90.5,4857.48,0
C103953,27,33,two-year,electronic-check,yes,no,24.21,0,0,0,15,1,59.72,2022.96,0
C103954,27,43,one-year,mailed-check,no,yes,26.55,2,0,0,17,1,52.74,2272.37,0
C103955,35,68,month-to-month,bank-transfer,yes,no,34.4,1,0,2,10,2,83.06,5662.54,1
C103956,24,38,month-to-month,electronic-check,no,no,23.32,1,0,1,13,0,65.33,2545.29,0
C103957,38,53,month-to-month,mailed-check,yes,no,37.07,0,1,2,14,0,58.47,3185.29,0
C103958,37,7,month-to-month,electronic-check,yes,yes,46.78,1,1,1,18,1,62.31,443.66,0
C103959,30,15,month-to-month,bank-transfer,no,no,28.24,0,2,1,18,1,69.94,1197.03,0
C103960,49,69,month-to-month,electronic-check,no,no,34.91,1,0,1,13,1,48.73,3442.34,0
C103961,38,62,month-to-month,electronic-check,yes,no,21.05,0,0,0,14,0,50.4,3183.2,0
C103962,52,47,month-to-month,credit-card,no,no,47.31,0,1,1,12,2,49.97,2453.75,0
C103963,37,27,month-to-month,credit-card,yes,no,25.49,1,1,0,17,2,74.52,2072.28,0
C103964,39,14,month-to-month,electronic-check,no,no,32.95,1,0,4,10,1,63.35,951.49,0
C103965,32,62,two-year,electronic-check,yes,no,6.79,1,0,0,20,1,76.35,4754.16,0
C103966,39,57,month-to-month,bank-transfer,yes,yes,31.12,0,1,0,21,2,66.41,3855.62,0
C103967,48,17,two-year,electronic-check,yes,no,22.3,0,0,4,11,3,94.27,1717.64,1
C103968,34,43,two-year,bank-transfer,no,no,30.35,0,2,0,12,1,65.6,2876.9,1
C103969,45,45,two-year,credit-card,yes,no,32.42,2,0,0,12,0,64.62,2964.57,0
C103970,29,34,month-to-month,electronic-check,no,no,34.55,1,0,0,19,1,74.28,2559.14,0
C103971,48,67,month-to-month,electronic-check,yes,no,31.38,0,0,1,21,0,57.46,3960.33,0
C103972,32,9,one-year,electronic-check,yes,no,17.85,0,1,1,16,0,59.37,530.25,0
C103973,49,18,month-to-month,electronic-check,yes,no,58.41,0,1,0,21,3,89.8,1766.02,0
C103974,40,6,month-to-month,bank-transfer,no,no,41.97,1,1,1,26,1,82.67,,1
C103975,57,50,month-to-month,electronic-check,yes,no,19.17,1,0,1,18,1,94.85,4778.16,1
C103976,25,47,one-year,credit-card,yes,no,18.48,0,1,1,13,0,38.61,1845.73,1
C103977,21,72,two-year,bank-transfer,yes,no,0.82,1,0,2,15,2,68.66,5005.69,0
C103978,32,39,month-to-month,electronic-check,no,yes,8.67,1,0,1,9,1,62.57,2506.35,0
C103979,22,10,two-year,mailed-check,yes,yes,11.53,0,0,1,12,0,61.05,648.27,0
C103980,22,32,one-year,mailed-check,yes,no,18.85,1,0,0,14,0,36.79,1268.62,1
C103981,46,6,month-to-month,mailed-check,yes,no,46.24,1,2,0,14,1,53.7,398.78,1
C103982,39,48,month-to-month,bank-transfer,yes,no,17.36,0,0,1,16,2,95.76,4695.11,0
C103983,33,49,month-to-month,electronic-check,yes,yes,8.54,0,0,0,9,0,73.09,3643.84,0
C103984,34,62,two-year,electronic-check,yes,no,29.99,0,0,2,15,0,37.58,2457.15,0
C103985,32,24,one-year,electronic-check,no,no,31.48,1,1,0,13,2,95.2,2369.46,1
C103986,59,22,one-year,electronic-check,no,no,17.49,1,0,0,9,2,65.96,1513.39,1
C103987,30,5,one-year,bank-transfer,yes,no,42.65,1,2,0,14,3,98.01,574.08,1
C103988,23,30,month-to-month,credit-card,yes,no,44.5,1,0,0,20,0,56.37,1788.75,0
C103989,49,34,two-year,bank-transfer,no,no,4.38,1,0,0,14,1,63.79,2235.41,0
C103990,36,55,two-year,credit-card,yes,yes,31.62,0,1,1,11,0,58.79,3260.66,0
C103991,63,55,one-year,bank-transfer,yes,no,2.35,0,0,1,14,0,66.76,3756.38,1
C103992,33,10,month-to-month,electronic-check,no,yes,19.0,1,0,1,8,1,60.98,693.84,0
C103993,49,20,month-to-month,credit-card,yes,yes,76.33,0,0,1,19,1,93.92,1949.92,0
C103994,52,37,month-to-month,electronic-check,yes,no,30.61,1,0,1,13,1,76.77,2936.96,0
C103995,33,24,month-to-month,electronic-check,no,no,12.73,0,0,1,19,1,61.97,1624.52,0
C103996,30,1,one-year,credit-card,yes,no,32.74,0,0,0,13,2,66.74,188.09,0
C103997,48,61,one-year,bank-transfer,no,no,11.92,0,0,1,19,0,57.61,3613.46,0
C103998,46,53,two-year,credit-card,yes,no,25.63,2,0,2,17,0,52.11,2819.24,0
C103999,22,37,month-to-month,electronic-check,yes,yes,10.12,0,1,0,16,2,72.37,,0
C104000,25,23,month-to-month,bank-transfer,no,no,15.65,2,0,3,11,2,80.32,1967.7,1
C104001,18,61,month-to-month,electronic-check,no,no,42.19,2,1,1,12,2,81.65,5000.63,1
C104002,46,2,two-year,electronic-check,no,no,57.41,3,1,3,18,1,60.79,176.76,0
C104003,36,32,one-year,credit-card,yes,no,25.56,0,0,1,19,1,63.62,2074.07,0
C104004,37,58,month-to-month,mailed-check,no,no,35.17,1,2,0,15,0,45.44,2658.7,0
C104005,19,69,one-year,bank-transfer,yes,no,14.02,1,1,0,18,1,85.56,6002.41,1
C104006,26,18,one-year,credit-card,yes,no,9.04,0,0,0,20,0,65.06,1255.57,0
C104007,33,47,month-to-month,credit-card,no,no,23.74,1,0,0,16,1,64.05,3045.97,0
C104008,31,13,month-to-month,electronic-check,yes,no,22.71,1,0,0,15,2,80.12,1063.1,1
C104009,40,8,month-to-month,electronic-check,yes,no,78.79,0,0,1,17,2,83.5,789.57,1
C104010,46,25,month-to-month,credit-card,no,yes,18.56,1,1,0,15,1,56.11,1468.71,1
C104011,66,64,one-year,bank-transfer,no,no,17.97,0,0,2,11,0,56.14,3641.74,0
C104012,39,50,month-to-month,mailed-check,yes,no,30.54,0,1,1,9,2,92.02,4659.28,0
C104013,52,35,one-year,electronic-check,yes,no,13.73,2,0,0,15,1,51.77,1875.47,0
C104014,29,20,one-year,electronic-check,no,no,11.34,0,0,1,13,1,68.94,1418.86,0
C104015,19,10,month-to-month,credit-card,yes,no,27.55,2,0,2,19,0,86.71,935.59,0
C104016,35,19,two-year,mailed-check,yes,yes,5.94,1,1,2,11,1,44.64,923.73,1
C104017,20,11,month-to-month,credit-card,yes,no,29.37,1,0,0,14,1,76.39,936.64,0
C104018,39,13,one-year,electronic-check,yes,no,15.08,0,0,0,10,1,48.63,696.7,0
C104019,30,50,month-to-month,electronic-check,yes,yes,34.05,0,1,1,20,0,40.52,2102.05,1
C104020,18,9,one-year,bank-transfer,no,no,48.02,2,0,0,16,1,60.24,563.62,0
C104021,60,3,month-to-month,credit-card,no,no,11.35,0,1,2,12,0,62.07,280.12,0
C104022,33,39,month-to-month,electronic-check,yes,no,17.67,0,0,2,20,1,73.05,2953.55,0
C104023,19,20,month-to-month,electronic-check,yes,no,40.46,0,0,2,16,3,82.56,1775.39,0
C104024,50,33,one-year,bank-transfer,no,no,25.54,1,0,0,11,1,53.33,1826.45,0
C104025,30,10,one-year,electronic-check,yes,no,58.16,0,0,0,16,1,63.04,696.3,0
C104026,52,15,one-year,mailed-check,no,yes,26.2,0,0,0,19,1,42.81,705.93,0
C104027,30,32,month-to-month,bank-transfer,yes,yes,46.5,1,0,1,13,0,67.9,2280.34,1
C104028,33,50,one-year,electronic-check,no,yes,7.89,1,0,0,16,1,56.73,2894.8,0
C104029,43,30,one-year,bank-transfer,yes,no,11.03,2,0,1,16,2,92.71,2905.94,0
C104030,46,39,month-to-month,electronic-check,no,no,53.45,2,0,1,11,3,72.72,2795.61,1
C104031,48,38,month-to-month,bank-transfer,no,yes,10.84,0,0,1,6,0,62.11,2361.94,0
C104032,38,19,month-to-month,credit-card,yes,no,53.84,0,1,0,12,1,41.69,869.32,1
C104033,45,20,two-year,credit-card,no,no,12.26,0,0,2,15,1,81.87,1731.41,0
C104034,48,31,month-to-month,bank-transfer,yes,no,6.5,1,0,0,14,3,80.96,2606.14,0
C104035,41,2,month-to-month,bank-transfer,yes,yes,18.42,0,0,0,20,1,60.41,165.64,1
C104036,37,50,two-year,electronic-check,no,no,7.91,0,0,1,18,0,50.24,2502.12,0
C104037,22,44,two-year,mailed-check,yes,no,32.09,0,0,1,15,0,53.15,2433.83,0
C104038,46,22,month-to-month,electronic-check,yes,yes,2.38,0,0,1,16,2,67.9,1586.99,0
C104039,40,27,two-year,bank-transfer,yes,no,67.27,1,0,0,19,2,58.8,1690.52,0
C104040,34,23,month-to-month,electronic-check,yes,no,22.66,0,1,3,11,3,80.07,1849.32,1
C104041,54,47,two-year,mailed-check,yes,no,33.26,2,2,3,14,0,53.27,2593.54,1
C104042,22,55,month-to-month,mailed-check,yes,no,36.11,0,0,0,15,3,93.8,5286.61,1
C104043,59,7,month-to-month,bank-transfer,yes,no,24.45,0,0,2,15,0,50.22,421.78,0
C104044,39,30,two-year,electronic-check,yes,no,29.06,3,0,3,10,1,52.76,1638.77,1
C104045,43,1,month-to-month,mailed-check,yes,no,16.56,2,1,0,14,1,63.14,103.87,1
C104046,34,33,two-year,bank-transfer,no,no,36.03,1,0,0,14,0,64.18,2201.85,0
C104047,19,18,month-to-month,credit-card,no,no,59.7,2,0,2,21,1,72.32,1358.93,0
C104048,37,24,month-to-month,bank-transfer,yes,no,16.12,1,0,2,20,0,56.67,1441.76,0
C104049,43,33,two-year,,yes,no,39.03,0,1,1,16,2,69.58,2349.91,0
C104050,47,23,month-to-month,credit-card,yes,no,43.49,0,1,0,19,1,63.64,1518.67,0
C104051,37,28,two-year,electronic-check,yes,no,15.42,0,1,1,24,0,49.21,1397.26,0
C104052,18,55,two-year,electronic-check,yes,no,21.02,0,0,0,16,1,54.63,3058.29,0
C104053,21,59,month-to-month,electronic-check,yes,no,20.33,1,0,1,23,3,73.42,4406.62,1
C104054,64,0,month-to-month,mailed-check,no,no,18.66,1,1,0,12,2,78.04,122.07,1
C104055,26,27,month-to-month,bank-transfer,no,no,12.51,0,0,1,12,2,72.74,2041.23,0
C104056,56,61,month-to-month,mailed-check,yes,no,21.61,0,0,0,8,3,56.45,3401.84,0
C104057,28,38,month-to-month,credit-card,yes,no,18.04,2,0,1,13,2,85.34,3415.84,0
C104058,37,14,month-to-month,bank-transfer,no,no,49.22,0,0,0,21,0,41.47,601.57,0
C104059,47,43,two-year,electronic-check,no,no,25.8,1,1,1,18,1,48.37,2070.46,0
C104060,29,10,month-to-month,mailed-check,yes,yes,13.45,0,0,0,14,0,43.25,513.74,1
C104061,58,1,one-year,bank-transfer,yes,no,51.17,0,0,1,14,1,61.64,153.55,0
C104062,40,46,month-to-month,mailed-check,yes,yes,45.02,1,1,0,14,0,56.35,2637.04,0
C104063,45,37,month-to-month,mailed-check,no,no,18.48,2,1,0,9,2,77.09,2886.98,0
C104064,36,55,month-to-month,mailed-check,no,no,24.72,2,0,0,9,0,68.39,3839.25,0
C104065,47,25,month-to-month,mailed-check,yes,no,49.61,0,0,0,15,0,37.12,951.26,0
C104066,58,62,one-year,electronic-check,yes,no,37.94,1,0,0,16,3,56.96,3589.87,0
C104067,37,30,month-to-month,credit-card,yes,no,5.38,0,0,0,11,2,82.81,2569.72,1
C104068,60,53,two-year,electronic-check,yes,yes,10.28,1,2,0,17,1,59.65,3154.39,1
C104069,32,7,two-year,electronic-check,no,no,14.51,0,0,2,19,0,43.53,328.42,0
C104070,48,7,month-to-month,bank-transfer,yes,yes,15.81,0,0,2,11,0,62.94,487.42,0
C104071,45,57,two-year,credit-card,no,no,20.67,1,0,1,14,0,69.74,4042.0,0
C104072,26,60,two-year,bank-transfer,no,no,28.33,2,2,3,12,2,76.79,4685.02,0
C104073,42,68,month-to-month,mailed-check,no,no,20.66,0,0,1,15,1,52.46,,0
C104074,39,23,two-year,credit-card,yes,no,44.09,1,0,1,25,1,41.49,974.0,0
C104075,29,1,month-to-month,mailed-check,yes,no,16.05,0,0,0,18,2,78.51,147.65,0
C104076,43,71,one-year,mailed-check,yes,no,44.1,1,0,1,16,1,69.41,4988.88,0
C104077,41,43,month-to-month,bank-transfer,yes,no,25.88,0,0,2,12,0,46.48,2081.63,1
C104078,38,18,two-year,mailed-check,yes,no,24.79,2,0,1,23,3,73.91,1429.12,0
C104079,38,55,two-year,bank-transfer,yes,yes,35.47,0,0,3,21,1,68.41,3928.29,0
C104080,38,65,two-year,credit-card,no,no,31.93,1,0,1,18,0,50.3,3282.33,0
C104081,35,20,two-year,electronic-check,no,no,20.6,0,0,0,6,2,71.27,1528.88,1
C104082,41,56,month-to-month,electronic-check,no,no,12.36,0,0,1,19,0,66.67,3812.05,0
C104083,31,57,one-year,mailed-check,no,no,49.97,1,0,1,16,2,64.26,3715.67,1
C104084,71,36,month-to-month,mailed-check,no,yes,23.75,0,0,2,11,0,81.85,3040.72,0
C104085,22,46,month-to-month,bank-transfer,yes,no,23.92,2,1,0,16,3,78.08,3710.85,0
C104086,32,19,month-to-month,credit-card,yes,no,87.66,1,1,1,25,1,76.34,1516.61,1
C104087,33,67,two-year,bank-transfer,no,no,44.37,0,0,1,21,0,51.32,3525.74,0
C104088,63,71,one-year,credit-card,no,no,19.35,0,0,1,22,1,69.49,5013.98,0
C104089,23,71,month-to-month,electronic-check,no,no,22.41,1,0,0,16,1,52.52,3784.52,1
C104090,44,53,two-year,electronic-check,yes,no,11.36,1,0,1,17,2,79.51,4376.47,0
C104091,42,3,two-year,electronic-check,no,no,8.44,1,0,0,16,1,92.23,337.5,0
C104092,43,26,month-to-month,credit-card,yes,no,19.35,4,0,0,16,1,53.48,1468.57,1
C104093,54,32,month-to-month,electronic-check,yes,no,30.49,2,0,0,8,0,28.91,992.95,0
C104094,54,70,one-year,electronic-check,yes,no,12.01,0,0,0,9,0,48.4,3452.17,0
C104095,34,39,one-year,mailed-check,yes,no,38.03,0,0,1,11,0,60.85,2424.21,0
C104096,41,39,month-to-month,electronic-check,yes,no,9.84,1,1,1,14,0,56.67,2275.5,1
C104097,18,10,month-to-month,bank-transfer,no,no,19.55,0,0,2,17,0,51.11,514.6,0
C104098,40,57,month-to-month,credit-card,yes,no,35.81,0,1,1,17,0,70.04,4032.01,0
C104099,29,24,month-to-month,electronic-check,no,no,70.25,1,0,1,9,2,72.69,1847.44,1
C104100,37,6,month-to-month,mailed-check,yes,no,54.49,2,0,0,19,1,77.86,,1
C104101,19,72,month-to-month,electronic-check,yes,no,47.06,1,0,1,14,0,53.29,3852.32,1
C104102,44,13,month-to-month,electronic-check,yes,yes,24.37,2,1,0,15,0,45.7,653.18,0
C104103,19,1,one-year,electronic-check,yes,no,39.43,0,1,0,12,0,58.79,100.63,0
C104104,41,5,month-to-month,bank-transfer,yes,no,18.36,0,0,0,11,1,66.43,416.2,0
C104105,24,33,month-to-month,bank-transfer,yes,yes,34.25,1,0,0,12,1,87.6,3044.62,1
C104106,29,7,month-to-month,bank-transfer,yes,no,7.75,1,0,1,9,1,69.64,553.11,0
C104107,53,61,two-year,credit-card,yes,no,28.33,1,0,1,16,1,68.6,4238.1,0
C104108,46,37,month-to-month,electronic-check,yes,no,7.72,1,0,1,14,0,56.85,2123.97,0
C104109,53,23,month-to-month,bank-transfer,yes,no,45.11,0,0,2,17,1,59.89,1409.81,0
C104110,58,0,month-to-month,bank-transfer,yes,no,38.14,0,2,1,14,2,73.1,58.81,0
C104111,30,35,one-year,electronic-check,yes,no,57.87,2,0,2,11,1,61.52,2162.82,0
C104112,57,11,month-to-month,electronic-check,yes,yes,8.74,1,0,1,13,0,57.12,,0
C104113,21,71,month-to-month,electronic-check,no,no,87.12,1,0,2,22,1,47.44,,0
C104114,48,21,two-year,electronic-check,yes,yes,22.3,1,0,2,14,3,67.69,1508.55,0
C104115,33,34,one-year,electronic-check,no,no,44.7,0,1,0,22,1,56.38,,0
C104116,28,1,month-to-month,electronic-check,no,no,10.98,2,2,0,10,0,45.25,107.68,1
C104117,46,9,month-to-month,credit-card,yes,no,29.9,0,0,0,15,2,74.76,739.59,1
C104118,50,15,two-year,credit-card,no,no,20.49,0,0,4,14,0,49.33,819.97,0
C104119,50,3,two-year,bank-transfer,no,yes,38.13,0,0,1,15,1,73.86,329.63,0
C104120,42,52,one-year,bank-transfer,no,no,4.49,1,0,0,9,3,75.27,3997.9,0
C104121,41,69,one-year,credit-card,no,no,10.19,0,0,1,8,0,81.9,5690.9,0
C104122,45,71,two-year,mailed-check,yes,no,47.86,0,0,1,19,1,62.29,4529.49,0
C104123,43,19,two-year,mailed-check,yes,yes,9.99,1,1,0,6,3,82.93,1639.07,0
C104124,45,57,month-to-month,bank-transfer,yes,no,20.76,1,0,2,23,2,63.77,3733.34,1
C104125,41,36,two-year,credit-card,no,no,18.66,0,0,0,16,0,50.89,1898.85,0
C104126,49,3,one-year,credit-card,yes,no,27.77,1,0,1,16,2,76.34,274.03,0
C104127,19,6,one-year,electronic-check,yes,yes,11.88,1,0,1,15,0,55.66,402.61,1
C104128,37,39,month-to-month,bank-transfer,no,no,50.64,0,1,0,15,1,76.44,3040.63,0
C104129,22,30,month-to-month,electronic-check,yes,yes,28.18,1,0,2,11,2,88.44,2723.16,1
C104130,42,0,two-year,electronic-check,yes,no,54.2,0,0,0,17,1,90.58,138.67,1
C104131,59,67,one-year,mailed-check,yes,no,37.9,0,0,0,10,3,86.12,5813.53,1
C104132,33,53,month-to-month,bank-transfer,yes,no,27.01,2,2,2,15,1,65.55,3543.55,1
C104133,41,36,one-year,electronic-check,yes,no,1.68,1,0,0,20,0,50.16,1890.29,0
C104134,48,72,month-to-month,electronic-check,yes,no,34.03,2,0,4,22,0,48.61,3551.44,1
C104135,18,70,month-to-month,bank-transfer,no,no,33.79,0,1,1,13,1,60.0,4230.55,0
C104136,33,71,one-year,electronic-check,yes,yes,53.53,1,0,1,18,1,70.46,5093.4,0
C104137,43,18,one-year,credit-card,yes,no,25.44,3,0,1,13,1,77.29,1451.12,1
C104138,18,64,month-to-month,mailed-check,no,no,0.7,1,0,1,16,1,71.28,4621.23,0
C104139,27,36,month-to-month,bank-transfer,yes,no,23.84,0,2,0,12,1,62.52,2241.49,1
C104140,52,53,month-to-month,electronic-check,yes,no,35.37,0,0,0,10,1,50.28,2749.99,0
C104141,51,62,one-year,credit-card,yes,no,23.74,3,0,1,17,1,56.9,3607.38,0
C104142,43,11,two-year,credit-card,no,yes,16.32,0,1,0,13,1,65.27,806.89,0
C104143,50,32,one-year,electronic-check,yes,no,39.79,0,0,3,13,0,64.08,2082.32,0
C104144,42,9,one-year,bank-transfer,no,no,3.73,1,1,1,10,0,66.55,626.65,0
C104145,46,20,month-to-month,credit-card,no,no,23.46,0,0,2,13,2,87.32,1850.89,0
C104146,35,30,month-to-month,electronic-check,no,no,17.23,0,0,1,13,2,60.32,1876.61,0
C104147,40,62,two-year,bank-transfer,yes,no,9.92,1,0,2,10,2,59.91,3842.21,1
C104148,31,62,month-to-month,credit-card,no,no,27.48,0,1,0,11,1,75.35,4769.07,1
C104149,54,28,month-to-month,mailed-check,yes,no,58.21,1,0,0,15,1,81.91,2344.36,0
C104150,57,24,month-to-month,credit-card,yes,no,11.47,1,0,0,18,0,55.57,1355.46,0
C104151,56,38,one-year,electronic-check,yes,no,34.06,0,0,0,15,3,97.49,3812.02,0
C104152,34,66,month-to-month,credit-card,yes,no,30.72,0,1,0,12,0,70.59,4753.52,0
C104153,28,71,month-to-month,credit-card,no,no,8.55,1,0,1,15,1,73.24,5312.55,1
C104154,54,16,one-year,electronic-check,yes,no,30.51,0,0,0,15,1,67.28,1157.33,0
C104155,46,13,month-to-month,mailed-check,yes,no,17.91,0,0,0,16,0,35.6,476.55,0
C104156,43,51,month-to-month,bank-transfer,yes,no,13.87,0,1,2,20,1,51.09,2641.5,1
C104157,31,22,two-year,credit-card,yes,no,13.63,0,0,0,12,0,54.69,1215.35,0
C104158,44,14,two-year,electronic-check,no,no,91.32,2,0,2,21,1,86.49,1339.82,0
C104159,26,2,month-to-month,electronic-check,yes,yes,5.3,1,0,1,11,2,88.68,268.03,1
C104160,47,29,month-to-month,credit-card,no,no,46.49,0,0,1,13,1,56.5,1586.4,0
C104161,56,28,month-to-month,mailed-check,yes,no,19.62,0,0,1,10,2,86.36,2525.0,0
C104162,59,41,month-to-month,bank-transfer,no,no,10.72,0,1,0,14,1,55.32,2322.03,0
C104163,48,14,two-year,bank-transfer,no,no,16.91,0,0,0,7,1,32.73,472.56,0
C104164,22,52,one-year,credit-card,yes,no,48.82,3,1,0,14,2,101.08,5366.47,0
C104165,41,49,month-to-month,electronic-check,no,yes,50.26,2,0,1,15,2,50.56,2536.55,0
C104166,65,33,one-year,credit-card,yes,no,10.44,1,1,1,11,1,30.44,1059.21,0
C104167,29,13,month-to-month,bank-transfer,yes,no,29.92,0,1,0,14,0,59.75,850.94,0
C104168,38,37,month-to-month,credit-card,yes,yes,28.58,1,0,2,19,0,52.9,2021.48,0
C104169,56,49,two-year,electronic-check,yes,no,19.01,0,0,0,21,2,82.24,4098.44,0
C104170,46,27,month-to-month,,no,no,32.01,1,0,1,17,1,84.5,2399.27,0
C104171,69,19,month-to-month,credit-card,no,yes,37.34,2,0,1,13,0,68.87,1306.7,0
C104172,30,36,two-year,credit-card,yes,yes,9.97,0,1,0,14,0,62.22,2311.66,1
C104173,27,25,month-to-month,electronic-check,no,no,4.85,1,0,0,9,0,44.8,1125.16,0
C104174,54,29,month-to-month,mailed-check,yes,no,8.53,0,0,0,19,1,57.69,1722.22,1
C104175,25,25,month-to-month,,yes,no,16.51,2,0,1,14,2,73.85,1939.73,0
C104176,37,22,month-to-month,electronic-check,no,no,19.12,0,0,0,9,2,68.57,1564.6,0
C104177,38,52,month-to-month,bank-transfer,yes,no,39.81,1,0,0,23,0,66.99,3542.8,0
C104178,51,33,month-to-month,credit-card,no,no,21.32,0,0,0,16,1,67.14,2311.63,0
C104179,46,34,month-to-month,bank-transfer,yes,no,16.53,1,0,1,10,3,77.0,2650.52,0
C104180,44,47,month-to-month,electronic-check,yes,yes,4.63,0,1,1,13,2,82.88,4004.75,0
C104181,34,26,one-year,electronic-check,yes,no,47.77,0,0,1,18,1,63.61,1710.37,0
C104182,54,7,two-year,mailed-check,yes,no,10.42,1,0,2,14,2,51.34,458.3,0
C104183,85,62,one-year,electronic-check,yes,no,50.41,1,1,0,14,0,72.92,4565.86,0
C104184,47,4,one-year,credit-card,yes,no,15.27,0,1,3,16,2,74.65,392.2,0
C104185,40,41,two-year,electronic-check,yes,no,9.01,3,2,1,16,0,52.84,2235.08,0
C104186,23,19,month-to-month,electronic-check,no,no,22.74,1,0,0,14,1,62.42,1184.51,0
C104187,31,15,month-to-month,bank-transfer,yes,no,11.74,1,0,2,10,1,59.25,958.46,1
C104188,36,3,month-to-month,electronic-check,yes,no,18.13,1,1,1,13,1,95.88,405.62,0
C104189,33,65,month-to-month,mailed-check,yes,no,22.24,1,1,1,18,1,48.3,3169.85,0
C104190,39,31,two-year,mailed-check,yes,no,37.01,0,2,0,9,2,81.2,2645.19,1
C104191,60,25,month-to-month,electronic-check,yes,no,68.22,0,0,2,20,0,61.57,1556.49,1
C104192,54,54,two-year,bank-transfer,yes,no,13.94,0,0,1,11,2,69.68,3791.07,0
C104193,37,2,month-to-month,mailed-check,yes,yes,24.21,1,0,0,14,0,52.19,135.28,1
C104194,25,41,month-to-month,bank-transfer,no,yes,7.32,0,0,0,22,0,70.31,2923.83,1
C104195,55,36,month-to-month,electronic-check,yes,no,33.03,0,2,0,10,3,88.41,3282.6,0
C104196,38,40,month-to-month,mailed-check,yes,no,25.53,1,2,0,14,2,65.35,2705.24,0
C104197,18,9,month-to-month,bank-transfer,no,no,4.54,2,1,0,11,0,56.3,520.26,1
C104198,48,69,one-year,electronic-check,yes,yes,26.57,1,0,1,12,1,67.39,4698.88,0
C104199,51,17,month-to-month,electronic-check,yes,no,,1,1,1,19,0,68.82,1226.76,0
C104200,18,49,two-year,electronic-check,yes,yes,17.93,1,1,2,18,1,52.15,2621.92,1
C104201,29,54,two-year,electronic-check,yes,no,57.93,1,0,1,21,3,100.36,5476.94,0
C104202,38,25,month-to-month,electronic-check,no,no,5.32,2,0,0,17,1,77.68,1973.5,0
C104203,48,9,two-year,credit-card,yes,no,35.0,0,0,1,15,1,71.88,717.95,0
C104204,33,21,month-to-month,mailed-check,no,no,9.99,0,0,1,12,2,75.1,1660.86,1
C104205,29,58,month-to-month,mailed-check,yes,no,8.5,2,0,1,10,1,57.71,3434.12,0
C104206,48,66,month-to-month,electronic-check,no,no,13.42,0,0,1,16,1,73.8,5030.79,0
C104207,33,68,one-year,electronic-check,yes,no,7.83,0,0,2,22,0,58.28,3999.4,0
C104208,46,16,month-to-month,bank-transfer,no,no,78.79,0,0,2,11,1,51.23,843.59,0
C104209,26,44,one-year,bank-transfer,yes,no,4.86,0,0,3,13,2,77.68,3511.57,1
C104210,23,11,two-year,credit-card,yes,no,7.17,1,1,0,12,1,57.09,690.76,0
C104211,48,51,month-to-month,electronic-check,yes,no,3.53,0,0,1,15,1,54.8,2885.59,1
C104212,42,30,two-year,electronic-check,no,no,11.11,1,0,1,13,0,68.56,2111.5,0
C104213,50,52,one-year,bank-transfer,yes,no,23.04,1,0,0,15,0,58.47,3069.82,0
C104214,33,50,month-to-month,electronic-check,yes,no,24.94,0,0,0,15,3,77.08,3958.15,1
C104215,29,72,month-to-month,electronic-check,no,yes,27.2,1,0,0,13,0,52.26,3817.5,0
C104216,55,35,month-to-month,electronic-check,no,no,28.48,2,0,1,16,1,62.7,2294.4,0
C104217,21,24,month-to-month,electronic-check,no,no,41.91,1,1,2,15,2,69.21,1731.84,0
C104218,54,38,one-year,credit-card,yes,no,58.69,0,0,2,18,0,78.36,3061.16,0
C104219,55,11,month-to-month,credit-card,yes,no,32.82,0,0,1,13,0,33.88,349.33,0
C104220,49,8,month-to-month,bank-transfer,no,no,22.37,1,0,2,16,0,86.56,752.26,1
C104221,31,37,one-year,mailed-check,yes,no,10.24,1,2,0,13,1,92.02,3526.03,0
C104222,29,60,one-year,bank-transfer,no,no,24.14,1,2,0,12,0,52.14,3254.34,0
C104223,36,38,two-year,bank-transfer,yes,no,31.98,0,1,2,13,0,59.2,2360.17,0
C104224,23,57,month-to-month,credit-card,no,no,17.42,0,0,0,12,1,67.9,3999.21,1
C104225,27,12,one-year,mailed-check,yes,no,36.75,0,1,1,11,0,70.06,904.98,0
C104226,47,32,month-to-month,credit-card,yes,yes,28.11,0,1,0,11,0,58.38,1942.78,1
C104227,47,44,one-year,electronic-check,no,yes,11.87,0,0,0,11,0,60.35,2727.67,1
C104228,26,25,month-to-month,bank-transfer,no,yes,13.52,0,1,1,6,2,80.98,2087.94,1
C104229,47,1,month-to-month,credit-card,no,no,46.39,0,0,1,16,3,60.25,121.93,1
C104230,44,5,two-year,credit-card,yes,no,3.47,1,0,0,10,1,61.97,380.72,0
C104231,57,67,one-year,credit-card,yes,no,4.25,0,1,1,18,0,58.07,3918.89,0
C104232,46,44,one-year,mailed-check,no,yes,8.81,0,0,1,9,1,62.83,2842.2,0
C104233,52,19,month-to-month,bank-transfer,yes,no,82.23,0,0,4,14,2,59.09,1199.34,1
C104234,45,18,one-year,electronic-check,yes,no,28.83,2,0,1,17,2,78.1,1455.12,1
C104235,51,2,month-to-month,bank-transfer,yes,no,13.38,2,0,1,17,1,57.41,142.38,0
C104236,24,68,month-to-month,electronic-check,yes,no,29.15,1,1,0,14,0,51.66,3563.31,0
C104237,38,7,month-to-month,mailed-check,yes,no,12.49,0,0,1,14,0,55.68,452.09,0
C104238,39,55,month-to-month,credit-card,yes,no,22.25,0,0,2,12,3,73.61,4100.88,0
C104239,36,17,month-to-month,credit-card,no,no,14.66,1,0,1,14,2,70.36,1315.83,0
C104240,44,24,one-year,mailed-check,no,no,28.42,1,0,1,16,2,64.84,1717.9,0
C104241,47,19,month-to-month,electronic-check,yes,no,18.66,1,0,0,12,0,40.76,937.91,0
C104242,44,60,two-year,mailed-check,yes,no,13.59,1,0,1,14,0,61.89,3761.08,0
C104243,37,2,two-year,electronic-check,yes,no,22.21,1,0,1,20,1,51.1,136.44,0
C104244,30,25,month-to-month,electronic-check,no,no,16.02,0,2,0,19,0,62.6,1599.8,1
C104245,52,20,one-year,credit-card,no,no,16.01,1,1,0,14,0,66.55,1429.03,0
C104246,43,19,month-to-month,mailed-check,yes,no,6.07,0,0,1,14,2,67.55,1321.43,1
C104247,27,14,two-year,electronic-check,no,yes,27.93,1,0,1,15,0,69.86,1068.9,0
C104248,37,66,month-to-month,bank-transfer,yes,no,99.69,1,1,2,15,0,88.83,5972.02,0
C104249,18,27,month-to-month,electronic-check,no,yes,22.95,3,0,1,16,0,63.28,1813.05,1
C104250,39,30,month-to-month,mailed-check,no,no,16.8,0,0,0,13,3,72.76,2287.48,0
C104251,37,28,two-year,electronic-check,no,no,17.21,0,2,1,8,0,70.24,2049.99,0
C104252,32,71,month-to-month,electronic-check,yes,no,45.22,1,1,1,10,1,41.98,3012.27,0
C104253,58,24,two-year,mailed-check,yes,no,0.98,3,0,0,10,3,112.03,2831.65,0
C104254,25,24,month-to-month,bank-transfer,yes,no,23.45,0,1,0,20,2,70.66,1820.08,1
C104255,47,23,one-year,mailed-check,yes,yes,19.53,0,0,3,10,1,66.43,1602.76,0
C104256,65,23,month-to-month,credit-card,yes,no,18.62,2,0,2,20,1,43.6,1057.6,0
C104257,52,6,month-to-month,credit-card,yes,no,21.72,0,1,2,16,2,83.84,539.32,0
C104258,39,44,month-to-month,credit-card,yes,no,9.37,1,0,1,15,0,57.05,2542.26,0
C104259,25,1,month-to-month,credit-card,yes,no,9.67,1,1,0,16,0,53.99,84.6,1
C104260,23,16,one-year,credit-card,yes,no,5.35,0,1,0,19,0,47.86,796.37,0
C104261,34,14,one-year,credit-card,no,no,,0,1,0,18,1,53.73,865.53,0
C104262,31,21,month-to-month,electronic-check,yes,no,1.76,1,0,0,18,2,61.88,1347.17,1
C104263,30,55,month-to-month,electronic-check,no,no,24.37,2,1,2,19,1,43.94,2468.98,0
C104264,35,43,month-to-month,bank-transfer,no,no,13.43,0,1,0,17,0,58.24,2560.43,1
C104265,38,72,one-year,credit-card,yes,yes,9.19,1,1,0,13,2,89.9,6584.25,1
C104266,45,25,one-year,credit-card,yes,no,22.4,0,1,2,16,1,69.9,1799.8,0
C104267,24,67,two-year,bank-transfer,no,no,15.09,0,0,1,14,2,64.7,4348.75,0
C104268,31,3,two-year,credit-card,yes,no,22.01,2,0,0,13,3,80.36,358.84,0
C104269,37,36,month-to-month,bank-transfer,yes,yes,9.85,0,0,0,12,1,33.31,1244.71,0
C104270,37,58,month-to-month,bank-transfer,no,no,26.22,2,0,1,11,1,85.84,5099.2,1
C104271,61,38,two-year,electronic-check,no,no,19.08,1,0,3,13,1,58.1,2305.18,0
C104272,42,68,month-to-month,mailed-check,yes,no,35.62,0,1,1,13,1,70.11,4810.16,0
C104273,20,22,month-to-month,electronic-check,yes,no,6.29,1,0,1,7,1,65.01,1505.1,1
C104274,44,2,month-to-month,electronic-check,no,no,15.04,0,0,0,13,2,73.29,194.07,1
C104275,46,56,one-year,mailed-check,yes,no,13.62,0,0,0,18,1,92.0,5165.18,0
C104276,37,4,one-year,electronic-check,no,no,30.75,0,0,0,13,0,31.17,136.85,0
C104277,24,55,two-year,credit-card,yes,no,41.48,1,0,0,21,0,60.59,3367.83,0
C104278,60,53,month-to-month,mailed-check,yes,no,23.32,2,1,1,14,2,71.15,3868.65,0
C104279,26,61,month-to-month,bank-transfer,yes,yes,18.58,2,0,1,17,1,58.63,3627.45,1
C104280,47,34,month-to-month,electronic-check,no,no,35.65,0,1,0,24,2,60.76,2149.64,0
C104281,41,65,one-year,credit-card,yes,no,16.08,1,0,2,12,1,72.91,4834.33,0
C104282,46,12,month-to-month,mailed-check,no,no,58.33,0,0,1,21,1,67.61,837.78,0
C104283,59,31,two-year,bank-transfer,no,no,11.6,0,0,0,12,1,62.73,1970.4,0
C104284,46,8,month-to-month,bank-transfer,no,yes,3.0,0,0,1,17,3,75.72,697.01,0
C104285,32,55,one-year,mailed-check,no,no,6.16,0,1,2,18,1,62.65,3463.55,1
C104286,52,52,two-year,bank-transfer,yes,no,15.47,0,1,0,11,1,72.29,3804.78,0
C104287,31,58,month-to-month,bank-transfer,yes,yes,76.85,0,0,0,18,1,74.6,4440.39,0
C104288,41,55,one-year,credit-card,yes,no,9.67,2,0,0,15,2,60.44,3379.15,1
C104289,23,22,month-to-month,,yes,no,57.87,1,1,0,12,2,70.19,1544.8,0
C104290,27,4,two-year,credit-card,yes,yes,23.14,0,0,1,19,1,77.45,337.68,0
C104291,40,67,two-year,mailed-check,no,no,9.64,0,0,0,11,0,75.76,5194.46,0
C104292,43,35,one-year,electronic-check,no,yes,16.56,2,1,2,15,1,80.01,2903.36,0
C104293,19,6,month-to-month,electronic-check,yes,no,38.2,2,0,1,9,3,104.32,711.56,0
C104294,45,67,two-year,mailed-check,yes,yes,18.07,0,1,0,4,2,70.65,4811.89,0
C104295,29,72,two-year,electronic-check,no,yes,9.85,0,0,1,9,1,75.45,5539.74,0
C104296,54,32,one-year,credit-card,no,no,15.65,0,0,2,13,1,68.38,2224.39,0
C104297,35,56,two-year,bank-transfer,no,no,44.07,1,0,0,18,0,48.78,2797.11,0
C104298,26,2,month-to-month,credit-card,yes,no,91.88,2,0,2,23,0,59.04,146.97,0
C104299,40,6,month-to-month,electronic-check,yes,no,,0,0,2,15,1,65.51,473.93,0
C104300,28,20,month-to-month,bank-transfer,no,no,,1,0,1,17,3,98.53,2106.66,1
C104301,54,47,month-to-month,,yes,no,36.21,1,0,0,12,1,74.27,3607.42,0
C104302,39,9,month-to-month,mailed-check,no,yes,36.0,1,0,4,17,0,55.92,552.27,1
C104303,37,2,one-year,mailed-check,yes,no,30.69,1,1,1,15,0,54.12,188.15,0
C104304,46,48,month-to-month,bank-transfer,yes,no,27.12,1,0,0,5,2,62.27,3068.06,0
C104305,27,56,month-to-month,bank-transfer,yes,no,11.91,0,0,2,16,2,69.11,3919.69,1
C104306,24,53,one-year,electronic-check,no,no,21.57,0,0,2,14,0,55.03,2926.12,0
C104307,44,58,one-year,electronic-check,yes,no,36.79,1,1,0,12,0,61.15,3653.24,0
C104308,26,58,two-year,mailed-check,no,no,27.23,0,1,0,12,0,57.99,3420.9,0
C104309,26,43,month-to-month,electronic-check,no,no,5.33,0,0,1,11,2,63.9,2803.71,1
C104310,49,37,two-year,bank-transfer,no,no,43.8,0,0,0,11,1,58.45,2239.51,0
C104311,45,62,month-to-month,mailed-check,no,no,31.88,1,0,1,19,0,55.6,3577.46,0
C104312,24,25,month-to-month,credit-card,no,no,42.17,1,0,2,6,1,71.06,1775.25,0
C104313,32,7,one-year,credit-card,no,no,9.5,0,0,0,11,2,72.23,644.37,0
C104314,28,54,month-to-month,mailed-check,yes,no,5.43,1,0,0,18,1,43.5,2387.95,0
C104315,60,20,one-year,credit-card,no,yes,18.08,1,0,1,10,3,78.85,1659.54,0
C104316,50,71,month-to-month,credit-card,no,no,28.14,0,1,1,11,2,76.91,5503.47,1
C104317,34,30,month-to-month,electronic-check,no,no,54.6,0,1,1,17,1,71.83,2171.34,0
C104318,46,62,month-to-month,credit-card,yes,no,25.64,0,0,0,17,1,52.89,3347.93,0
C104319,23,3,month-to-month,mailed-check,yes,yes,70.11,1,1,1,14,0,47.33,177.2,0
C104320,31,48,month-to-month,bank-transfer,no,yes,15.01,0,0,0,17,0,39.05,1892.64,0
C104321,40,32,month-to-month,bank-transfer,no,no,30.63,0,1,2,17,2,52.96,1716.95,0
C104322,44,33,month-to-month,credit-card,yes,no,4.22,0,0,1,15,2,69.96,2314.56,1
C104323,38,19,one-year,bank-transfer,no,no,38.6,0,0,0,11,0,38.44,763.83,0
C104324,42,70,month-to-month,credit-card,yes,no,52.45,0,1,2,18,0,60.09,4270.62,0
C104325,40,28,one-year,electronic-check,yes,no,26.95,0,0,0,15,1,71.57,2100.02,1
C104326,37,62,one-year,credit-card,no,no,7.8,1,0,1,8,1,41.12,2598.76,0
C104327,35,31,month-to-month,bank-transfer,no,no,21.44,1,0,0,10,1,51.68,1655.15,0
C104328,34,3,month-to-month,credit-card,yes,no,14.68,0,0,1,13,0,54.77,180.84,0
C104329,42,64,one-year,credit-card,no,no,16.05,0,1,1,10,0,46.23,3037.47,0
C104330,44,13,two-year,electronic-check,no,no,21.3,1,0,2,15,0,58.57,807.54,0
C104331,41,19,month-to-month,electronic-check,no,no,7.49,1,0,1,10,0,67.25,1352.03,1
C104332,25,62,two-year,credit-card,no,no,25.3,1,0,2,14,0,54.05,3379.84,0
C104333,27,65,month-to-month,credit-card,yes,no,15.53,0,0,1,10,1,45.08,3006.2,0
C104334,44,66,month-to-month,bank-transfer,yes,no,29.01,0,0,2,17,3,83.02,5605.08,0
C104335,57,31,month-to-month,mailed-check,yes,no,29.04,0,0,3,13,0,52.67,1664.83,0
C104336,41,55,month-to-month,electronic-check,yes,no,9.45,0,1,1,18,2,82.01,4649.01,0
C104337,34,23,month-to-month,mailed-check,yes,no,17.33,0,0,2,10,0,83.94,2049.42,1
C104338,42,54,month-to-month,mailed-check,yes,no,16.81,0,1,0,10,1,50.1,,0
C104339,25,36,month-to-month,credit-card,yes,no,20.71,0,0,0,25,0,47.45,1803.09,0
C104340,55,3,one-year,bank-transfer,yes,no,48.3,4,0,0,19,0,61.34,246.45,1
C104341,41,30,month-to-month,mailed-check,yes,no,12.91,1,0,1,23,0,66.15,2008.24,0
C104342,31,34,two-year,mailed-check,yes,no,17.22,1,0,0,11,0,80.51,2833.74,0
C104343,37,18,two-year,credit-card,yes,no,29.27,1,2,2,19,0,51.7,926.59,0
C104344,33,27,month-to-month,bank-transfer,yes,no,22.4,1,0,1,13,0,45.89,1321.14,0
C104345,55,36,month-to-month,electronic-check,no,no,37.93,0,0,2,22,0,47.76,1776.47,1
C104346,37,3,month-to-month,mailed-check,no,no,28.63,1,0,2,12,0,51.46,187.41,0
C104347,41,11,two-year,mailed-check,no,no,17.11,1,0,0,15,3,77.63,924.35,0
C104348,46,55,month-to-month,electronic-check,no,no,23.8,1,0,1,13,2,72.94,4132.28,1
C104349,30,25,month-to-month,bank-transfer,no,no,44.42,0,0,2,16,0,58.04,1524.44,0
C104350,41,44,two-year,electronic-check,no,no,8.18,2,0,2,16,1,47.08,2118.2,1
C104351,42,41,month-to-month,mailed-check,yes,yes,8.92,1,0,0,8,1,47.36,1977.08,0
C104352,20,40,month-to-month,mailed-check,yes,no,9.97,0,0,1,5,1,62.67,2576.29,0
C104353,42,30,two-year,mailed-check,no,no,17.62,0,0,1,17,0,46.91,1483.57,0
C104354,38,35,two-year,bank-transfer,no,yes,19.18,1,1,1,14,1,56.84,2065.22,0
C104355,41,60,month-to-month,bank-transfer,no,no,48.81,1,0,1,10,0,68.5,4143.53,0
C104356,39,70,month-to-month,electronic-check,yes,no,14.61,0,0,0,19,1,73.75,5255.21,0
C104357,42,18,month-to-month,electronic-check,no,no,5.93,1,0,0,19,2,68.71,1274.71,0
C104358,55,48,month-to-month,credit-card,yes,no,44.34,0,0,0,11,3,91.49,4485.85,1
C104359,25,70,month-to-month,credit-card,no,no,14.12,0,0,0,18,0,68.85,4820.54,0
C104360,35,0,month-to-month,electronic-check,yes,yes,34.11,0,0,2,16,0,73.45,63.0,0
C104361,47,57,one-year,electronic-check,yes,yes,39.71,1,0,1,12,1,83.67,4832.42,1
C104362,45,36,one-year,credit-card,yes,yes,25.02,1,0,1,12,1,60.63,2204.21,0
C104363,45,70,two-year,electronic-check,yes,no,20.69,1,0,0,13,1,76.85,5444.69,1
C104364,72,42,two-year,credit-card,yes,yes,11.67,0,0,0,17,2,64.61,2811.67,1
C104365,46,61,month-to-month,credit-card,no,no,11.39,1,0,0,11,1,77.04,4752.57,1
C104366,53,12,month-to-month,electronic-check,yes,no,40.73,0,1,1,19,2,82.28,1021.25,0
C104367,35,10,month-to-month,electronic-check,yes,no,27.78,2,0,1,14,2,66.44,,0
C104368,27,67,month-to-month,credit-card,yes,no,40.9,3,0,1,25,3,76.07,5160.66,0
C104369,35,38,month-to-month,electronic-check,yes,yes,14.89,0,0,0,15,2,62.61,2487.34,0
C104370,48,40,one-year,mailed-check,yes,no,46.2,1,0,2,11,0,62.66,2535.49,0
C104371,44,12,month-to-month,electronic-check,yes,no,57.38,0,0,1,17,1,80.19,1080.84,0
C104372,44,16,month-to-month,bank-transfer,no,no,7.58,0,0,3,20,0,43.04,762.71,0
C104373,36,59,month-to-month,credit-card,yes,no,8.01,0,0,1,20,0,71.39,4313.91,1
C104374,35,22,two-year,bank-transfer,no,no,35.58,0,1,2,11,3,102.7,2383.59,1
C104375,37,42,one-year,electronic-check,yes,no,24.06,0,0,0,11,3,85.77,3726.06,1
C104376,48,23,month-to-month,bank-transfer,no,no,18.4,2,0,1,19,0,67.5,1617.06,1
C104377,49,19,month-to-month,bank-transfer,no,no,39.22,2,0,3,10,1,55.78,1109.61,0
C104378,27,12,two-year,electronic-check,yes,yes,13.32,0,0,1,15,3,64.26,863.02,0
C104379,48,67,month-to-month,bank-transfer,no,no,14.0,2,1,1,14,0,49.56,3431.9,0
C104380,31,68,one-year,bank-transfer,yes,no,8.51,0,0,0,18,3,92.62,6495.01,0
C104381,45,8,one-year,electronic-check,yes,no,42.61,2,0,1,19,3,106.97,970.79,0
C104382,37,25,one-year,credit-card,no,no,7.06,1,1,2,9,2,58.02,1483.79,0
C104383,58,41,month-to-month,mailed-check,no,no,39.4,1,1,0,11,2,59.36,2490.7,1
C104384,34,27,two-year,electronic-check,yes,no,31.75,1,0,0,14,1,53.97,1487.02,0
C104385,41,52,month-to-month,electronic-check,no,no,40.23,1,0,1,15,3,57.03,3022.85,0
C104386,46,18,month-to-month,mailed-check,yes,no,9.08,0,0,0,16,0,48.22,916.79,0
C104387,29,4,month-to-month,electronic-check,yes,yes,20.19,3,0,0,17,0,61.99,321.79,1
C104388,38,24,month-to-month,electronic-check,yes,yes,11.7,0,0,0,14,1,29.01,740.48,0
C104389,36,43,month-to-month,credit-card,no,no,54.02,0,0,1,11,0,57.33,2535.36,0
C104390,33,13,one-year,bank-transfer,no,no,22.89,0,0,1,18,1,84.79,1138.89,1
C104391,34,59,two-year,electronic-check,yes,no,14.46,2,0,0,19,1,74.41,4439.84,0
C104392,52,0,month-to-month,bank-transfer,no,no,11.17,1,1,1,16,1,66.94,32.38,1
C104393,32,4,two-year,bank-transfer,no,yes,24.79,0,1,0,14,0,57.78,313.27,0
C104394,46,37,two-year,mailed-check,yes,no,14.56,1,0,0,10,3,96.08,3585.17,0
C104395,43,37,month-to-month,credit-card,yes,no,15.87,1,0,0,9,2,82.76,3191.08,0
C104396,22,21,one-year,electronic-check,yes,no,19.43,0,0,0,10,0,52.88,1186.75,0
C104397,45,18,two-year,electronic-check,yes,yes,74.8,0,0,0,21,1,79.06,1511.61,0
C104398,22,5,one-year,electronic-check,yes,no,22.14,0,0,1,11,1,50.76,267.66,0
C104399,47,48,month-to-month,electronic-check,yes,no,14.1,2,0,0,17,2,85.91,4209.47,0
C104400,33,27,two-year,mailed-check,yes,no,22.1,1,0,0,12,1,73.76,2013.96,0
C104401,39,8,one-year,electronic-check,yes,no,12.25,1,0,1,14,0,58.14,554.97,1
C104402,23,29,month-to-month,bank-transfer,no,no,53.64,0,1,0,16,2,67.52,2027.64,1
C104403,40,68,month-to-month,credit-card,no,yes,34.81,0,0,1,15,1,86.27,6009.58,0
C104404,50,19,month-to-month,credit-card,no,no,7.41,0,1,1,15,3,96.74,1988.46,0
C104405,29,65,month-to-month,bank-transfer,no,no,34.6,0,0,0,13,1,80.72,5337.92,0
C104406,32,18,month-to-month,bank-transfer,yes,no,25.23,1,1,0,12,1,71.58,1390.53,0
C104407,44,13,month-to-month,bank-transfer,yes,no,30.51,0,0,0,8,1,79.34,1170.21,0
C104408,45,19,two-year,mailed-check,yes,yes,43.36,1,0,1,9,1,68.54,1320.24,0
C104409,18,23,one-year,mailed-check,no,no,9.77,0,0,1,20,3,85.56,2045.94,0
C104410,63,8,month-to-month,electronic-check,yes,no,20.07,0,1,0,16,0,65.68,588.52,0
C104411,45,42,month-to-month,electronic-check,yes,no,29.43,3,0,0,18,2,73.42,3186.56,1
C104412,47,24,month-to-month,bank-transfer,no,yes,40.36,0,0,3,18,2,85.0,2135.15,1
C104413,37,52,month-to-month,,yes,no,33.01,2,0,2,12,1,51.33,2728.21,0
C104414,18,35,one-year,electronic-check,no,no,19.6,1,0,0,19,1,61.92,2183.27,0
C104415,47,32,month-to-month,electronic-check,yes,no,42.36,0,1,0,20,1,58.11,1893.63,0
C104416,32,34,two-year,credit-card,yes,no,18.38,0,0,1,14,1,94.86,3343.78,0
C104417,46,11,month-to-month,electronic-check,no,no,16.08,2,0,2,16,3,78.76,945.62,0
C104418,36,52,month-to-month,mailed-check,yes,yes,3.57,0,0,1,22,0,54.61,,1
C104419,42,7,two-year,electronic-check,yes,no,8.44,0,0,2,16,3,56.63,445.82,1
C104420,30,52,month-to-month,electronic-check,yes,no,18.54,0,1,1,18,0,76.74,4100.32,1
C104421,49,72,month-to-month,bank-transfer,no,no,8.9,0,0,0,8,1,55.46,4066.29,0
C104422,25,55,month-to-month,electronic-check,yes,yes,5.08,0,0,0,9,1,82.98,4626.66,0
C104423,66,33,one-year,electronic-check,yes,no,10.21,4,0,1,9,0,43.16,1537.11,0
C104424,66,22,month-to-month,credit-card,yes,no,57.21,2,0,1,13,0,46.82,1078.61,1
C104425,59,63,two-year,mailed-check,yes,no,7.17,0,0,1,12,2,85.59,5454.58,0
C104426,54,18,one-year,bank-transfer,yes,no,7.9,1,0,1,10,3,64.61,1202.45,1
C104427,38,35,two-year,bank-transfer,yes,no,38.98,0,0,0,18,3,86.79,3144.47,0
C104428,53,56,one-year,electronic-check,no,yes,29.02,1,0,1,17,0,47.66,2751.96,0
C104429,38,67,one-year,mailed-check,yes,no,20.24,0,1,0,19,0,82.18,5635.63,0
C104430,20,67,one-year,mailed-check,yes,no,36.85,0,1,0,13,0,78.94,5398.62,0
C104431,57,6,month-to-month,electronic-check,yes,no,22.73,1,0,1,14,1,79.54,572.43,1
C104432,53,65,one-year,electronic-check,yes,no,0.21,0,0,0,14,0,83.06,5447.35,1
C104433,39,8,one-year,bank-transfer,yes,no,13.26,2,0,1,14,1,56.33,541.89,1
C104434,24,42,month-to-month,electronic-check,no,no,83.6,0,2,0,23,0,69.48,2998.71,1
C104435,32,67,one-year,electronic-check,yes,no,22.75,0,2,0,10,2,61.68,4223.32,0
C104436,18,47,month-to-month,bank-transfer,no,yes,45.51,1,1,2,15,0,68.33,3289.67,1
C104437,50,69,month-to-month,mailed-check,yes,no,47.73,2,0,4,14,3,79.39,5553.3,0
C104438,20,25,month-to-month,bank-transfer,no,no,32.54,1,0,0,17,0,42.25,1096.96,0
C104439,42,22,month-to-month,electronic-check,no,no,20.94,0,0,1,13,0,55.66,1292.25,0
C104440,29,23,month-to-month,bank-transfer,no,yes,10.9,1,0,1,15,0,56.91,1362.69,0
C104441,22,25,month-to-month,credit-card,yes,no,7.23,1,0,1,6,0,56.31,1414.71,1
C104442,42,49,month-to-month,mailed-check,yes,no,46.72,0,0,2,14,1,87.9,4465.59,0
C104443,35,33,month-to-month,credit-card,no,no,27.84,1,2,1,11,1,48.92,1633.99,0
C104444,49,53,one-year,mailed-check,yes,no,28.07,0,2,0,13,1,57.38,3035.58,0
C104445,24,30,month-to-month,electronic-check,yes,no,32.42,0,0,1,17,1,29.58,,0
C104446,30,22,two-year,mailed-check,no,no,16.34,1,0,0,15,1,73.49,1651.79,1
C104447,18,13,two-year,mailed-check,yes,yes,41.08,1,1,1,17,2,75.76,1163.35,0
C104448,18,40,month-to-month,credit-card,yes,no,23.86,0,1,3,16,1,72.11,2951.04,0
C104449,61,65,month-to-month,electronic-check,no,no,17.72,0,1,1,28,0,55.62,3704.51,0
C104450,64,62,month-to-month,electronic-check,yes,no,28.36,0,2,0,17,0,47.85,3019.91,0
C104451,40,18,month-to-month,credit-card,no,no,42.02,1,0,2,16,0,43.19,744.15,0
C104452,29,34,month-to-month,electronic-check,no,no,17.18,2,0,0,17,0,62.81,2234.74,1
C104453,35,51,one-year,bank-transfer,yes,no,83.15,0,1,0,19,1,56.94,2920.02,0
C104454,49,44,one-year,electronic-check,yes,no,6.98,0,0,0,23,3,67.61,3059.08,0
C104455,33,4,month-to-month,credit-card,no,no,30.99,2,1,0,15,0,69.31,295.27,0
C104456,42,43,one-year,electronic-check,yes,no,12.08,0,1,0,9,3,67.81,2990.93,0
C104457,39,2,month-to-month,bank-transfer,no,no,24.25,1,0,2,7,1,67.65,198.16,1
C104458,32,8,two-year,bank-transfer,yes,no,35.67,0,0,0,15,0,16.46,140.54,0
C104459,33,47,two-year,credit-card,yes,no,164.46,0,0,1,15,2,84.75,4067.29,0
C104460,43,7,month-to-month,credit-card,no,no,4.6,0,1,1,16,2,65.23,501.2,0
C104461,27,24,one-year,credit-card,yes,no,9.38,2,0,1,17,2,95.05,2294.78,0
C104462,44,42,two-year,electronic-check,yes,no,31.91,2,0,1,16,0,53.95,2346.05,0
C104463,33,47,month-to-month,mailed-check,no,yes,42.67,0,0,2,21,0,21.2,1057.34,0
C104464,41,32,month-to-month,credit-card,yes,no,15.72,0,1,0,12,2,67.24,2229.33,1
C104465,56,6,one-year,bank-transfer,yes,no,8.84,1,1,0,11,2,72.67,456.87,0
C104466,37,58,month-to-month,credit-card,no,no,32.67,1,0,0,20,1,83.55,4914.36,0
C104467,50,69,month-to-month,credit-card,yes,no,13.63,2,1,1,14,2,72.48,5081.77,1
C104468,18,64,one-year,electronic-check,no,yes,51.72,2,0,1,16,1,60.62,3904.22,0
C104469,33,54,month-to-month,electronic-check,yes,no,30.14,0,0,1,10,1,66.32,3668.17,0
C104470,39,29,month-to-month,electronic-check,yes,no,32.08,2,2,0,13,3,116.96,3540.88,0
C104471,62,63,two-year,bank-transfer,yes,no,47.55,0,1,0,19,0,64.14,4079.69,0
C104472,18,35,month-to-month,mailed-check,no,no,71.34,0,0,1,14,0,55.65,,0
C104473,38,9,month-to-month,electronic-check,yes,no,10.39,0,0,2,23,0,68.26,663.25,1
C104474,56,62,one-year,bank-transfer,no,no,18.2,1,0,0,12,0,41.76,2624.87,0
C104475,30,23,month-to-month,electronic-check,no,no,51.69,2,0,1,21,2,65.09,1561.62,1
C104476,36,68,one-year,mailed-check,no,no,23.37,0,0,0,10,2,67.74,4714.94,0
C104477,43,26,one-year,mailed-check,yes,no,14.95,0,0,0,21,1,46.85,1257.43,0
C104478,41,63,month-to-month,mailed-check,yes,no,21.54,2,1,0,11,0,68.74,4446.71,1
C104479,58,39,month-to-month,electronic-check,yes,no,67.58,0,0,0,17,1,59.55,2352.3,0
C104480,44,34,two-year,bank-transfer,no,yes,22.32,1,1,0,9,1,64.62,2342.43,1
C104481,55,21,two-year,credit-card,yes,no,34.69,0,0,1,13,0,49.82,1047.89,0
C104482,35,61,month-to-month,bank-transfer,yes,yes,17.85,1,0,1,14,0,60.21,3752.65,0
C104483,30,4,month-to-month,credit-card,yes,no,5.91,1,0,2,17,0,79.61,383.98,1
C104484,36,34,month-to-month,electronic-check,yes,no,41.81,1,0,0,17,2,66.77,2255.67,0
C104485,25,26,two-year,electronic-check,yes,no,17.83,2,0,1,10,1,60.8,1656.87,0
C104486,45,39,two-year,electronic-check,yes,yes,45.03,1,1,3,22,1,52.17,2107.85,0
C104487,34,18,month-to-month,bank-transfer,yes,no,33.64,0,1,1,16,0,53.29,1048.5,0
C104488,31,48,two-year,electronic-check,yes,no,28.26,1,0,1,17,0,32.32,1566.91,0
C104489,45,28,month-to-month,credit-card,yes,yes,54.24,0,1,2,12,0,76.82,2232.2,0
C104490,25,13,month-to-month,bank-transfer,yes,yes,17.88,1,1,1,15,2,63.64,918.77,0
C104491,48,14,one-year,credit-card,no,no,41.17,1,0,3,13,0,45.27,672.57,0
C104492,33,50,month-to-month,mailed-check,yes,yes,22.46,0,2,0,17,0,53.92,2730.95,0
C104493,53,19,one-year,bank-transfer,no,no,16.82,2,0,0,15,1,72.34,1453.21,1
C104494,34,22,month-to-month,mailed-check,yes,no,31.44,0,1,0,15,1,64.95,,1
C104495,47,45,one-year,mailed-check,no,no,15.29,0,0,1,14,2,84.06,3847.92,0
C104496,41,24,two-year,credit-card,yes,no,18.47,0,0,0,19,2,67.44,1678.59,0
C104497,48,28,month-to-month,electronic-check,no,no,25.49,2,0,1,16,2,62.46,1776.27,0
C104498,40,17,month-to-month,credit-card,no,no,52.34,0,1,0,14,2,80.63,1455.99,0
C104499,19,25,one-year,bank-transfer,no,no,55.98,1,0,0,20,0,56.21,1497.7,0
C104500,51,50,month-to-month,bank-transfer,yes,yes,9.14,1,0,1,15,1,75.34,3787.14,0
C104501,38,38,one-year,electronic-check,no,yes,16.23,1,0,3,19,0,66.38,2579.66,0
C104502,48,72,one-year,electronic-check,yes,no,36.54,1,1,0,15,1,55.78,4107.25,0
C104503,47,56,month-to-month,electronic-check,yes,no,14.53,0,2,2,16,2,57.6,3266.27,1
C104504,30,1,two-year,bank-transfer,no,no,15.95,0,0,1,13,1,71.93,121.62,1
C104505,28,27,month-to-month,electronic-check,no,no,21.8,2,0,0,12,0,40.47,1112.94,0
C104506,47,21,month-to-month,credit-card,no,yes,35.36,0,1,1,11,3,86.17,1918.4,1
C104507,35,42,month-to-month,credit-card,no,no,27.78,2,0,1,19,0,63.05,2716.16,0
C104508,50,19,one-year,electronic-check,no,no,56.48,1,0,1,13,0,81.84,1676.08,1
C104509,37,70,two-year,bank-transfer,yes,no,25.31,2,0,1,12,1,91.42,,1
C104510,51,21,month-to-month,electronic-check,yes,no,28.11,0,2,1,19,1,69.18,1525.32,0
C104511,44,38,month-to-month,electronic-check,yes,no,22.43,0,0,3,16,0,30.73,1195.66,1
C104512,42,8,month-to-month,electronic-check,yes,no,30.46,0,0,1,14,0,42.34,396.16,0
C104513,35,66,one-year,credit-card,no,no,16.97,0,0,0,18,3,69.84,4624.31,0
C104514,42,66,month-to-month,credit-card,yes,no,31.57,1,1,3,10,1,63.64,4265.09,1
C104515,53,57,month-to-month,electronic-check,no,no,14.23,0,1,1,18,1,62.95,3667.18,0
C104516,38,25,month-to-month,electronic-check,yes,no,49.51,1,0,1,17,0,59.63,1437.79,1
C104517,45,4,month-to-month,mailed-check,yes,no,23.48,0,1,2,15,1,49.15,226.76,0
C104518,40,51,one-year,mailed-check,no,yes,63.29,0,2,1,12,1,77.23,4015.7,0
C104519,40,31,month-to-month,electronic-check,yes,no,48.94,2,1,0,18,1,54.72,1768.53,0
C104520,60,72,month-to-month,credit-card,yes,no,28.67,0,1,1,13,0,58.76,4336.11,0
C104521,53,50,month-to-month,credit-card,no,yes,37.58,2,0,3,11,1,90.01,4669.78,1
C104522,40,39,month-to-month,mailed-check,yes,no,32.03,0,0,0,16,0,44.13,1771.64,0
C104523,42,72,month-to-month,credit-card,yes,no,,0,2,0,15,0,57.46,4217.57,0
C104524,31,58,month-to-month,bank-transfer,no,no,27.83,0,0,0,20,3,76.49,4506.49,1
C104525,37,33,month-to-month,bank-transfer,yes,no,26.81,0,0,0,22,0,43.67,1511.85,0
C104526,43,1,month-to-month,credit-card,no,yes,22.29,0,0,0,16,1,65.06,126.53,0
C104527,49,6,month-to-month,mailed-check,no,no,,0,0,1,16,1,58.48,479.64,0
C104528,48,32,one-year,mailed-check,yes,no,28.3,0,0,3,12,2,85.28,2866.22,1
C104529,26,41,month-to-month,electronic-check,no,no,29.68,0,0,1,19,0,64.95,2734.28,1
C104530,51,2,month-to-month,bank-transfer,yes,no,61.22,0,0,0,15,3,101.61,293.32,0
C104531,38,9,one-year,electronic-check,yes,no,25.43,0,0,1,12,2,91.43,,0
C104532,27,51,month-to-month,electronic-check,no,no,41.63,1,1,0,18,0,65.85,3410.18,0
C104533,55,54,month-to-month,mailed-check,yes,no,23.34,1,0,2,21,2,56.05,3090.43,0
C104534,57,2,two-year,mailed-check,yes,no,61.97,2,0,1,18,2,85.9,217.81,0
C104535,42,37,month-to-month,electronic-check,yes,no,36.58,2,0,4,14,1,73.4,2839.82,0
C104536,48,5,two-year,electronic-check,yes,no,28.71,0,0,0,15,1,55.69,314.79,1
C104537,48,52,month-to-month,credit-card,yes,no,15.48,0,0,1,21,2,98.72,5256.09,0
C104538,56,60,two-year,bank-transfer,yes,yes,62.85,1,2,1,17,2,92.59,5569.37,1
C104539,48,63,two-year,mailed-check,no,no,46.82,0,0,0,17,0,60.57,3848.56,0
C104540,23,43,month-to-month,credit-card,no,no,14.59,2,0,0,15,1,76.05,3409.66,0
C104541,63,45,month-to-month,credit-card,yes,no,7.14,0,0,0,15,1,70.64,3264.38,0
C104542,52,67,one-year,electronic-check,yes,no,20.24,0,0,0,12,3,90.01,6179.86,0
C104543,33,44,month-to-month,bank-transfer,yes,no,12.05,2,2,1,13,1,59.66,2684.08,1
C104544,27,32,month-to-month,electronic-check,yes,no,21.84,1,0,0,14,0,71.77,2358.15,0
C104545,45,55,two-year,mailed-check,no,no,39.98,1,0,0,10,0,39.69,2257.84,0
C104546,36,43,one-year,bank-transfer,no,no,46.62,1,0,0,23,1,68.83,3035.16,0
C104547,43,61,two-year,electronic-check,yes,no,6.51,0,0,1,13,2,94.8,5873.84,0
C104548,48,38,two-year,mailed-check,no,no,8.81,0,0,1,13,3,90.29,3583.24,0
C104549,32,63,two-year,electronic-check,no,no,11.75,3,1,1,13,1,72.71,4713.92,0
C104550,26,3,one-year,mailed-check,yes,no,27.54,1,0,1,19,1,66.11,315.79,1
C104551,44,2,one-year,electronic-check,no,no,48.65,0,0,1,23,1,54.91,150.83,0
C104552,33,7,two-year,credit-card,yes,no,23.42,0,0,0,20,2,77.78,510.0,0
C104553,41,40,one-year,mailed-check,no,no,6.34,0,0,2,15,1,82.68,3367.55,1
C104554,23,51,month-to-month,electronic-check,no,no,29.83,0,1,1,12,0,49.95,2591.3,0
C104555,36,15,one-year,bank-transfer,yes,no,17.75,0,0,1,16,1,71.2,1110.76,0
C104556,48,11,month-to-month,electronic-check,yes,no,17.96,0,0,1,13,2,74.08,872.05,1
C104557,46,62,two-year,bank-transfer,yes,no,27.37,1,1,1,15,2,71.46,4530.29,1
C104558,30,54,one-year,mailed-check,no,no,34.71,1,1,0,16,1,81.26,4427.15,0
C104559,25,47,one-year,electronic-check,no,no,45.3,0,2,0,18,2,77.28,3674.67,0
C104560,39,35,month-to-month,electronic-check,yes,no,49.51,0,1,0,11,0,45.28,1616.75,0
C104561,46,30,month-to-month,electronic-check,no,no,41.55,1,1,0,14,3,80.46,2493.11,0
C104562,44,1,month-to-month,bank-transfer,yes,no,38.6,1,1,1,17,0,55.32,177.29,0
C104563,33,13,one-year,bank-transfer,yes,no,8.4,1,0,0,17,0,47.24,646.28,0
C104564,43,65,one-year,electronic-check,yes,no,36.64,0,0,1,16,0,50.43,3378.05,1
C104565,57,24,month-to-month,electronic-check,no,no,22.15,1,0,0,18,0,42.11,,0
C104566,41,51,month-to-month,credit-card,no,no,49.05,0,1,0,15,0,54.09,2831.92,0
C104567,19,51,month-to-month,electronic-check,yes,no,16.89,1,0,2,11,0,58.08,3053.75,0
C104568,41,22,month-to-month,electronic-check,no,no,20.93,1,0,1,7,3,78.7,1895.05,1
C104569,64,14,two-year,bank-transfer,no,no,15.3,2,0,0,17,1,52.25,757.09,0
C104570,24,50,two-year,electronic-check,yes,no,17.39,1,0,0,23,0,43.52,2235.52,0
C104571,39,6,one-year,credit-card,yes,no,55.58,0,0,1,22,1,65.28,484.96,1
C104572,36,36,month-to-month,electronic-check,yes,yes,15.83,1,1,0,11,1,57.75,2092.8,0
C104573,40,64,month-to-month,credit-card,yes,no,25.81,1,0,1,17,2,54.03,3456.72,0
C104574,41,51,two-year,mailed-check,yes,no,16.89,0,0,0,14,1,47.31,2399.26,0
C104575,53,55,two-year,electronic-check,no,no,25.79,0,0,2,12,1,62.43,3425.25,0
C104576,40,6,month-to-month,mailed-check,yes,no,29.85,0,0,0,11,0,51.82,338.39,0
C104577,54,14,one-year,credit-card,no,no,36.32,2,0,0,21,2,73.15,1122.83,1
C104578,38,20,month-to-month,mailed-check,no,no,24.15,0,1,1,9,2,83.93,1742.52,0
C104579,35,21,month-to-month,electronic-check,yes,no,58.85,2,0,1,20,0,61.28,1339.9,0
C104580,31,14,two-year,credit-card,yes,no,7.05,1,1,0,20,1,42.36,621.45,0
C104581,18,70,two-year,electronic-check,yes,no,15.38,0,0,1,11,2,67.88,4850.6,0
C104582,42,12,two-year,electronic-check,no,no,14.88,0,0,1,17,0,59.68,800.04,0
C104583,64,51,month-to-month,electronic-check,yes,no,12.39,1,1,0,13,0,47.23,2467.94,0
C104584,44,42,month-to-month,credit-card,yes,yes,34.5,0,0,1,16,0,44.75,1977.58,0
C104585,47,44,two-year,electronic-check,no,no,14.98,1,0,1,16,0,66.38,2978.71,0
C104586,34,15,one-year,electronic-check,no,no,1.62,0,0,1,13,0,49.66,815.7,1
C104587,36,22,month-to-month,credit-card,yes,no,27.98,0,0,0,19,2,63.47,1445.66,0
C104588,51,44,month-to-month,bank-transfer,no,no,59.79,0,1,1,14,0,47.86,2114.66,0
C104589,63,21,month-to-month,electronic-check,no,yes,2.52,2,0,1,22,1,83.04,1845.31,0
C104590,57,50,one-year,bank-transfer,no,no,33.38,0,0,1,8,3,74.38,3794.52,1
C104591,49,2,two-year,electronic-check,yes,no,43.82,1,0,0,16,3,87.16,254.43,1
C104592,39,5,month-to-month,mailed-check,no,no,16.41,0,0,1,20,1,61.27,377.53,1
C104593,42,53,month-to-month,electronic-check,no,no,30.36,2,0,0,13,1,74.44,4026.4,0
C104594,30,45,month-to-month,bank-transfer,yes,no,0.25,1,0,0,11,0,44.86,2058.57,0
C104595,22,3,one-year,bank-transfer,no,no,26.46,0,0,2,11,1,54.34,149.48,1
C104596,25,65,month-to-month,electronic-check,yes,no,35.87,2,0,2,16,2,89.86,5903.49,1
C104597,40,0,month-to-month,electronic-check,yes,no,17.66,1,1,0,13,0,85.41,80.71,1
C104598,35,69,one-year,mailed-check,no,yes,18.11,0,1,0,13,0,48.88,3429.56,0
C104599,21,53,month-to-month,bank-transfer,no,no,30.89,2,0,0,19,0,48.84,2645.64,0
C104600,39,72,one-year,credit-card,yes,no,24.2,1,1,0,14,1,93.18,6766.64,0
C104601,35,69,one-year,credit-card,yes,no,47.32,0,2,0,18,0,53.12,3707.65,0
C104602,25,22,month-to-month,credit-card,yes,no,25.58,0,0,1,15,3,72.58,1559.07,0
C104603,35,55,one-year,credit-card,yes,yes,31.66,1,0,0,15,1,64.74,3638.06,0
C104604,35,15,one-year,credit-card,no,no,18.4,0,0,1,11,1,66.91,1102.67,0
C104605,32,34,one-year,bank-transfer,yes,yes,18.35,1,1,1,18,2,68.77,2451.9,1
C104606,50,17,one-year,electronic-check,no,no,39.21,0,0,0,17,2,82.59,1446.8,0
C104607,18,35,month-to-month,bank-transfer,yes,no,42.09,1,0,0,17,0,40.77,1430.06,0
C104608,18,63,month-to-month,electronic-check,no,no,8.14,0,0,0,11,2,69.56,4487.42,0
C104609,39,31,month-to-month,electronic-check,yes,no,21.15,1,0,1,14,1,80.49,2617.44,1
C104610,40,6,month-to-month,electronic-check,no,no,31.88,3,1,1,16,1,38.82,261.37,0
C104611,44,23,month-to-month,mailed-check,yes,no,2.94,0,0,3,13,2,57.64,1388.69,0
C104612,33,57,month-to-month,bank-transfer,yes,no,20.94,0,0,0,9,1,71.82,4186.01,0
C104613,28,38,one-year,mailed-check,no,no,77.27,0,1,1,22,0,60.63,2319.39,0
C104614,39,40,month-to-month,electronic-check,yes,no,12.66,1,0,3,18,0,48.0,1987.93,0
C104615,34,31,two-year,credit-card,yes,no,12.26,0,0,0,12,1,66.74,2170.32,0
C104616,58,21,one-year,bank-transfer,no,yes,23.16,0,0,0,13,1,72.27,1581.98,0
C104617,35,43,month-to-month,electronic-check,no,no,24.41,0,0,2,18,2,61.37,2761.21,1
C104618,38,46,one-year,electronic-check,yes,yes,19.33,0,0,0,14,2,70.9,3321.07,0
C104619,69,65,month-to-month,electronic-check,no,yes,42.69,1,1,1,10,1,52.65,3415.77,1
C104620,37,45,two-year,credit-card,yes,no,5.11,0,0,0,7,1,75.03,3448.09,0
C104621,46,72,two-year,electronic-check,yes,no,11.91,1,2,1,15,0,36.99,2652.64,0
C104622,47,60,two-year,credit-card,yes,no,21.03,2,0,0,12,1,62.89,3852.24,0
C104623,48,5,one-year,electronic-check,yes,no,48.64,0,0,1,17,1,74.64,485.46,0
C104624,42,28,two-year,credit-card,yes,yes,15.54,3,1,1,14,1,89.39,2551.93,1
C104625,41,28,one-year,electronic-check,yes,no,10.94,2,0,1,13,1,60.21,1773.42,0
C104626,40,0,two-year,mailed-check,yes,no,3.76,0,0,1,23,1,95.51,117.19,1
C104627,32,13,month-to-month,mailed-check,yes,no,9.96,0,0,1,15,2,62.5,849.25,1
C104628,43,55,two-year,electronic-check,yes,no,4.18,0,0,0,13,2,79.14,4425.41,0
C104629,63,25,one-year,credit-card,yes,no,14.74,0,0,3,17,1,57.38,1496.75,1
C104630,54,10,month-to-month,bank-transfer,yes,yes,34.05,0,0,0,17,2,95.86,1059.44,0
C104631,43,20,two-year,electronic-check,yes,no,30.18,1,0,2,13,1,67.72,1408.72,0
C104632,49,20,one-year,bank-transfer,yes,no,35.2,1,0,2,19,1,52.25,1073.77,0
C104633,29,12,two-year,electronic-check,yes,no,8.6,1,1,2,9,1,76.31,949.38,0
C104634,36,7,month-to-month,credit-card,yes,yes,6.25,0,0,1,13,2,60.48,450.84,1
C104635,50,55,one-year,mailed-check,no,no,29.09,1,0,2,8,1,48.4,2689.46,0
C104636,57,60,one-year,electronic-check,no,no,40.43,0,1,0,12,2,74.71,4586.69,0
C104637,30,36,month-to-month,electronic-check,no,yes,23.16,0,0,2,14,1,78.24,2832.79,1
C104638,33,44,one-year,electronic-check,yes,no,30.63,1,0,1,15,0,55.05,2473.44,1
C104639,65,67,one-year,credit-card,yes,no,22.06,0,0,1,15,1,64.39,4428.09,0
C104640,40,61,month-to-month,electronic-check,yes,no,16.35,1,1,1,10,1,61.82,3749.3,1
C104641,61,2,one-year,electronic-check,no,no,18.46,2,0,0,14,2,48.11,155.54,0
C104642,41,69,month-to-month,credit-card,yes,no,39.98,1,0,2,17,2,106.45,7437.58,1
C104643,42,4,two-year,electronic-check,no,no,21.79,1,0,0,23,0,55.63,278.79,0
C104644,35,1,two-year,electronic-check,yes,no,39.7,1,1,0,22,1,76.62,150.29,0
C104645,50,29,month-to-month,bank-transfer,no,no,25.65,0,0,0,11,1,85.11,2596.61,0
C104646,55,54,month-to-month,,yes,no,14.54,1,1,0,15,2,59.12,3236.07,1
C104647,27,5,month-to-month,credit-card,yes,no,31.9,2,0,1,19,1,55.06,320.52,0
C104648,35,21,month-to-month,bank-transfer,yes,no,22.34,1,0,2,10,0,75.43,1645.71,0
C104649,50,19,two-year,electronic-check,no,no,45.91,1,0,2,18,0,47.89,974.11,0
C104650,37,29,month-to-month,mailed-check,no,no,12.2,1,0,0,14,1,60.16,1792.91,0
C104651,33,71,month-to-month,electronic-check,no,no,4.25,1,0,1,15,2,65.84,4749.21,0
C104652,51,24,month-to-month,mailed-check,no,no,34.17,0,0,0,14,3,56.13,1431.39,0
C104653,52,15,one-year,bank-transfer,yes,no,52.28,1,1,1,17,1,66.79,1064.27,0
C104654,34,8,two-year,credit-card,yes,yes,40.37,0,0,0,15,1,60.99,519.48,0
C104655,42,14,month-to-month,mailed-check,no,yes,55.09,1,2,1,19,2,87.0,1220.97,0
C104656,24,9,month-to-month,credit-card,yes,no,62.72,0,0,1,15,0,53.25,578.62,0
C104657,28,41,month-to-month,electronic-check,yes,no,20.19,1,1,0,16,1,58.78,2491.64,1
C104658,40,30,month-to-month,credit-card,yes,no,10.33,0,0,1,10,0,61.99,1887.84,0
C104659,39,36,month-to-month,electronic-check,yes,no,1.6,0,0,1,17,1,78.25,2887.0,0
C104660,27,60,one-year,credit-card,yes,no,4.67,0,0,0,11,2,54.77,3408.61,0
C104661,30,42,month-to-month,mailed-check,no,no,33.15,1,2,1,11,2,44.12,1866.59,0
C104662,26,11,month-to-month,electronic-check,yes,no,5.02,1,1,1,13,1,90.82,1125.9,0
C104663,44,27,one-year,mailed-check,yes,no,27.55,1,2,3,17,3,105.32,3006.93,0
C104664,18,22,one-year,credit-card,yes,no,34.69,1,0,1,14,0,48.88,1112.6,0
C104665,27,60,month-to-month,credit-card,no,no,23.83,0,0,1,12,1,63.33,3824.64,1
C104666,18,22,month-to-month,bank-transfer,no,no,18.18,0,0,0,17,0,55.4,1282.41,0
C104667,44,10,one-year,mailed-check,no,no,11.68,1,0,2,23,0,45.16,487.69,0
C104668,18,53,month-to-month,bank-transfer,yes,no,57.52,0,0,0,16,1,59.88,3242.28,0
C104669,39,31,two-year,electronic-check,no,no,2.01,2,0,0,9,1,60.77,1923.68,0
C104670,59,6,two-year,bank-transfer,no,no,11.64,2,0,3,17,0,38.38,247.99,0
C104671,59,50,two-year,electronic-check,yes,no,18.26,1,0,0,17,2,95.71,4901.59,0
C104672,18,15,month-to-month,credit-card,no,no,16.68,0,1,0,15,0,35.47,497.96,0
C104673,43,63,month-to-month,bank-transfer,yes,yes,36.18,1,1,0,22,0,31.67,2036.37,1
C104674,27,60,two-year,mailed-check,no,no,25.62,0,0,0,15,1,73.33,4451.33,0
C104675,25,26,month-to-month,bank-transfer,no,no,7.85,1,0,0,15,1,55.75,1507.16,1
C104676,38,40,month-to-month,electronic-check,yes,no,38.74,1,0,2,10,1,71.17,2859.87,0
C104677,54,41,one-year,electronic-check,yes,no,11.62,2,0,2,13,1,61.57,2653.21,1
C104678,46,47,month-to-month,electronic-check,yes,no,27.88,1,1,0,14,1,60.06,2889.21,0
C104679,30,5,one-year,electronic-check,no,no,54.31,0,0,0,17,1,64.34,420.93,0
C104680,47,23,two-year,electronic-check,no,no,13.96,4,0,0,11,0,60.44,1412.63,0
C104681,18,12,one-year,bank-transfer,yes,no,14.58,1,1,1,13,0,69.28,877.95,1
C104682,30,50,month-to-month,bank-transfer,no,no,20.19,1,0,1,8,3,74.99,3826.92,1
C104683,29,5,two-year,mailed-check,yes,no,20.73,1,0,0,13,0,61.65,,0
C104684,40,37,one-year,credit-card,yes,no,26.32,2,0,0,10,1,57.89,2212.53,1
C104685,37,53,month-to-month,credit-card,yes,no,32.28,0,0,0,16,2,68.88,3716.52,0
C104686,37,69,one-year,electronic-check,no,yes,11.08,0,0,1,10,1,54.17,3788.77,0
C104687,37,21,month-to-month,mailed-check,no,yes,22.37,2,0,0,16,3,68.94,1520.02,0
C104688,39,0,month-to-month,credit-card,no,no,9.61,0,0,0,13,3,67.11,62.63,0
C104689,45,52,one-year,electronic-check,no,no,35.17,0,1,0,16,2,60.28,3182.36,0
C104690,41,0,month-to-month,mailed-check,yes,no,44.64,1,0,0,15,1,56.61,36.93,0
C104691,36,4,month-to-month,credit-card,yes,no,16.58,0,0,1,12,2,47.33,268.59,0
C104692,44,72,one-year,credit-card,yes,no,24.76,0,1,0,19,1,56.63,4101.81,0
C104693,49,62,month-to-month,credit-card,yes,no,52.39,0,0,0,13,2,73.29,4573.5,0
C104694,32,51,month-to-month,credit-card,yes,no,29.08,0,0,1,16,0,60.77,3160.11,0
C104695,38,60,month-to-month,electronic-check,yes,yes,9.66,2,0,1,14,0,38.57,2370.53,1
C104696,53,5,one-year,bank-transfer,yes,no,5.88,3,0,2,14,1,63.48,503.49,1
C104697,26,6,two-year,credit-card,yes,no,12.49,3,0,4,18,1,70.54,470.49,0
C104698,61,21,month-to-month,electronic-check,yes,no,19.04,0,0,0,8,1,60.9,1343.6,0
C104699,23,1,one-year,electronic-check,no,no,37.96,0,0,0,19,2,77.67,141.49,0
C104700,35,64,month-to-month,electronic-check,yes,no,17.8,1,1,2,7,2,68.16,4432.01,1
C104701,28,4,month-to-month,bank-transfer,no,no,9.05,0,1,0,10,0,50.73,274.94,1
C104702,65,39,month-to-month,bank-transfer,yes,no,18.54,2,0,1,13,0,47.64,1877.8,0
C104703,33,62,month-to-month,credit-card,no,no,19.34,1,0,0,14,1,67.41,4259.65,0
C104704,33,53,month-to-month,electronic-check,yes,no,12.91,2,0,0,22,1,47.32,2526.74,0
C104705,35,17,one-year,bank-transfer,yes,no,17.9,1,0,1,7,0,28.57,498.98,1
C104706,40,34,one-year,electronic-check,yes,no,24.98,2,0,0,15,0,47.22,1681.59,0
C104707,35,40,two-year,credit-card,yes,no,5.17,0,1,1,20,0,47.93,1952.26,0
C104708,37,56,two-year,bank-transfer,no,no,19.37,0,0,0,11,0,57.37,3265.03,0
C104709,18,31,month-to-month,bank-transfer,yes,no,86.12,1,0,1,17,0,60.83,1983.88,0
C104710,40,20,month-to-month,electronic-check,yes,no,28.4,0,2,1,16,3,74.32,1635.85,0
C104711,39,58,month-to-month,electronic-check,no,no,38.34,0,1,1,15,3,80.41,4780.79,0
C104712,51,64,month-to-month,electronic-check,yes,no,52.12,1,1,1,20,0,68.35,4443.47,0
C104713,55,35,two-year,credit-card,yes,yes,58.37,0,1,1,16,1,63.44,2255.32,0
C104714,37,2,month-to-month,electronic-check,yes,no,14.82,1,1,0,14,2,60.82,156.05,0
C104715,49,36,month-to-month,credit-card,yes,no,5.6,1,0,3,13,1,54.93,1995.59,1
C104716,26,64,month-to-month,electronic-check,yes,no,42.54,2,2,0,13,1,71.97,4654.13,0
C104717,48,72,two-year,mailed-check,yes,no,19.23,1,1,2,13,0,38.23,2789.32,1
C104718,32,29,month-to-month,electronic-check,yes,no,19.95,0,1,0,13,2,78.06,2334.18,0
C104719,25,10,one-year,electronic-check,no,no,32.0,1,0,0,15,0,49.61,536.79,1
C104720,37,41,month-to-month,mailed-check,yes,no,22.65,0,0,2,14,1,76.13,3213.24,0
C104721,56,60,month-to-month,mailed-check,yes,no,26.59,1,0,0,21,1,69.02,4227.66,0
C104722,41,68,month-to-month,mailed-check,no,no,28.1,2,0,0,20,2,75.32,5204.45,0
C104723,57,3,one-year,bank-transfer,no,yes,42.9,0,1,0,13,2,82.37,348.74,1
C104724,30,21,one-year,electronic-check,no,no,30.07,0,0,1,21,1,78.44,1827.23,0
C104725,52,34,month-to-month,bank-transfer,yes,no,9.43,1,0,0,16,0,64.9,2291.5,0
C104726,31,7,month-to-month,bank-transfer,no,no,9.27,1,2,0,13,1,48.1,422.1,0
C104727,42,64,month-to-month,electronic-check,yes,no,13.82,2,0,0,15,1,72.31,4728.16,0
C104728,42,8,month-to-month,mailed-check,no,no,28.96,0,0,1,17,1,44.88,393.61,0
C104729,47,48,month-to-month,electronic-check,no,no,10.11,0,0,0,11,1,48.94,2430.78,0
C104730,42,67,month-to-month,electronic-check,yes,yes,10.1,0,0,1,12,0,53.78,3633.26,0
C104731,30,50,one-year,electronic-check,no,yes,27.58,2,0,0,18,1,78.08,3941.36,0
C104732,50,55,two-year,bank-transfer,no,no,14.75,0,0,1,13,1,64.27,3637.92,0
C104733,60,19,one-year,electronic-check,no,no,55.46,0,0,1,17,1,57.78,1229.9,0
C104734,32,60,one-year,credit-card,no,no,15.36,0,0,0,12,2,82.81,5036.7,0
C104735,18,30,two-year,bank-transfer,no,yes,35.94,0,1,0,14,1,55.9,1754.47,0
C104736,45,4,two-year,electronic-check,yes,no,20.38,1,0,1,14,2,76.74,335.49,0
C104737,35,26,month-to-month,bank-transfer,yes,no,8.49,1,0,0,8,0,56.34,1586.96,1
C104738,37,25,month-to-month,electronic-check,yes,no,14.99,0,0,0,16,1,51.01,1316.89,0
C104739,46,38,month-to-month,electronic-check,yes,no,21.4,0,0,0,19,1,74.08,2898.03,1
C104740,34,19,two-year,credit-card,no,no,15.19,0,0,2,20,0,35.44,700.14,0
C104741,36,33,month-to-month,mailed-check,no,no,51.58,0,0,0,9,0,46.64,1582.59,0
C104742,38,31,month-to-month,electronic-check,yes,no,11.18,1,0,0,17,2,84.94,2664.9,1
C104743,57,23,month-to-month,credit-card,no,no,16.59,3,0,0,21,3,103.63,2457.28,0
C104744,39,50,one-year,credit-card,no,no,29.83,0,1,3,14,0,34.91,1780.93,0
C104745,24,22,one-year,mailed-check,no,no,66.26,0,0,0,13,0,56.8,1319.76,0
C104746,25,55,one-year,bank-transfer,yes,no,32.72,3,0,1,17,0,28.03,1606.17,0
C104747,41,18,one-year,credit-card,yes,no,28.59,1,0,3,13,2,71.79,1366.49,0
C104748,25,63,two-year,bank-transfer,no,no,39.13,0,0,1,16,2,66.93,4366.32,0
C104749,20,26,month-to-month,mailed-check,no,no,46.07,0,0,1,11,3,81.11,2209.1,1
C104750,47,2,two-year,credit-card,no,no,52.27,0,1,2,21,3,109.54,352.67,0
C104751,47,10,one-year,mailed-check,no,no,32.67,1,1,2,32,0,66.69,709.04,1
C104752,35,58,month-to-month,electronic-check,yes,yes,25.99,3,1,1,14,0,51.7,3088.39,1
C104753,43,63,two-year,electronic-check,yes,yes,11.49,2,0,0,11,0,63.56,4087.4,0
C104754,41,15,two-year,mailed-check,no,no,,0,0,2,19,1,65.62,1103.2,1
C104755,46,43,two-year,electronic-check,yes,no,58.6,2,2,0,16,2,64.12,2773.7,0
C104756,46,41,two-year,electronic-check,no,no,2.66,0,1,1,15,2,76.11,3112.91,1
C104757,18,9,month-to-month,mailed-check,no,no,48.83,0,0,3,16,0,63.1,634.26,1
C104758,36,32,month-to-month,credit-card,no,no,25.9,0,0,0,18,1,109.4,3635.36,0
C104759,45,50,month-to-month,electronic-check,no,no,41.84,2,0,1,21,2,80.73,4150.44,0
C104760,34,70,two-year,electronic-check,yes,yes,33.59,0,0,1,10,0,65.24,4634.7,0
C104761,39,61,two-year,credit-card,yes,no,23.3,2,2,0,18,0,34.58,2220.36,0
C104762,48,7,two-year,mailed-check,no,no,25.87,1,0,0,15,2,76.03,603.71,0
C104763,40,17,two-year,bank-transfer,no,no,35.43,0,0,1,11,1,82.77,1488.74,1
C104764,57,31,one-year,mailed-check,no,no,12.06,0,0,0,13,0,62.06,1998.35,0
C104765,53,10,month-to-month,bank-transfer,yes,no,23.44,0,0,0,16,2,85.06,900.86,0
C104766,38,41,month-to-month,electronic-check,no,no,32.29,0,0,0,17,3,83.85,3522.46,0
C104767,37,0,month-to-month,mailed-check,yes,yes,37.79,0,0,0,7,2,82.8,62.02,0
C104768,18,8,one-year,bank-transfer,yes,yes,35.36,0,0,0,19,1,45.2,,0
C104769,35,3,month-to-month,electronic-check,no,no,18.91,3,0,1,8,2,98.38,386.31,1
C104770,23,21,two-year,electronic-check,yes,no,24.66,0,1,2,9,2,81.19,1782.14,0
C104771,42,55,one-year,mailed-check,yes,no,9.25,0,0,2,17,1,78.37,4377.91,1
C104772,41,12,month-to-month,bank-transfer,yes,no,47.22,0,0,0,16,0,59.39,786.3,0
C104773,47,72,two-year,mailed-check,no,yes,27.97,2,0,1,16,3,87.33,6423.56,0
C104774,56,19,one-year,bank-transfer,yes,no,24.58,0,1,1,17,1,73.14,1435.09,0
C104775,39,3,one-year,bank-transfer,yes,no,24.5,2,0,2,15,0,54.35,218.92,1
C104776,66,24,month-to-month,electronic-check,yes,no,20.68,0,0,0,12,0,46.68,1194.7,0
C104777,42,54,month-to-month,credit-card,no,no,38.23,1,0,0,19,1,54.21,2995.69,0
C104778,23,7,month-to-month,credit-card,yes,no,24.95,1,0,0,10,1,63.32,558.59,0
C104779,32,5,month-to-month,electronic-check,no,no,11.34,1,1,0,9,0,45.25,202.56,0
C104780,35,62,one-year,mailed-check,no,no,14.13,0,0,2,9,1,58.21,3645.77,0
C104781,46,43,two-year,electronic-check,yes,no,8.07,4,0,0,13,0,73.12,3214.39,1
C104782,28,25,two-year,credit-card,yes,yes,57.15,0,0,0,16,3,107.69,2818.5,0
C104783,35,55,month-to-month,mailed-check,yes,no,21.85,1,0,1,21,1,61.82,3454.46,0
C104784,37,61,two-year,mailed-check,yes,no,60.96,1,0,2,24,1,81.8,5061.24,0
C104785,34,26,month-to-month,credit-card,yes,no,26.71,2,0,0,14,2,72.32,1948.71,1
C104786,49,40,month-to-month,bank-transfer,no,yes,18.27,1,0,0,17,3,91.12,3725.03,1
C104787,47,0,one-year,electronic-check,yes,no,21.02,0,0,0,16,0,60.68,105.93,0
C104788,53,22,two-year,bank-transfer,yes,no,26.14,0,0,1,14,1,54.91,1276.44,0
C104789,35,43,two-year,credit-card,yes,no,11.6,0,1,1,22,1,57.23,2513.03,1
C104790,53,14,two-year,electronic-check,yes,yes,8.99,1,0,0,13,1,79.17,1199.46,1
C104791,23,72,month-to-month,mailed-check,yes,no,44.23,1,0,1,13,1,67.82,4906.58,0
C104792,22,70,month-to-month,bank-transfer,yes,yes,17.6,0,0,0,13,0,60.61,4284.05,0
C104793,24,18,month-to-month,mailed-check,no,no,61.88,1,0,0,12,1,61.74,1154.41,0
C104794,39,28,one-year,credit-card,yes,no,33.03,0,0,1,17,0,53.16,,0
C104795,53,13,month-to-month,mailed-check,yes,no,16.62,0,0,2,18,2,75.14,1100.92,0
C104796,32,36,month-to-month,bank-transfer,no,yes,76.48,0,0,0,23,0,68.9,2526.52,0
C104797,33,9,month-to-month,credit-card,yes,no,45.61,1,0,0,15,1,70.74,750.7,0
C104798,36,28,one-year,electronic-check,no,no,6.97,2,0,0,12,2,86.08,,0
C104799,46,40,one-year,electronic-check,yes,yes,13.25,1,0,0,11,0,34.16,1393.16,0
C104800,33,44,month-to-month,credit-card,yes,no,0.64,1,0,1,13,1,52.89,2362.08,0
C104801,33,43,month-to-month,bank-transfer,yes,no,19.64,1,1,1,17,0,48.81,2139.36,1
C104802,23,16,one-year,mailed-check,no,no,70.45,2,1,0,15,0,64.44,1090.41,0
C104803,32,57,one-year,electronic-check,no,yes,4.97,1,1,2,18,3,71.91,4122.32,0
C104804,53,50,month-to-month,electronic-check,yes,no,29.27,1,2,0,17,0,64.55,3284.45,0
C104805,40,54,month-to-month,electronic-check,yes,no,87.29,0,0,0,27,0,56.09,3086.65,0
C104806,30,34,two-year,,yes,no,20.58,1,0,1,18,2,76.37,2629.01,0
C104807,54,65,one-year,bank-transfer,yes,no,28.13,0,0,0,16,1,87.04,5728.06,0
C104808,32,28,month-to-month,electronic-check,yes,no,17.4,1,0,1,10,0,56.44,1622.05,0
C104809,56,58,one-year,bank-transfer,no,no,12.93,0,2,1,27,0,33.46,1927.3,0
C104810,56,14,one-year,credit-card,yes,no,37.45,0,1,0,13,0,63.06,988.25,0
C104811,40,18,month-to-month,credit-card,yes,yes,38.13,1,1,2,17,0,71.49,1358.81,0
C104812,21,38,month-to-month,credit-card,no,no,31.23,2,0,1,10,0,70.57,2693.94,0
C104813,66,40,two-year,mailed-check,yes,no,15.42,0,0,1,11,1,57.76,2390.01,0
C104814,44,54,month-to-month,mailed-check,no,no,31.55,0,0,2,19,1,59.63,3255.3,0
C104815,35,21,month-to-month,mailed-check,yes,yes,6.59,0,1,1,13,2,79.74,1707.7,1
C104816,50,63,one-year,electronic-check,no,no,33.71,1,0,1,13,2,76.42,4887.32,1
C104817,47,24,month-to-month,credit-card,yes,yes,12.27,0,1,0,11,1,73.6,1900.93,0
C104818,55,38,one-year,bank-transfer,yes,yes,11.55,0,0,3,7,0,48.81,1902.64,1
C104819,31,68,month-to-month,bank-transfer,yes,no,59.11,0,1,0,29,1,69.0,4739.2,1
C104820,43,39,month-to-month,electronic-check,no,no,1.87,0,0,0,9,1,57.67,2331.37,0
C104821,25,49,month-to-month,electronic-check,yes,no,20.15,0,0,0,11,0,53.64,2654.63,0
C104822,47,66,two-year,credit-card,yes,no,7.21,2,0,0,17,1,53.4,3631.95,0
C104823,39,71,one-year,electronic-check,yes,no,25.58,1,0,0,14,3,76.6,5512.13,1
C104824,42,36,two-year,electronic-check,yes,no,13.34,1,0,0,13,0,38.59,1451.06,1
C104825,37,30,month-to-month,bank-transfer,no,no,7.68,1,0,1,17,0,36.62,1075.62,1
C104826,36,14,one-year,bank-transfer,no,yes,17.58,1,0,0,10,0,44.77,672.6,0
C104827,29,39,month-to-month,electronic-check,no,no,10.83,1,2,0,18,0,60.72,2390.44,0
C104828,48,67,one-year,electronic-check,yes,no,11.21,1,0,0,17,1,66.54,4514.08,0
C104829,57,35,month-to-month,credit-card,yes,no,34.51,0,1,2,9,0,67.07,2421.91,0
C104830,32,25,one-year,credit-card,yes,no,6.26,0,2,3,6,2,73.51,1895.48,0
C104831,46,7,month-to-month,mailed-check,yes,no,2.56,1,0,0,20,3,60.6,467.97,0
C104832,44,28,month-to-month,credit-card,yes,no,26.63,0,0,2,14,3,88.15,2605.32,0
C104833,39,17,one-year,electronic-check,no,no,20.0,1,1,0,12,1,65.27,1095.58,0
C104834,21,71,month-to-month,bank-transfer,no,no,12.91,0,0,0,7,0,54.1,3921.79,0
C104835,23,38,month-to-month,bank-transfer,yes,no,34.27,0,0,1,13,2,65.7,2554.06,0
C104836,30,10,two-year,credit-card,no,no,62.45,0,0,2,23,2,70.62,753.4,0
C104837,18,4,month-to-month,credit-card,no,no,22.04,1,0,0,11,0,64.4,302.78,0
C104838,56,62,one-year,electronic-check,no,no,22.41,0,0,0,11,1,55.26,3490.5,0
C104839,43,67,two-year,electronic-check,no,no,8.68,1,1,1,13,0,33.46,2292.83,0
C104840,39,55,one-year,credit-card,yes,no,6.58,0,0,0,14,1,65.92,3669.78,0
C104841,18,9,month-to-month,electronic-check,yes,yes,20.58,0,0,0,16,2,65.01,659.4,0
C104842,18,7,one-year,bank-transfer,no,yes,4.67,3,0,2,16,0,64.14,442.34,1
C104843,39,14,month-to-month,mailed-check,no,no,3.9,1,0,0,11,0,51.17,801.17,0
C104844,63,54,month-to-month,electronic-check,yes,no,29.57,1,0,0,14,1,52.95,2919.94,0
C104845,31,55,one-year,bank-transfer,yes,no,6.63,0,0,0,9,0,57.08,3145.55,0
C104846,49,61,two-year,mailed-check,no,no,30.42,1,0,0,15,1,65.34,4090.12,0
C104847,33,7,month-to-month,credit-card,yes,no,48.04,0,0,0,20,3,82.61,673.31,1
C104848,40,11,month-to-month,electronic-check,yes,no,28.03,0,0,0,12,0,43.67,531.18,0
C104849,54,65,one-year,electronic-check,yes,yes,5.6,0,1,0,17,0,69.77,4575.45,1
C104850,35,67,month-to-month,electronic-check,yes,no,76.85,1,0,1,12,1,60.5,4072.19,0
C104851,31,52,one-year,electronic-check,yes,no,23.49,0,1,1,10,1,81.16,4273.32,0
C104852,56,7,month-to-month,bank-transfer,yes,no,22.06,1,0,0,19,0,35.68,383.56,0
C104853,40,5,month-to-month,mailed-check,no,no,19.63,1,0,0,9,2,84.63,494.31,1
C104854,52,4,one-year,electronic-check,yes,yes,,1,0,2,11,0,61.72,331.93,0
C104855,31,50,two-year,credit-card,no,no,9.31,1,0,0,18,0,51.92,2674.36,0
C104856,56,61,month-to-month,electronic-check,yes,no,1.88,1,1,1,14,2,54.0,3409.94,1
C104857,42,46,two-year,mailed-check,no,no,7.15,1,0,1,11,2,69.15,3266.82,1
C104858,44,19,month-to-month,credit-card,yes,no,18.22,0,1,0,12,1,39.54,747.52,0
C104859,41,55,month-to-month,bank-transfer,no,no,29.32,1,1,0,10,0,51.21,2853.93,0
C104860,33,4,month-to-month,electronic-check,yes,no,10.21,0,0,1,17,3,83.23,389.36,0
C104861,39,60,month-to-month,credit-card,yes,no,26.84,0,1,1,9,0,54.15,3318.62,0
C104862,34,65,one-year,mailed-check,yes,no,17.19,0,0,1,15,1,63.53,4221.07,0
C104863,51,52,month-to-month,electronic-check,yes,no,20.43,0,1,1,10,3,91.21,4862.51,1
C104864,37,64,month-to-month,electronic-check,no,no,39.89,0,1,2,13,2,77.97,5097.75,0
C104865,21,42,month-to-month,credit-card,yes,no,26.98,2,1,1,13,1,87.19,3826.59,1
C104866,19,34,two-year,electronic-check,no,no,30.97,0,1,0,18,1,59.24,2109.15,0
C104867,18,23,two-year,credit-card,yes,no,81.93,0,0,0,27,0,72.04,,0
C104868,46,67,month-to-month,electronic-check,yes,no,10.32,2,0,0,16,2,67.56,4570.49,0
C104869,25,50,month-to-month,electronic-check,no,no,37.67,1,1,1,18,3,88.62,4580.42,0
C104870,43,13,two-year,credit-card,yes,yes,30.51,1,0,1,11,2,59.57,818.85,0
C104871,41,69,month-to-month,credit-card,no,no,30.43,1,0,1,16,1,66.57,4669.45,0
C104872,38,4,two-year,electronic-check,yes,no,24.67,0,0,1,19,3,94.28,452.14,1
C104873,44,42,one-year,electronic-check,yes,no,28.48,0,0,2,13,0,58.11,,0
C104874,41,13,two-year,bank-transfer,no,no,17.63,2,0,1,22,0,35.15,503.75,0
C104875,18,48,month-to-month,mailed-check,yes,no,22.34,0,0,2,14,2,83.58,4137.63,1
C104876,35,30,month-to-month,mailed-check,no,no,43.74,2,1,0,20,3,80.42,2485.94,1
C104877,44,31,month-to-month,electronic-check,yes,no,13.8,1,0,0,20,3,75.52,2339.77,0
C104878,59,49,month-to-month,credit-card,no,no,15.06,0,0,0,12,1,82.83,4135.32,0
C104879,59,55,month-to-month,electronic-check,yes,no,29.12,0,0,1,18,3,70.57,3943.45,0
C104880,23,27,two-year,electronic-check,yes,no,27.31,1,0,0,18,1,72.46,2028.46,1
C104881,35,72,month-to-month,electronic-check,yes,no,17.11,0,0,0,13,2,84.09,6118.83,0
C104882,20,36,month-to-month,electronic-check,no,no,29.7,0,1,2,16,1,59.97,2164.52,0
C104883,57,11,month-to-month,mailed-check,no,no,29.49,0,1,1,12,0,56.77,653.29,0
C104884,51,0,month-to-month,electronic-check,no,no,74.27,1,0,0,22,0,49.91,16.29,0
C104885,43,14,month-to-month,bank-transfer,no,no,89.58,1,0,2,22,1,40.33,633.1,0
C104886,41,50,month-to-month,mailed-check,no,no,98.88,0,0,2,18,2,68.73,3506.39,0
C104887,56,39,one-year,electronic-check,no,yes,29.27,0,0,0,10,1,47.22,1914.89,0
C104888,54,24,two-year,credit-card,yes,no,40.23,0,0,0,19,1,45.05,1114.18,0
C104889,53,35,month-to-month,mailed-check,yes,no,28.79,0,0,0,11,1,60.53,2159.35,1
C104890,44,61,one-year,electronic-check,no,yes,20.69,0,0,2,11,1,91.72,5673.79,0
C104891,35,41,month-to-month,electronic-check,yes,no,30.68,1,0,2,16,3,62.76,2607.67,0
C104892,48,4,month-to-month,bank-transfer,no,no,20.4,1,0,3,18,0,62.3,331.67,0
C104893,49,3,two-year,credit-card,yes,no,23.33,0,0,1,19,1,41.95,103.79,0
C104894,37,35,two-year,bank-transfer,yes,no,21.86,1,0,2,20,0,59.8,2142.06,1
C104895,35,29,month-to-month,credit-card,no,no,22.08,2,1,0,15,1,72.83,2171.43,0
C104896,53,62,month-to-month,electronic-check,yes,yes,13.98,0,1,0,16,1,51.36,3225.99,0
C104897,59,42,month-to-month,credit-card,no,yes,37.81,0,0,1,18,0,49.4,2138.79,0
C104898,30,55,month-to-month,electronic-check,no,no,30.09,0,0,1,18,0,45.54,2488.83,0
C104899,36,42,one-year,electronic-check,yes,no,13.58,0,0,2,12,2,74.62,3222.72,1
C104900,43,25,month-to-month,mailed-check,no,no,21.44,1,0,1,15,0,59.67,1557.15,0
C104901,45,47,two-year,electronic-check,yes,no,9.84,0,0,0,10,3,77.51,3735.65,1
C104902,33,45,one-year,mailed-check,yes,no,25.98,0,1,0,13,0,54.59,2528.24,0
C104903,62,52,month-to-month,electronic-check,no,no,43.52,0,1,2,16,3,60.05,3174.63,0
C104904,44,13,two-year,bank-transfer,yes,no,17.87,1,0,0,18,1,48.64,686.08,0
C104905,45,46,one-year,bank-transfer,yes,no,37.28,1,0,0,12,2,60.31,2882.3,0
C104906,60,20,month-to-month,bank-transfer,yes,no,22.18,1,1,2,21,0,45.9,902.66,0
C104907,34,57,month-to-month,mailed-check,no,no,18.47,0,0,0,17,0,48.97,2891.36,1
C104908,38,58,two-year,electronic-check,no,no,12.93,1,0,0,15,1,54.27,3279.15,0
C104909,24,45,two-year,credit-card,yes,no,19.88,0,1,1,12,3,77.56,3598.43,0
C104910,37,69,month-to-month,mailed-check,yes,yes,38.04,0,0,0,12,3,56.56,3951.76,0
C104911,21,39,one-year,mailed-check,no,no,28.4,1,0,0,15,2,86.42,3457.31,1
C104912,48,1,two-year,electronic-check,yes,no,11.18,4,0,0,14,2,76.61,189.51,0
C104913,44,44,two-year,electronic-check,yes,no,31.04,0,0,0,16,3,87.32,3957.16,0
C104914,36,56,month-to-month,mailed-check,yes,no,25.28,3,0,0,12,2,73.55,4205.73,0
C104915,38,7,month-to-month,bank-transfer,no,no,9.96,0,0,1,12,1,59.06,437.08,1
C104916,48,7,two-year,credit-card,yes,no,7.82,1,1,0,12,0,50.91,459.15,0
C104917,25,19,month-to-month,credit-card,yes,yes,7.51,1,0,2,9,1,66.34,1350.09,0
C104918,41,61,month-to-month,mailed-check,yes,yes,39.7,1,0,0,18,3,84.32,5243.86,0
C104919,47,38,one-year,mailed-check,yes,yes,10.11,2,1,2,13,0,58.84,2332.32,0
C104920,18,71,month-to-month,bank-transfer,no,no,18.78,0,1,0,11,3,90.27,6495.97,1
C104921,47,63,one-year,electronic-check,no,no,29.59,0,0,2,13,3,71.63,4598.04,0
C104922,19,40,month-to-month,mailed-check,no,no,28.49,0,2,1,15,0,37.25,1509.53,0
C104923,38,49,one-year,bank-transfer,yes,no,28.5,1,1,1,18,0,73.07,3646.61,0
C104924,25,24,month-to-month,electronic-check,yes,no,9.1,1,0,2,14,1,69.06,1748.05,0
C104925,56,6,two-year,electronic-check,yes,no,29.94,1,1,0,14,0,72.1,508.1,0
C104926,25,29,month-to-month,mailed-check,yes,no,18.19,1,1,0,20,2,64.34,1936.62,0
C104927,19,43,month-to-month,bank-transfer,no,no,23.73,2,1,2,13,1,67.93,2982.12,1
C104928,41,13,two-year,electronic-check,yes,no,22.94,1,1,1,22,0,48.95,621.82,1
C104929,34,16,one-year,electronic-check,no,no,20.56,1,0,0,14,0,64.06,1134.54,0
C104930,21,1,month-to-month,electronic-check,yes,no,42.62,1,0,0,17,2,91.42,154.53,0
C104931,45,53,month-to-month,credit-card,yes,no,38.96,0,0,1,21,3,106.23,5767.97,0
C104932,18,65,one-year,credit-card,yes,yes,110.34,1,0,0,18,0,62.03,4094.71,0
C104933,27,60,two-year,credit-card,yes,no,54.51,2,0,1,6,0,67.09,4108.08,0
C104934,32,27,month-to-month,credit-card,yes,no,5.64,0,0,2,15,2,79.39,2215.76,1
C104935,49,43,two-year,electronic-check,yes,no,21.99,0,1,1,25,3,92.45,4055.06,1
C104936,55,70,month-to-month,electronic-check,no,no,51.71,3,1,1,18,3,82.75,5841.9,1
C104937,52,43,one-year,mailed-check,yes,no,20.11,0,0,0,12,2,64.64,2889.99,0
C104938,37,21,month-to-month,mailed-check,yes,no,17.15,2,1,0,11,1,45.36,1024.57,1
C104939,18,24,month-to-month,bank-transfer,yes,no,8.84,0,0,1,17,0,60.7,1534.43,0
C104940,44,53,two-year,electronic-check,yes,yes,8.09,0,0,2,10,0,42.32,2312.44,0
C104941,57,32,month-to-month,credit-card,no,no,36.89,1,0,1,12,0,47.03,1567.63,0
C104942,54,61,two-year,electronic-check,yes,no,24.08,0,1,1,15,1,59.66,3659.49,1
C104943,45,63,month-to-month,bank-transfer,no,no,2.87,1,1,0,16,0,73.21,4707.23,0
C104944,25,2,month-to-month,credit-card,no,yes,44.47,0,1,0,13,3,89.53,254.48,0
C104945,33,52,two-year,mailed-check,yes,no,48.45,2,0,1,15,1,58.97,3144.16,0
C104946,62,27,one-year,bank-transfer,yes,no,19.0,2,0,0,14,2,53.74,1482.83,0
C104947,22,37,month-to-month,bank-transfer,yes,no,22.28,0,0,1,13,3,83.31,3093.45,0
C104948,25,19,one-year,credit-card,yes,no,55.52,0,1,0,13,1,70.91,1402.65,0
C104949,50,26,month-to-month,credit-card,yes,no,18.43,1,1,0,11,0,42.08,1119.95,0
C104950,34,24,two-year,mailed-check,yes,yes,4.65,1,0,1,21,0,56.88,1471.53,0
C104951,25,3,month-to-month,mailed-check,no,no,37.08,0,2,0,14,2,56.16,251.49,1
C104952,57,57,month-to-month,credit-card,yes,no,47.35,0,0,0,13,0,44.91,2709.55,0
C104953,45,10,month-to-month,bank-transfer,yes,no,24.9,0,0,0,7,1,84.14,929.27,0
C104954,34,27,one-year,bank-transfer,no,yes,10.08,0,0,0,17,1,53.21,1486.62,0
C104955,25,14,two-year,mailed-check,yes,no,51.56,0,1,0,13,1,62.98,940.41,0
C104956,64,11,two-year,electronic-check,yes,no,16.4,1,0,1,14,3,93.17,1119.09,1
C104957,39,27,month-to-month,mailed-check,yes,no,11.63,1,1,0,8,0,77.5,2174.97,0
C104958,56,67,month-to-month,credit-card,yes,yes,24.62,2,1,2,11,1,82.88,5613.31,1
C104959,50,68,month-to-month,electronic-check,yes,no,18.79,0,0,0,19,0,63.9,4403.12,0
C104960,33,27,two-year,electronic-check,yes,no,34.9,1,0,0,11,0,44.14,1216.35,0
C104961,33,36,month-to-month,electronic-check,no,no,81.17,1,0,0,16,1,55.82,2066.99,0
C104962,56,71,one-year,mailed-check,yes,yes,11.07,2,1,0,14,1,61.11,4461.22,0
C104963,57,17,month-to-month,electronic-check,no,yes,38.77,1,0,1,18,0,86.53,1600.38,0
C104964,18,68,two-year,bank-transfer,yes,no,18.22,0,0,0,19,1,72.14,5087.03,0
C104965,46,7,month-to-month,electronic-check,yes,no,34.75,0,0,1,24,3,85.27,688.98,0
C104966,38,16,month-to-month,electronic-check,yes,no,25.29,0,0,0,17,0,58.73,1045.79,0
C104967,27,24,two-year,electronic-check,yes,no,15.78,1,0,1,18,0,72.25,1798.86,0
C104968,42,2,two-year,electronic-check,yes,no,39.54,0,0,2,15,1,59.86,200.38,0
C104969,23,59,one-year,credit-card,yes,yes,17.1,1,0,0,9,2,68.4,4097.95,1
C104970,33,62,one-year,credit-card,yes,no,11.88,0,0,0,9,1,61.7,3966.0,0
C104971,29,27,one-year,bank-transfer,yes,no,37.77,1,0,3,11,1,56.08,1570.02,0
C104972,33,61,month-to-month,credit-card,yes,no,11.82,2,2,1,16,0,52.65,3244.64,0
C104973,38,56,month-to-month,electronic-check,yes,no,36.67,0,1,1,17,0,61.35,3508.81,0
C104974,27,58,one-year,credit-card,yes,no,23.38,0,0,4,19,3,93.28,5488.9,0
C104975,58,58,one-year,mailed-check,yes,no,24.45,1,0,0,21,0,73.15,4391.0,0
C104976,45,41,month-to-month,bank-transfer,yes,no,10.7,0,0,0,14,1,53.86,2276.56,0
C104977,61,8,month-to-month,bank-transfer,yes,yes,25.28,0,0,0,10,1,67.87,685.94,1
C104978,37,67,one-year,electronic-check,yes,no,16.21,0,0,1,15,2,61.95,4223.43,1
C104979,32,44,month-to-month,electronic-check,no,no,57.14,0,1,0,11,0,57.45,2596.29,1
C104980,60,65,one-year,electronic-check,no,no,7.92,0,0,0,11,1,45.23,2997.02,0
C104981,32,70,one-year,mailed-check,yes,no,45.47,1,0,2,15,1,70.76,5035.94,0
C104982,37,13,month-to-month,mailed-check,yes,no,47.86,1,0,0,12,2,101.02,1440.1,1
C104983,48,29,month-to-month,credit-card,no,no,30.75,2,0,0,17,3,88.6,2678.1,0
C104984,24,14,month-to-month,electronic-check,yes,no,55.2,1,0,1,18,1,61.23,894.97,1
C104985,48,3,month-to-month,bank-transfer,yes,no,19.01,1,0,0,17,1,74.16,300.9,0
C104986,46,70,one-year,mailed-check,no,yes,20.83,0,1,1,8,0,38.36,2716.56,0
C104987,54,67,one-year,electronic-check,yes,no,32.14,1,1,1,16,1,68.55,4647.26,0
C104988,50,68,two-year,electronic-check,yes,no,19.49,0,1,0,12,2,100.62,6890.17,1
C104989,55,64,month-to-month,mailed-check,yes,no,3.4,0,1,0,12,3,83.87,5407.22,0
C104990,38,47,one-year,mailed-check,yes,yes,8.04,0,0,1,14,0,52.2,2496.04,0
C104991,29,38,month-to-month,electronic-check,yes,no,8.76,2,1,0,13,0,51.42,1997.09,1
C104992,64,72,two-year,electronic-check,yes,no,38.14,0,0,2,14,2,77.52,5711.51,0
C104993,21,40,month-to-month,electronic-check,no,no,22.33,0,1,0,16,0,55.68,2264.93,1
C104994,22,46,one-year,credit-card,yes,no,36.15,1,0,0,16,1,61.16,2824.33,1
C104995,46,15,month-to-month,credit-card,yes,no,39.92,0,0,1,10,0,55.4,843.83,1
C104996,58,54,month-to-month,electronic-check,yes,no,19.18,0,0,0,17,3,61.9,3403.02,0
C104997,41,59,two-year,bank-transfer,no,no,27.53,0,0,1,12,2,72.3,4367.85,0
C104998,51,49,month-to-month,credit-card,yes,no,7.76,2,0,1,15,1,76.75,3873.54,1
C104999,18,36,month-to-month,electronic-check,yes,no,13.98,0,0,0,16,0,63.98,2362.75,0
C105000,33,14,one-year,electronic-check,yes,yes,18.56,1,0,0,14,1,58.92,954.26,0
C105001,18,2,month-to-month,electronic-check,yes,no,22.82,1,0,2,16,0,60.5,165.01,0
C105002,48,45,month-to-month,electronic-check,yes,yes,6.61,0,0,1,18,0,60.11,2724.65,0
C105003,20,49,month-to-month,credit-card,yes,no,18.73,1,1,0,9,1,64.51,3212.09,0
C105004,24,56,month-to-month,credit-card,no,no,11.92,0,0,2,13,0,69.33,3912.42,0
C105005,45,69,two-year,mailed-check,yes,no,76.19,1,0,1,14,0,69.44,4847.68,0
C105006,52,36,one-year,electronic-check,yes,no,23.82,0,0,1,20,1,80.0,2952.25,0
C105007,37,60,month-to-month,credit-card,no,no,35.99,1,0,1,15,3,95.29,5870.2,1
C105008,46,52,month-to-month,electronic-check,yes,yes,36.03,0,0,0,15,2,56.21,2944.86,0
C105009,45,20,two-year,electronic-check,yes,no,25.02,0,0,0,12,1,34.41,794.88,0
C105010,36,61,two-year,electronic-check,yes,no,29.81,1,1,0,18,0,50.71,3156.98,0
C105011,26,3,month-to-month,credit-card,yes,no,27.91,2,1,2,13,0,46.34,254.04,1
C105012,46,43,one-year,bank-transfer,yes,no,27.93,2,0,0,14,2,70.81,3147.53,1
C105013,46,68,month-to-month,bank-transfer,no,no,51.9,1,0,3,12,0,44.05,3021.25,0
C105014,50,48,month-to-month,bank-transfer,yes,yes,23.21,1,0,1,18,1,47.5,2317.06,1
C105015,43,68,two-year,electronic-check,yes,no,11.5,0,1,2,15,3,61.85,4263.67,0
C105016,25,4,two-year,mailed-check,yes,no,36.87,1,0,1,21,1,49.25,234.79,0
C105017,47,38,month-to-month,credit-card,yes,no,9.58,1,1,0,20,3,64.49,2571.93,0
C105018,39,56,two-year,credit-card,no,no,20.68,1,2,1,19,2,66.77,3793.91,1
C105019,33,46,one-year,mailed-check,yes,no,15.71,1,1,2,16,2,78.05,3603.41,0
C105020,35,64,one-year,electronic-check,yes,no,19.25,0,0,1,15,1,64.69,4197.33,1
C105021,31,33,one-year,credit-card,yes,no,31.39,2,0,0,17,0,37.39,1263.96,0
C105022,50,49,month-to-month,mailed-check,no,no,29.66,2,0,2,9,0,53.12,2647.79,1
C105023,22,30,two-year,electronic-check,yes,no,19.35,1,1,0,11,0,61.62,1913.22,1
C105024,27,63,month-to-month,electronic-check,yes,yes,14.29,0,0,1,12,2,44.68,2869.52,0
C105025,35,8,month-to-month,electronic-check,no,no,41.01,2,0,2,18,1,79.49,769.32,0
C105026,58,18,month-to-month,bank-transfer,yes,no,32.66,0,0,2,18,1,67.15,1295.38,0
C105027,52,7,two-year,bank-transfer,yes,no,6.51,0,0,0,13,0,71.96,501.67,0
C105028,19,51,month-to-month,electronic-check,no,no,7.28,3,0,0,8,0,60.92,3129.11,1
C105029,55,16,month-to-month,electronic-check,no,no,15.59,1,0,0,9,2,65.13,1095.5,0
C105030,55,23,one-year,mailed-check,no,no,4.43,0,1,0,20,0,54.3,1327.55,0
C105031,25,61,month-to-month,mailed-check,no,no,8.27,2,0,2,15,0,49.48,3079.76,0
C105032,18,26,month-to-month,electronic-check,yes,no,25.59,2,0,1,17,1,74.08,1963.68,1
C105033,38,10,month-to-month,electronic-check,no,no,29.51,0,2,1,9,2,64.76,735.17,0
C105034,52,1,one-year,credit-card,no,no,20.23,0,0,0,12,0,60.07,141.43,0
C105035,58,16,month-to-month,credit-card,yes,yes,20.24,0,0,3,17,0,69.78,1224.61,1
C105036,29,66,month-to-month,mailed-check,no,no,15.97,0,1,0,13,1,62.25,4153.98,0
C105037,60,40,month-to-month,bank-transfer,no,no,13.23,0,0,2,17,1,64.41,2666.21,0
C105038,18,72,two-year,credit-card,no,no,35.39,1,0,1,16,0,61.98,4534.32,0
C105039,35,15,one-year,electronic-check,yes,no,37.2,3,1,1,13,2,61.0,,0
C105040,34,25,month-to-month,credit-card,yes,no,19.71,0,1,0,13,0,29.97,808.69,1
C105041,53,11,two-year,mailed-check,no,yes,8.5,1,0,0,15,0,43.48,524.21,1
C105042,55,29,two-year,bank-transfer,no,no,13.28,0,1,0,18,1,55.01,1672.68,0
C105043,50,41,one-year,mailed-check,yes,no,21.14,2,0,1,15,3,82.38,3383.05,1
C105044,23,58,month-to-month,electronic-check,yes,no,19.67,0,0,1,17,1,54.37,3202.87,1
C105045,49,26,month-to-month,credit-card,yes,yes,33.14,1,1,1,15,0,47.59,1263.31,1
C105046,45,56,one-year,bank-transfer,yes,no,12.69,0,1,0,14,1,74.23,4272.97,0
C105047,19,45,month-to-month,electronic-check,yes,no,30.53,1,1,2,22,1,72.64,3332.49,0
C105048,18,21,month-to-month,bank-transfer,no,no,21.6,2,0,0,14,0,70.65,1556.21,0
C105049,51,66,month-to-month,credit-card,yes,no,74.33,0,1,1,17,0,58.13,3887.71,0
C105050,37,31,month-to-month,credit-card,no,yes,20.8,1,0,0,11,1,45.85,1480.85,0
C105051,24,11,one-year,bank-transfer,yes,no,13.8,0,0,0,14,3,114.06,1369.91,1
C105052,37,70,month-to-month,electronic-check,yes,no,50.38,1,0,1,14,2,89.01,6300.82,1
C105053,43,66,one-year,electronic-check,yes,no,19.73,1,1,0,12,2,66.81,4494.04,0
C105054,38,3,two-year,electronic-check,yes,no,29.48,1,1,1,14,0,67.1,268.21,1
C105055,20,65,month-to-month,credit-card,no,no,5.07,0,1,0,13,1,66.36,4364.99,1
C105056,62,69,month-to-month,credit-card,yes,no,43.35,2,0,1,13,0,72.2,5040.43,0
C105057,51,60,month-to-month,credit-card,no,yes,13.28,0,0,0,13,1,68.39,4201.4,0
C105058,35,18,month-to-month,electronic-check,yes,yes,9.33,0,0,0,15,2,66.06,1267.6,0
C105059,35,46,two-year,credit-card,no,no,38.29,0,0,1,17,0,60.57,2800.03,0
C105060,43,39,one-year,credit-card,yes,no,12.3,1,1,1,16,2,86.75,3468.74,0
C105061,25,45,two-year,bank-transfer,yes,no,10.87,0,0,2,16,2,60.51,2837.51,0
C105062,43,45,two-year,credit-card,yes,no,8.22,0,2,1,9,1,65.24,2978.4,0
C105063,23,46,month-to-month,mailed-check,yes,no,15.61,1,0,0,11,2,59.4,2797.13,1
C105064,38,37,one-year,electronic-check,yes,yes,12.29,0,3,1,15,0,61.5,2304.04,0
C105065,25,50,month-to-month,electronic-check,no,no,35.19,0,0,2,14,3,82.39,4188.29,1
C105066,26,38,month-to-month,electronic-check,no,no,13.0,2,0,0,11,1,68.91,2681.28,1
C105067,59,1,month-to-month,electronic-check,yes,no,14.85,0,0,0,13,1,79.22,179.92,0
C105068,40,2,month-to-month,bank-transfer,yes,no,13.97,2,0,0,13,2,62.44,169.03,1
C105069,41,69,one-year,electronic-check,yes,yes,31.32,0,1,0,14,2,74.27,5252.88,0
C105070,18,66,one-year,electronic-check,no,no,37.23,0,0,1,13,2,80.16,5335.7,0
C105071,32,42,month-to-month,electronic-check,no,no,21.4,3,0,1,14,1,52.23,2256.53,0
C105072,45,12,month-to-month,bank-transfer,yes,no,20.69,0,0,2,25,2,56.55,683.11,0
C105073,41,57,one-year,credit-card,yes,no,23.4,0,0,3,20,2,96.84,5621.32,1
C105074,18,10,one-year,mailed-check,yes,no,24.75,1,0,1,18,1,59.82,696.09,0
C105075,41,27,one-year,credit-card,yes,no,33.18,0,1,1,11,1,57.44,1620.14,1
C105076,43,24,month-to-month,credit-card,yes,no,31.83,2,0,0,17,1,60.8,1477.73,0
C105077,54,0,month-to-month,bank-transfer,yes,yes,0.72,0,1,4,14,2,72.7,143.81,0
C105078,31,58,one-year,bank-transfer,no,yes,10.26,1,1,0,17,2,64.19,3824.02,0
C105079,18,37,one-year,bank-transfer,yes,no,3.63,2,0,0,15,0,45.83,1729.9,0
C105080,27,23,month-to-month,credit-card,no,no,25.96,0,1,0,9,1,70.38,1692.92,0
C105081,26,37,month-to-month,electronic-check,no,no,7.87,2,0,1,9,1,70.24,2675.08,1
C105082,48,0,month-to-month,credit-card,yes,no,29.01,0,0,1,14,0,62.22,8.15,0
C105083,18,31,one-year,mailed-check,yes,no,24.57,1,0,0,18,0,49.0,1542.48,0
C105084,34,37,month-to-month,electronic-check,yes,no,20.66,1,1,1,15,1,51.68,1964.46,0
C105085,56,24,one-year,bank-transfer,no,no,17.93,0,2,2,13,0,44.47,1160.44,0
C105086,39,60,two-year,credit-card,yes,no,36.63,0,0,0,11,0,61.15,3707.04,0
C105087,50,18,month-to-month,credit-card,no,no,30.43,1,0,1,9,1,74.9,1416.01,0
C105088,19,10,month-to-month,credit-card,no,no,9.6,2,0,0,16,1,56.03,648.76,0
C105089,20,38,month-to-month,bank-transfer,yes,no,25.16,2,0,0,19,0,49.95,1971.52,1
C105090,56,64,month-to-month,mailed-check,yes,yes,22.84,2,0,2,15,2,64.5,4241.71,0
C105091,40,27,two-year,credit-card,yes,no,44.1,1,0,1,19,1,68.77,1951.31,1
C105092,40,3,two-year,electronic-check,yes,no,48.12,2,0,1,20,0,66.11,276.06,0
C105093,26,70,month-to-month,electronic-check,yes,no,21.86,2,0,1,13,0,48.2,3433.98,1
C105094,40,32,two-year,mailed-check,no,no,71.02,3,0,0,23,3,102.06,3413.77,0
C105095,25,12,month-to-month,bank-transfer,yes,no,12.33,0,0,0,18,1,53.34,671.56,0
C105096,53,44,one-year,bank-transfer,yes,no,6.23,1,0,2,11,2,64.27,2919.0,1
C105097,72,23,one-year,credit-card,no,no,51.38,1,1,1,8,3,79.17,1884.86,0
C105098,45,68,month-to-month,electronic-check,yes,no,11.07,1,0,0,11,0,57.52,,0
C105099,31,21,month-to-month,credit-card,yes,no,6.52,0,0,0,11,0,52.39,1160.72,0
C105100,18,40,one-year,bank-transfer,yes,yes,11.71,1,0,1,15,1,68.21,2796.84,0
C105101,19,39,month-to-month,credit-card,no,no,14.77,0,0,0,8,0,58.56,2322.79,0
C105102,58,17,two-year,electronic-check,yes,no,3.91,1,0,0,7,1,77.45,1388.7,0
C105103,27,36,month-to-month,bank-transfer,yes,no,17.22,0,1,1,13,0,56.88,2102.94,1
C105104,35,7,month-to-month,bank-transfer,no,yes,13.72,2,1,0,7,2,64.66,536.71,0
C105105,47,46,two-year,mailed-check,no,no,22.48,0,0,1,13,0,61.16,2874.97,0
C105106,57,55,month-to-month,electronic-check,yes,yes,2.13,0,0,0,16,2,57.97,3261.03,0
C105107,37,69,month-to-month,electronic-check,yes,yes,18.23,2,0,3,13,1,48.05,3376.43,0
C105108,34,23,month-to-month,electronic-check,no,yes,79.2,2,0,0,17,1,75.43,1790.48,0
C105109,40,20,month-to-month,mailed-check,yes,yes,39.66,1,0,1,12,0,50.9,1081.55,1
C105110,31,40,month-to-month,bank-transfer,no,no,7.03,0,1,2,15,2,71.14,2830.2,0
C105111,32,50,month-to-month,bank-transfer,yes,no,12.39,1,0,0,15,2,76.66,3977.47,0
C105112,44,72,month-to-month,bank-transfer,no,yes,15.24,0,0,1,13,1,62.16,4613.4,0
C105113,41,1,month-to-month,electronic-check,no,yes,50.25,3,0,0,24,0,69.44,146.0,0
C105114,65,17,two-year,electronic-check,yes,no,17.41,0,0,0,15,1,58.97,1039.83,0
C105115,44,19,two-year,bank-transfer,yes,no,15.47,1,0,0,15,2,92.62,1869.68,0
C105116,53,18,month-to-month,credit-card,yes,no,7.97,0,2,0,14,0,51.27,928.16,0
C105117,26,33,two-year,bank-transfer,no,no,15.56,1,0,0,13,2,79.78,2760.6,0
C105118,45,63,two-year,bank-transfer,no,no,17.0,0,0,1,11,2,72.96,4687.72,0
C105119,30,2,two-year,credit-card,no,no,23.84,1,0,0,10,3,73.91,197.33,0
C105120,44,59,one-year,credit-card,yes,no,11.25,0,2,0,13,1,62.02,3679.7,0
C105121,47,45,month-to-month,bank-transfer,no,no,8.09,1,0,0,9,0,56.78,2527.96,0
C105122,40,44,month-to-month,electronic-check,no,no,7.88,1,1,1,16,0,54.31,2459.85,0
C105123,68,49,two-year,electronic-check,yes,yes,40.41,1,0,1,8,2,69.5,3419.91,0
C105124,56,8,month-to-month,bank-transfer,no,no,44.62,0,1,0,13,1,84.87,749.92,0
C105125,53,54,two-year,mailed-check,yes,no,40.85,0,0,0,16,0,60.37,3319.15,0
C105126,48,18,one-year,electronic-check,no,no,15.69,0,0,0,21,2,46.67,868.24,0
C105127,60,37,month-to-month,electronic-check,no,no,39.43,1,1,0,17,2,73.75,2754.49,1
C105128,22,49,month-to-month,credit-card,yes,yes,35.84,1,0,0,25,0,63.23,3163.28,1
C105129,55,44,two-year,electronic-check,yes,no,28.39,0,0,0,10,1,42.53,1914.7,0
C105130,27,23,month-to-month,credit-card,no,no,16.67,0,0,0,15,2,58.89,1408.57,0
C105131,32,28,one-year,credit-card,yes,no,28.4,2,0,0,23,0,67.8,2026.23,0
C105132,46,34,two-year,bank-transfer,yes,yes,7.19,0,0,0,14,0,57.36,2073.96,0
C105133,54,3,month-to-month,electronic-check,yes,no,36.99,1,0,3,21,3,82.11,322.37,0
C105134,25,53,month-to-month,credit-card,yes,no,2.97,0,0,2,15,2,58.1,3167.15,1
C105135,33,7,month-to-month,bank-transfer,yes,no,16.77,0,0,2,18,2,66.19,513.23,1
C105136,40,33,two-year,electronic-check,yes,no,19.13,0,0,1,15,1,50.35,1659.66,1
C105137,37,47,month-to-month,bank-transfer,no,yes,16.13,1,2,0,19,3,50.59,2441.96,1
C105138,49,5,month-to-month,electronic-check,no,yes,37.48,0,1,3,12,1,35.4,163.54,1
C105139,80,72,month-to-month,bank-transfer,no,yes,7.37,1,0,1,16,1,89.58,6577.79,0
C105140,44,27,month-to-month,credit-card,yes,yes,9.92,1,0,0,12,0,46.85,1309.95,0
C105141,30,1,month-to-month,mailed-check,no,yes,22.58,0,1,0,18,0,59.75,108.61,1
C105142,23,48,month-to-month,credit-card,yes,no,5.61,1,0,0,17,1,75.72,3675.31,0
C105143,35,40,two-year,mailed-check,no,no,15.23,2,0,1,22,3,82.09,3365.45,0
C105144,28,46,month-to-month,credit-card,no,yes,53.19,0,0,1,20,1,67.08,3139.04,1
C105145,45,54,two-year,credit-card,yes,no,36.73,1,0,1,14,3,81.43,4422.5,0
C105146,44,34,two-year,electronic-check,no,no,59.22,2,1,0,14,0,83.12,2901.22,1
C105147,33,60,one-year,credit-card,no,no,20.99,0,0,1,20,0,56.93,3471.97,0
C105148,63,27,one-year,credit-card,yes,no,38.51,0,0,2,19,0,39.8,1130.97,0
C105149,30,39,month-to-month,mailed-check,no,no,39.97,0,0,1,15,1,51.92,2058.26,0
C105150,38,11,one-year,credit-card,no,no,5.78,0,0,1,19,1,53.22,634.71,0
C105151,47,45,month-to-month,electronic-check,yes,no,13.02,1,0,0,12,2,66.46,3041.0,0
C105152,50,19,month-to-month,electronic-check,yes,yes,16.11,0,0,0,10,1,49.0,963.4,1
C105153,54,50,one-year,electronic-check,no,no,80.29,0,0,2,29,0,52.62,2670.58,0
C105154,44,58,month-to-month,mailed-check,no,no,45.08,1,1,2,15,0,55.65,3292.57,0
C105155,52,62,month-to-month,electronic-check,yes,no,8.77,1,0,1,15,1,72.46,4552.81,1
C105156,31,67,one-year,electronic-check,yes,no,56.85,2,0,0,12,2,62.31,4225.82,0
C105157,50,8,month-to-month,credit-card,yes,no,14.94,1,0,2,12,0,62.9,600.59,0
C105158,50,10,month-to-month,mailed-check,yes,no,31.26,0,2,1,14,0,59.66,657.56,1
C105159,57,67,month-to-month,credit-card,yes,yes,16.89,1,1,1,11,2,85.36,5835.19,0
C105160,19,27,month-to-month,electronic-check,yes,no,3.2,0,0,2,15,1,37.67,999.8,0
C105161,28,1,month-to-month,electronic-check,no,no,57.31,0,0,1,18,1,43.39,143.7,1
C105162,49,20,month-to-month,credit-card,yes,no,41.28,1,0,1,11,0,39.0,829.62,0
C105163,18,61,month-to-month,electronic-check,no,no,18.21,1,0,1,15,0,72.16,4469.26,0
C105164,45,25,one-year,mailed-check,no,no,28.15,1,0,0,13,2,61.98,1637.52,0
C105165,52,5,two-year,credit-card,no,no,13.08,0,1,0,13,1,51.33,363.97,0
C105166,32,52,one-year,electronic-check,no,no,11.75,1,2,0,13,1,63.03,3310.55,0
C105167,34,14,month-to-month,mailed-check,no,no,41.13,3,2,0,17,2,99.97,1430.31,1
C105168,26,25,one-year,bank-transfer,yes,no,37.44,1,0,3,16,2,62.06,1621.23,0
C105169,33,0,two-year,electronic-check,yes,no,68.6,0,0,0,16,0,51.01,0.0,0
C105170,33,43,two-year,bank-transfer,yes,no,38.31,0,0,0,17,3,96.45,4208.47,0
C105171,31,32,month-to-month,mailed-check,yes,no,27.57,0,1,1,18,1,69.94,,0
C105172,30,63,month-to-month,electronic-check,yes,no,39.01,1,0,1,11,0,57.17,3620.12,1
C105173,36,24,month-to-month,mailed-check,yes,yes,30.0,0,0,1,13,1,60.0,1453.46,0
C105174,36,14,one-year,mailed-check,yes,no,31.84,0,1,1,15,1,69.49,1066.93,1
C105175,61,12,month-to-month,bank-transfer,yes,no,35.94,1,0,2,16,2,38.25,523.45,0
C105176,34,14,two-year,credit-card,yes,no,40.69,1,1,0,14,3,85.08,1324.4,0
C105177,43,32,month-to-month,bank-transfer,no,no,20.31,1,1,0,14,0,41.0,1301.55,0
C105178,32,6,one-year,mailed-check,yes,yes,2.64,1,0,0,16,2,93.56,643.53,0
C105179,32,29,month-to-month,credit-card,yes,no,21.13,1,0,1,15,1,72.49,2197.61,1
C105180,19,62,month-to-month,credit-card,yes,no,9.97,1,0,2,18,3,88.41,5554.36,1
C105181,20,56,month-to-month,electronic-check,yes,no,47.4,0,1,1,18,0,81.47,4691.44,1
C105182,25,46,one-year,electronic-check,no,no,54.34,1,1,1,15,2,108.83,5098.58,1
C105183,41,65,month-to-month,electronic-check,yes,no,10.6,1,1,0,12,3,74.0,4873.17,0
C105184,52,56,month-to-month,electronic-check,yes,no,16.71,1,0,2,12,1,65.64,3729.02,1
C105185,18,47,one-year,mailed-check,no,no,19.57,1,1,1,12,0,64.63,3143.07,1
C105186,32,63,two-year,electronic-check,yes,no,11.28,1,1,1,11,1,71.72,4603.58,0
C105187,23,9,one-year,credit-card,yes,no,29.95,0,0,0,18,0,28.01,266.88,1
C105188,36,59,one-year,mailed-check,yes,no,7.58,0,1,0,17,1,57.93,3447.27,0
C105189,52,21,month-to-month,electronic-check,yes,no,25.94,1,0,1,23,1,52.58,1160.97,0
C105190,34,53,two-year,credit-card,yes,no,37.11,2,0,0,19,0,61.9,3355.59,1
C105191,38,66,month-to-month,mailed-check,no,no,32.38,2,0,0,9,3,85.58,5742.39,1
C105192,56,36,two-year,electronic-check,yes,no,30.73,3,1,3,12,1,64.35,2381.27,1
C105193,44,6,two-year,electronic-check,yes,no,12.44,1,1,2,17,2,59.97,430.08,0
C105194,30,27,month-to-month,bank-transfer,yes,no,52.69,0,0,0,18,0,51.35,1415.6,0
C105195,41,29,month-to-month,mailed-check,yes,no,44.45,0,3,1,16,0,79.48,2390.4,0
C105196,29,68,one-year,bank-transfer,yes,no,16.39,1,0,2,9,3,58.06,4000.79,1
C105197,44,68,one-year,credit-card,no,no,34.76,1,0,1,18,1,97.45,6687.43,0
C105198,45,41,one-year,bank-transfer,no,no,14.49,1,0,2,10,1,88.44,3715.67,1
C105199,23,69,two-year,credit-card,no,no,35.2,0,0,1,12,2,67.35,4715.52,1
C105200,41,31,month-to-month,bank-transfer,yes,no,7.91,1,0,1,20,0,63.0,1971.16,1
C105201,38,30,month-to-month,bank-transfer,yes,no,42.38,2,0,0,19,2,73.72,2317.61,1
C105202,46,61,one-year,electronic-check,yes,no,15.14,0,0,1,8,0,53.68,3312.24,0
C105203,49,48,month-to-month,mailed-check,yes,no,10.4,1,1,1,12,0,49.96,2449.6,1
C105204,45,38,one-year,mailed-check,yes,no,9.17,0,1,3,9,3,72.37,2796.04,1
C105205,35,33,two-year,mailed-check,yes,yes,26.85,0,0,0,17,0,64.93,2201.56,0
C105206,50,51,month-to-month,mailed-check,no,yes,4.29,1,0,1,11,2,59.24,3155.86,1
C105207,29,55,two-year,bank-transfer,no,no,32.5,0,0,1,19,1,66.07,3716.49,0
C105208,23,35,two-year,mailed-check,yes,yes,18.97,1,0,0,20,0,51.1,1830.75,1
C105209,18,2,month-to-month,bank-transfer,yes,no,37.28,1,0,0,9,1,89.66,227.46,0
C105210,38,7,two-year,mailed-check,yes,no,3.48,0,2,1,16,0,68.06,531.59,0
C105211,29,10,one-year,credit-card,no,no,23.32,1,0,0,17,0,47.33,503.79,0
C105212,44,33,month-to-month,mailed-check,yes,no,18.64,2,1,1,8,0,71.57,2447.15,1
C105213,18,44,month-to-month,bank-transfer,no,no,11.39,0,0,1,19,1,66.59,2973.11,1
C105214,31,58,month-to-month,bank-transfer,yes,no,9.78,0,0,1,9,1,77.07,4573.09,0
C105215,45,16,one-year,mailed-check,no,yes,34.08,1,0,0,13,0,68.3,1153.25,0
C105216,27,57,month-to-month,credit-card,no,no,8.06,2,0,1,10,0,38.08,2158.21,0
C105217,44,48,month-to-month,credit-card,yes,no,22.19,2,1,0,23,1,74.08,3667.25,1
C105218,32,3,two-year,bank-transfer,no,no,6.15,2,1,3,15,1,64.98,246.37,0
C105219,39,25,one-year,credit-card,no,no,4.93,0,0,1,23,2,93.49,2403.12,0
C105220,46,22,one-year,mailed-check,yes,yes,21.09,0,1,1,15,0,44.97,1032.3,0
C105221,50,64,two-year,credit-card,yes,no,25.57,2,1,1,14,0,65.02,4240.03,0
C105222,40,67,month-to-month,credit-card,yes,no,11.51,0,0,1,18,1,48.07,3249.98,0
C105223,29,59,month-to-month,bank-transfer,yes,yes,30.67,1,0,1,16,1,95.82,5771.63,1
C105224,34,38,one-year,credit-card,no,no,44.43,2,2,1,16,0,64.49,2482.98,0
C105225,47,35,month-to-month,bank-transfer,yes,yes,34.87,1,1,3,18,0,50.71,1865.99,0
C105226,27,22,month-to-month,mailed-check,no,no,21.15,1,1,0,15,2,88.99,1990.62,0
C105227,37,56,one-year,bank-transfer,yes,yes,42.5,3,0,0,15,0,78.71,4467.13,0
C105228,34,6,month-to-month,mailed-check,yes,no,23.92,0,0,2,17,1,69.16,521.03,1
C105229,38,19,month-to-month,bank-transfer,yes,no,10.22,2,1,1,8,2,69.8,1376.26,0
C105230,27,9,one-year,electronic-check,no,no,32.66,1,1,0,13,1,54.77,533.62,0
C105231,18,36,one-year,bank-transfer,yes,no,39.54,1,0,0,20,1,52.35,1882.59,1
C105232,45,21,month-to-month,mailed-check,yes,no,6.62,0,1,0,17,2,54.97,1242.45,0
C105233,51,14,month-to-month,mailed-check,no,no,17.5,1,0,0,22,1,83.68,1252.69,1
C105234,18,27,two-year,electronic-check,yes,no,10.28,1,1,1,14,0,69.75,1977.98,0
C105235,43,62,two-year,electronic-check,no,yes,24.42,0,1,1,12,0,43.08,2726.25,0
C105236,52,40,month-to-month,bank-transfer,yes,yes,19.04,0,1,0,14,3,105.51,4264.51,0
C105237,46,60,month-to-month,mailed-check,no,no,9.93,0,0,1,17,2,70.99,4265.48,1
C105238,34,66,one-year,electronic-check,yes,no,21.17,1,0,1,8,2,71.28,4754.12,0
C105239,28,65,month-to-month,electronic-check,yes,yes,26.26,1,1,0,15,0,61.94,4150.07,0
C105240,40,25,month-to-month,mailed-check,yes,no,31.23,0,0,0,17,0,55.66,1435.85,1
C105241,42,64,month-to-month,electronic-check,yes,yes,61.94,0,0,3,21,1,44.81,2972.0,0
C105242,40,66,month-to-month,electronic-check,no,no,18.25,0,0,0,4,2,70.52,4675.97,0
C105243,37,70,month-to-month,bank-transfer,yes,no,22.66,0,0,0,12,2,47.6,,0
C105244,26,25,month-to-month,bank-transfer,yes,no,21.97,1,0,2,18,0,34.96,931.76,0
C105245,44,16,two-year,credit-card,yes,yes,79.12,0,0,2,14,2,68.6,1119.76,0
C105246,45,42,month-to-month,electronic-check,no,yes,15.1,1,0,0,13,1,64.45,2705.66,1
C105247,41,68,month-to-month,electronic-check,yes,no,18.9,0,1,0,21,0,39.44,2772.32,0
C105248,40,65,month-to-month,electronic-check,no,no,19.95,0,0,1,26,0,56.65,3706.92,0
C105249,59,41,two-year,bank-transfer,no,no,7.92,1,0,0,12,1,65.43,2789.97,1
C105250,32,10,month-to-month,electronic-check,yes,no,30.03,0,0,0,9,0,64.96,688.99,0
C105251,54,30,month-to-month,electronic-check,no,no,24.91,0,2,1,11,1,64.42,2033.44,0
C105252,30,52,one-year,bank-transfer,yes,no,14.51,1,0,1,16,0,64.28,3401.0,0
C105253,52,40,one-year,mailed-check,no,no,31.04,0,1,0,18,0,66.32,2749.59,0
C105254,54,25,two-year,mailed-check,no,no,27.9,1,2,0,14,2,54.43,1440.14,0
C105255,35,25,month-to-month,bank-transfer,yes,no,9.71,1,1,1,15,3,98.84,2621.02,0
C105256,59,4,month-to-month,credit-card,yes,no,30.26,1,0,0,13,1,82.5,461.41,1
C105257,45,21,month-to-month,mailed-check,yes,no,4.53,0,0,0,11,0,51.53,1158.16,0
C105258,28,48,one-year,electronic-check,yes,no,22.82,0,0,0,14,3,64.48,3149.01,0
C105259,35,17,month-to-month,mailed-check,yes,no,11.59,1,1,2,8,0,65.8,1122.21,0
C105260,53,72,month-to-month,electronic-check,no,yes,53.64,1,0,0,14,0,49.72,3623.55,0
C105261,50,6,month-to-month,electronic-check,yes,no,42.6,0,1,1,18,0,44.56,302.55,0
C105262,26,42,two-year,mailed-check,yes,no,54.01,1,0,1,16,0,53.9,2371.23,0
C105263,37,36,month-to-month,electronic-check,yes,no,12.61,0,0,1,13,2,85.32,3204.05,0
C105264,41,60,month-to-month,electronic-check,yes,yes,10.04,3,1,1,18,0,73.14,4465.76,0
C105265,33,64,two-year,bank-transfer,yes,no,20.43,0,0,1,10,1,87.05,5678.25,0
C105266,67,39,one-year,credit-card,yes,no,13.67,0,0,1,18,3,68.02,2783.24,0
C105267,42,46,one-year,electronic-check,yes,yes,11.56,0,0,0,3,1,61.23,2852.83,0
C105268,38,51,one-year,bank-transfer,yes,no,44.83,1,1,1,16,0,55.76,2909.0,0
C105269,53,38,month-to-month,credit-card,no,no,44.41,0,0,3,19,1,58.73,2264.16,0
C105270,35,13,two-year,electronic-check,no,yes,36.57,0,0,0,6,1,62.01,894.04,0
C105271,51,31,month-to-month,bank-transfer,yes,no,4.89,0,1,2,18,1,60.7,1925.0,0
C105272,19,17,two-year,electronic-check,yes,no,28.21,0,0,0,16,0,79.2,1363.58,1
C105273,34,33,month-to-month,credit-card,yes,yes,17.85,0,0,0,12,0,45.75,1597.96,0
C105274,52,44,one-year,electronic-check,yes,no,34.42,0,1,0,13,2,75.58,3398.83,0
C105275,58,15,month-to-month,electronic-check,no,no,33.38,0,0,1,19,0,64.24,1077.01,0
C105276,30,18,month-to-month,credit-card,yes,no,25.95,1,0,1,13,0,81.98,1601.55,0
C105277,28,60,month-to-month,bank-transfer,yes,no,45.1,1,1,1,14,1,69.83,4270.92,1
C105278,46,27,one-year,electronic-check,no,no,25.36,0,0,0,17,0,53.18,1438.05,0
C105279,32,14,month-to-month,credit-card,no,no,4.12,1,0,0,10,3,69.81,1062.34,0
C105280,36,52,two-year,credit-card,yes,no,16.89,1,0,1,14,1,50.89,2684.11,0
C105281,50,52,month-to-month,mailed-check,yes,no,12.72,1,0,0,11,3,85.29,4600.71,1
C105282,32,60,one-year,electronic-check,yes,no,9.94,0,0,1,17,2,67.22,4120.77,0
C105283,18,55,one-year,electronic-check,no,no,10.51,0,1,2,7,0,54.93,3128.43,0
C105284,23,72,month-to-month,credit-card,yes,yes,15.27,2,0,4,10,1,76.24,5575.23,0
C105285,39,41,one-year,electronic-check,yes,no,13.62,1,0,1,11,1,56.77,2434.5,1
C105286,18,20,one-year,electronic-check,yes,no,29.43,3,1,0,22,0,61.27,1310.49,1
C105287,35,62,one-year,electronic-check,yes,no,12.1,1,0,2,14,1,75.21,4727.41,0
C105288,22,19,one-year,electronic-check,yes,no,30.39,1,0,1,12,3,56.41,1170.12,0
C105289,59,21,one-year,mailed-check,no,no,38.78,0,0,1,21,0,59.44,1253.84,0
C105290,65,60,month-to-month,mailed-check,yes,yes,29.92,0,1,0,22,3,98.94,6088.33,0
C105291,26,64,month-to-month,electronic-check,no,yes,23.19,0,1,0,16,0,61.45,4049.82,1
C105292,42,24,month-to-month,electronic-check,yes,yes,32.04,0,0,2,24,0,49.41,1255.91,0
C105293,27,53,one-year,electronic-check,no,no,10.19,0,0,0,15,3,94.16,5067.29,0
C105294,35,67,two-year,electronic-check,yes,no,4.75,0,1,0,15,0,49.0,3293.75,0
C105295,61,58,month-to-month,electronic-check,yes,no,32.99,1,0,1,12,3,98.17,5822.56,0
C105296,33,0,month-to-month,,yes,no,25.18,1,0,0,17,1,71.32,93.6,0
C105297,36,48,month-to-month,electronic-check,yes,no,56.42,0,0,0,23,2,108.53,5250.36,0
C105298,28,12,one-year,electronic-check,yes,no,39.23,1,0,0,14,1,64.92,830.23,0
C105299,53,61,one-year,bank-transfer,no,no,16.93,0,0,0,15,0,61.36,3748.61,0
C105300,18,4,one-year,bank-transfer,yes,no,18.51,0,0,2,13,2,74.25,369.24,0
C105301,34,72,one-year,bank-transfer,yes,no,23.78,1,1,1,8,2,70.09,5097.41,1
C105302,38,12,one-year,credit-card,yes,no,19.24,0,0,0,10,0,45.94,598.83,0
C105303,31,30,month-to-month,electronic-check,no,no,23.41,2,0,1,16,0,72.3,2203.7,0
C105304,49,17,month-to-month,electronic-check,yes,no,14.12,0,1,0,14,1,66.48,1244.41,1
C105305,53,59,month-to-month,electronic-check,yes,no,35.46,0,0,2,16,0,57.54,3393.35,0
C105306,22,28,two-year,electronic-check,yes,no,28.8,0,0,1,10,0,67.66,1994.89,1
C105307,64,54,one-year,credit-card,no,yes,20.31,0,0,1,15,2,98.04,5431.25,1
C105308,22,4,month-to-month,bank-transfer,no,no,9.05,1,0,0,15,2,93.47,422.43,1
C105309,54,33,month-to-month,credit-card,yes,no,20.08,0,0,2,16,1,51.51,1735.77,0
C105310,41,66,month-to-month,credit-card,yes,no,26.3,0,0,0,16,1,72.32,4847.73,0
C105311,33,67,two-year,credit-card,yes,no,19.25,1,2,0,13,1,74.21,4983.87,0
C105312,34,15,month-to-month,mailed-check,yes,no,16.3,0,0,0,16,0,54.95,871.58,0
C105313,39,28,one-year,credit-card,no,no,3.36,0,0,0,10,1,55.39,1554.9,0
C105314,42,29,month-to-month,mailed-check,no,no,80.87,2,0,1,15,0,73.96,2211.97,1
C105315,28,41,one-year,electronic-check,yes,no,11.35,2,0,0,14,0,44.76,1857.99,0
C105316,36,39,one-year,mailed-check,no,no,27.27,1,1,0,23,0,61.59,2470.29,0
C105317,30,7,month-to-month,credit-card,yes,no,9.95,2,0,2,10,1,55.8,432.55,1
C105318,24,55,one-year,credit-card,no,no,25.71,0,0,1,16,3,72.31,4060.94,0
C105319,29,16,month-to-month,mailed-check,no,no,27.39,0,0,0,13,3,67.84,1128.03,0
C105320,25,22,two-year,credit-card,no,yes,17.36,1,0,0,9,0,43.65,885.4,0
C105321,34,61,month-to-month,mailed-check,yes,yes,19.18,1,0,2,12,1,43.68,2697.82,0
C105322,44,50,one-year,bank-transfer,yes,no,13.31,1,1,0,21,1,96.49,4869.8,1
C105323,40,28,month-to-month,electronic-check,yes,no,80.88,2,0,1,22,1,47.91,1422.39,0
C105324,63,66,one-year,electronic-check,yes,no,36.98,0,0,1,16,0,67.82,4500.47,0
C105325,18,28,month-to-month,electronic-check,yes,no,23.28,1,1,0,10,2,69.85,2061.98,0
C105326,45,41,one-year,credit-card,no,no,14.39,0,0,0,9,1,37.05,1575.78,0
C105327,39,17,month-to-month,credit-card,yes,no,34.63,3,0,3,18,2,76.47,1381.37,0
C105328,49,13,month-to-month,electronic-check,yes,no,34.87,1,0,0,13,0,88.05,1274.81,0
C105329,48,35,two-year,electronic-check,no,no,10.1,0,0,2,16,2,67.37,2338.06,0
C105330,37,41,month-to-month,electronic-check,yes,no,6.05,0,0,0,13,2,100.1,4199.68,0
C105331,41,58,month-to-month,bank-transfer,yes,no,14.26,0,0,1,16,0,79.49,4688.12,1
C105332,30,28,one-year,mailed-check,yes,yes,13.78,0,0,1,16,2,65.9,1895.55,0
C105333,46,65,month-to-month,bank-transfer,no,no,6.6,0,0,0,12,1,43.32,2859.01,1
C105334,18,44,two-year,electronic-check,yes,yes,11.28,1,0,0,21,0,46.26,2073.82,0
C105335,48,5,month-to-month,electronic-check,yes,no,9.14,0,0,2,15,1,75.14,401.96,0
C105336,39,53,two-year,credit-card,yes,no,45.52,0,1,0,17,1,43.64,2373.27,0
C105337,33,41,two-year,bank-transfer,yes,yes,26.32,1,0,0,17,1,71.44,2982.05,0
C105338,36,28,month-to-month,electronic-check,no,no,28.59,1,1,3,12,0,57.88,1688.13,0
C105339,37,34,month-to-month,electronic-check,no,no,36.15,1,0,1,14,2,71.34,2498.36,0
C105340,55,22,one-year,electronic-check,yes,no,9.78,2,0,1,14,3,69.8,1638.82,0
C105341,78,44,one-year,electronic-check,yes,no,28.94,0,0,1,16,1,65.98,3031.61,0
C105342,54,41,month-to-month,electronic-check,yes,yes,,0,0,0,13,1,66.92,2749.23,0
C105343,32,32,month-to-month,bank-transfer,no,no,45.46,0,1,2,19,2,95.65,3195.15,1
C105344,47,20,month-to-month,electronic-check,yes,yes,41.38,1,0,0,12,0,52.5,1126.0,0
C105345,47,29,one-year,mailed-check,yes,no,51.28,0,0,1,14,0,56.92,1720.11,0
C105346,28,36,one-year,mailed-check,yes,no,10.63,0,0,3,12,0,63.07,2367.18,0
C105347,24,34,month-to-month,electronic-check,yes,no,19.41,1,0,1,13,0,44.28,1611.18,0
C105348,38,22,month-to-month,mailed-check,no,no,13.59,0,0,1,14,0,75.09,1706.22,0
C105349,49,42,one-year,credit-card,yes,no,12.76,0,1,0,10,0,45.76,2084.18,0
C105350,20,16,two-year,electronic-check,no,no,14.09,0,0,0,9,1,68.53,1120.3,0
C105351,30,36,month-to-month,credit-card,yes,yes,33.03,0,0,1,16,0,53.8,1979.7,0
C105352,46,8,month-to-month,electronic-check,yes,no,13.12,2,1,0,18,2,72.49,674.59,1
C105353,40,34,month-to-month,electronic-check,no,no,11.31,0,1,1,17,3,110.64,3854.95,0
C105354,56,57,one-year,electronic-check,yes,no,12.86,0,0,1,16,0,58.91,3413.47,0
C105355,22,59,month-to-month,bank-transfer,no,yes,7.04,0,0,0,14,0,47.02,2840.74,0
C105356,67,50,month-to-month,,yes,no,13.26,1,0,0,11,0,44.64,2284.71,0
C105357,21,54,one-year,credit-card,yes,no,42.28,0,0,1,11,0,72.7,4059.34,0
C105358,18,4,month-to-month,electronic-check,yes,yes,68.58,0,0,1,14,1,74.65,421.75,0
C105359,38,24,month-to-month,bank-transfer,no,no,16.31,0,0,2,8,2,67.67,1674.07,0
C105360,25,47,month-to-month,electronic-check,no,no,43.81,0,0,1,12,0,70.84,3411.94,0
C105361,39,58,month-to-month,electronic-check,yes,yes,57.31,1,1,0,21,2,68.81,4093.22,0
C105362,38,42,month-to-month,bank-transfer,no,no,40.85,0,0,2,19,3,73.78,3099.96,0
C105363,37,62,month-to-month,electronic-check,yes,no,4.49,0,0,0,13,0,53.51,3379.17,0
C105364,29,19,month-to-month,mailed-check,no,no,16.09,1,0,2,9,1,59.74,1181.62,0
C105365,44,11,month-to-month,bank-transfer,yes,yes,49.51,0,0,1,14,0,36.85,440.72,1
C105366,35,6,two-year,bank-transfer,no,no,34.08,2,1,2,14,1,59.67,484.1,0
C105367,52,42,two-year,bank-transfer,no,yes,38.83,2,1,1,18,0,64.04,2783.91,0
C105368,37,48,month-to-month,electronic-check,yes,no,21.61,1,0,0,19,0,51.67,2547.96,1
C105369,27,20,one-year,electronic-check,no,no,26.71,0,0,1,14,0,56.13,1154.02,1
C105370,19,57,month-to-month,mailed-check,no,yes,17.58,1,0,0,19,2,58.55,3437.47,0
C105371,37,53,two-year,electronic-check,yes,yes,43.41,0,0,2,15,1,66.7,3563.37,0
C105372,24,26,two-year,electronic-check,no,no,17.76,1,0,0,10,2,78.46,2114.06,0
C105373,23,17,one-year,electronic-check,yes,no,24.02,0,0,1,19,0,73.28,1333.91,1
C105374,45,54,one-year,mailed-check,no,no,14.19,1,0,0,19,0,51.97,2867.91,0
C105375,18,49,month-to-month,mailed-check,no,no,11.46,0,0,0,18,0,52.56,2614.95,1
C105376,56,12,month-to-month,electronic-check,yes,yes,45.74,1,1,2,21,2,84.6,,1
C105377,41,18,month-to-month,electronic-check,yes,no,42.81,0,1,0,18,2,75.49,1497.4,0
C105378,38,35,month-to-month,electronic-check,yes,no,12.91,0,0,0,13,0,63.33,2236.55,1
C105379,27,37,one-year,electronic-check,no,no,27.22,1,1,0,10,2,78.44,3014.21,0
C105380,48,12,month-to-month,credit-card,no,no,42.65,1,1,1,22,2,70.81,911.8,0
C105381,39,69,month-to-month,electronic-check,no,yes,76.27,2,0,1,25,0,46.17,3199.45,1
C105382,31,28,one-year,electronic-check,no,no,28.76,1,0,2,14,0,49.75,1432.48,0
C105383,41,27,one-year,credit-card,yes,no,41.37,1,0,1,11,1,40.72,1132.19,1
C105384,19,4,one-year,mailed-check,yes,yes,40.97,4,2,1,11,0,79.73,358.79,1
C105385,19,63,month-to-month,electronic-check,no,no,37.46,2,1,2,15,0,41.95,2734.93,0
C105386,26,17,two-year,bank-transfer,yes,no,5.36,0,1,2,11,2,91.26,1652.89,1
C105387,43,72,month-to-month,bank-transfer,yes,no,26.48,0,1,1,16,2,68.0,4928.41,0
C105388,39,36,one-year,credit-card,yes,no,17.94,1,0,1,15,0,69.01,2527.15,0
C105389,52,63,month-to-month,credit-card,yes,no,11.1,2,0,0,11,0,69.87,4407.82,0
C105390,28,13,month-to-month,bank-transfer,yes,no,10.02,0,1,0,14,0,34.79,497.94,1
C105391,46,12,two-year,electronic-check,yes,no,14.24,0,1,2,15,1,61.42,785.24,0
C105392,38,58,month-to-month,mailed-check,yes,no,48.83,0,0,2,8,0,78.44,4574.96,0
C105393,28,59,month-to-month,electronic-check,yes,no,9.71,0,0,2,12,0,56.81,3374.14,0
C105394,44,39,month-to-month,mailed-check,yes,no,37.73,1,0,0,16,1,75.96,3016.24,0
C105395,38,2,two-year,credit-card,yes,no,55.69,2,0,0,9,0,61.47,154.01,0
C105396,31,68,two-year,electronic-check,no,yes,14.19,0,0,1,16,1,74.64,5239.39,0
C105397,40,28,month-to-month,credit-card,yes,no,52.95,1,1,1,14,0,73.37,,0
C105398,37,68,one-year,mailed-check,no,no,43.79,2,0,2,24,1,62.92,4296.22,0
C105399,37,63,month-to-month,electronic-check,yes,no,17.54,2,0,1,16,0,56.11,3612.29,0
C105400,34,62,one-year,credit-card,yes,no,,0,1,2,10,0,52.73,3315.63,0
C105401,23,50,month-to-month,mailed-check,no,no,12.44,0,0,0,10,1,50.75,2594.74,0
C105402,40,49,month-to-month,mailed-check,yes,no,20.8,0,0,0,15,2,79.02,3937.92,0
C105403,29,38,one-year,mailed-check,yes,no,101.12,0,0,0,15,0,62.04,2442.02,0
C105404,27,1,two-year,electronic-check,yes,no,23.72,1,1,0,6,0,71.54,190.06,0
C105405,36,28,month-to-month,electronic-check,no,no,15.3,0,0,0,11,1,86.57,2515.24,0
C105406,48,53,month-to-month,bank-transfer,no,no,5.51,0,0,3,16,1,58.69,3136.17,1
C105407,41,59,two-year,credit-card,yes,no,28.76,0,1,0,23,1,62.25,3736.96,0
C105408,33,40,month-to-month,bank-transfer,no,yes,10.91,0,1,1,8,1,56.78,2355.95,1
C105409,32,51,month-to-month,credit-card,yes,no,8.29,0,0,0,21,1,80.11,4197.53,1
C105410,47,1,month-to-month,credit-card,no,no,28.33,0,1,0,18,0,40.21,70.76,0
C105411,18,34,month-to-month,electronic-check,no,no,12.14,1,2,0,14,1,69.57,2384.35,0
C105412,49,37,month-to-month,credit-card,yes,no,38.59,0,0,0,18,0,39.5,1540.93,1
C105413,18,65,month-to-month,credit-card,yes,no,5.03,1,0,2,15,1,80.03,5275.68,0
C105414,22,22,month-to-month,electronic-check,no,no,32.54,1,0,0,15,0,65.7,1525.3,0
C105415,33,16,month-to-month,mailed-check,yes,no,61.66,1,0,1,20,1,59.9,1087.5,0
C105416,65,25,two-year,bank-transfer,no,no,30.23,0,2,3,12,2,92.34,2421.13,0
C105417,59,12,month-to-month,credit-card,yes,no,40.08,1,0,1,13,3,64.77,865.87,0
C105418,47,40,one-year,credit-card,no,no,13.4,0,2,4,11,2,72.56,2969.5,0
C105419,43,46,month-to-month,mailed-check,yes,no,41.16,1,0,0,8,0,31.04,1483.81,0
C105420,18,58,month-to-month,credit-card,no,no,29.93,1,0,1,13,1,74.17,4300.61,0
C105421,41,70,month-to-month,mailed-check,yes,no,25.2,1,0,0,14,0,52.25,3630.88,0
C105422,32,5,month-to-month,credit-card,no,no,49.21,0,0,3,24,1,64.63,394.92,1
C105423,29,18,one-year,bank-transfer,no,no,34.02,0,0,1,17,1,52.28,938.83,0
C105424,41,21,month-to-month,credit-card,no,no,11.42,0,0,0,9,2,57.54,1325.18,0
C105425,33,18,one-year,credit-card,no,no,17.26,2,0,3,21,0,49.47,976.54,0
C105426,49,60,two-year,electronic-check,yes,no,56.49,0,0,2,14,1,82.23,5073.68,1
C105427,18,10,month-to-month,credit-card,yes,no,10.46,1,1,1,10,2,73.3,793.43,1
C105428,40,2,two-year,bank-transfer,yes,no,10.46,0,0,0,17,1,51.47,165.53,1
C105429,28,62,month-to-month,electronic-check,yes,no,38.37,1,0,0,19,1,38.95,2451.32,0
C105430,34,70,month-to-month,electronic-check,yes,no,16.78,0,0,0,15,1,87.06,6170.0,0
C105431,43,16,month-to-month,bank-transfer,no,no,62.59,1,0,2,16,1,37.02,594.09,0
C105432,26,24,two-year,electronic-check,no,no,34.57,1,0,1,9,0,70.65,1756.01,1
C105433,41,36,one-year,electronic-check,yes,yes,17.88,1,0,3,16,0,62.01,2266.48,0
C105434,36,38,two-year,bank-transfer,yes,no,30.02,0,0,1,13,1,62.01,2435.59,0
C105435,31,72,one-year,electronic-check,yes,yes,13.49,0,0,0,14,2,67.87,4934.41,0
C105436,33,29,month-to-month,mailed-check,no,no,68.9,0,2,2,13,3,87.47,2669.03,0
C105437,37,0,two-year,credit-card,no,no,25.87,2,1,0,13,0,69.68,40.63,1
C105438,30,30,two-year,electronic-check,yes,no,19.11,0,0,0,15,0,69.38,2141.68,0
C105439,39,40,one-year,bank-transfer,yes,no,15.19,0,1,0,15,2,84.72,3486.75,0
C105440,36,37,one-year,electronic-check,no,no,11.18,0,0,0,16,1,43.54,1652.43,0
C105441,32,37,two-year,credit-card,yes,yes,12.43,1,0,1,17,2,57.66,2170.69,0
C105442,58,67,month-to-month,mailed-check,no,no,14.23,0,0,1,10,1,57.13,3911.88,1
C105443,44,58,two-year,credit-card,yes,no,6.94,2,0,1,14,1,64.02,3765.26,1
C105444,34,18,two-year,bank-transfer,no,no,17.82,0,0,0,19,3,93.41,1813.03,0
C105445,41,25,one-year,credit-card,no,yes,20.28,0,0,0,18,1,78.17,2029.27,0
C105446,27,48,month-to-month,mailed-check,yes,no,30.45,1,0,0,9,0,56.51,2790.16,0
C105447,34,29,month-to-month,mailed-check,yes,no,12.83,1,0,0,12,2,85.81,2589.68,0
C105448,35,31,two-year,,yes,no,12.07,0,0,1,15,0,51.49,1589.64,0
C105449,24,12,two-year,mailed-check,yes,no,21.72,0,0,1,15,0,81.01,1117.92,1
C105450,44,18,one-year,mailed-check,yes,no,19.22,1,1,0,12,0,48.53,867.91,0
C105451,33,54,two-year,bank-transfer,yes,no,28.83,0,2,0,17,1,58.4,3248.87,0
C105452,35,61,month-to-month,electronic-check,no,no,5.26,1,0,1,13,1,65.96,4075.58,0
C105453,32,57,two-year,mailed-check,yes,no,30.16,1,1,1,14,2,87.13,5052.68,0
C105454,75,22,month-to-month,mailed-check,yes,no,21.48,0,0,0,15,1,54.5,1231.5,0
C105455,31,9,month-to-month,bank-transfer,no,no,3.18,0,1,1,12,2,70.72,,0
C105456,18,11,month-to-month,bank-transfer,yes,no,18.11,0,0,0,15,3,81.75,954.63,0
C105457,20,28,month-to-month,mailed-check,yes,no,36.99,0,0,0,19,0,44.91,1263.04,0
C105458,48,37,month-to-month,mailed-check,no,yes,23.4,1,1,1,14,2,69.74,2697.21,0
C105459,55,65,one-year,mailed-check,no,no,19.54,0,1,0,16,1,54.1,3619.16,1
C105460,31,65,month-to-month,bank-transfer,yes,no,13.22,3,1,1,14,1,79.8,5263.22,0
C105461,54,0,one-year,credit-card,no,no,5.2,0,2,0,17,0,57.34,15.7,0
C105462,48,51,month-to-month,electronic-check,yes,no,22.45,2,0,1,13,3,73.05,3782.62,0
C105463,37,21,two-year,electronic-check,yes,no,42.75,2,1,0,16,1,87.59,1912.21,0
C105464,36,14,month-to-month,bank-transfer,yes,no,56.48,1,0,2,15,1,89.11,1370.99,0
C105465,41,40,one-year,credit-card,yes,no,10.11,0,0,1,19,0,76.33,3185.96,0
C105466,50,2,one-year,electronic-check,yes,no,23.93,0,0,4,14,2,65.3,216.0,0
C105467,44,24,month-to-month,mailed-check,yes,yes,24.85,0,0,1,17,1,76.67,1910.41,0
C105468,31,40,month-to-month,electronic-check,no,yes,16.15,0,0,1,23,0,81.75,3313.19,0
C105469,37,19,month-to-month,bank-transfer,yes,no,43.24,2,0,1,15,0,52.93,1077.95,0
C105470,63,43,month-to-month,electronic-check,no,no,25.56,0,1,2,7,3,79.24,3511.58,0
C105471,42,33,month-to-month,credit-card,yes,no,7.84,1,0,0,13,0,50.29,1661.72,1
C105472,49,58,month-to-month,bank-transfer,no,no,19.81,0,0,0,11,2,82.85,4882.22,1
C105473,45,13,one-year,credit-card,yes,no,38.6,0,0,4,16,0,79.25,1134.92,0
C105474,42,4,month-to-month,credit-card,yes,no,8.7,2,0,1,16,1,63.53,305.42,0
C105475,40,38,month-to-month,mailed-check,no,yes,21.52,1,0,2,16,0,49.58,,1
C105476,50,18,month-to-month,bank-transfer,yes,yes,22.72,2,0,0,13,1,63.2,1233.25,1
C105477,48,51,month-to-month,bank-transfer,no,no,25.59,0,0,2,15,0,70.76,3681.34,0
C105478,42,6,month-to-month,credit-card,no,no,35.01,0,1,1,10,2,43.4,223.92,0
C105479,31,41,one-year,mailed-check,no,no,14.5,0,0,1,18,0,60.54,2583.03,0
C105480,44,72,one-year,electronic-check,yes,no,62.8,1,0,0,14,2,76.47,5598.21,1
C105481,38,6,month-to-month,credit-card,no,no,27.79,1,0,1,10,2,63.05,386.47,0
C105482,35,22,month-to-month,electronic-check,yes,yes,75.12,1,0,0,11,1,46.37,1098.56,0
C105483,71,61,month-to-month,credit-card,no,no,16.31,1,0,2,12,3,93.95,5794.97,0
C105484,21,38,one-year,electronic-check,yes,no,31.58,1,1,1,16,1,57.45,2271.74,1
C105485,51,12,month-to-month,mailed-check,yes,no,1.05,2,0,0,17,0,60.55,739.81,0
C105486,29,15,two-year,credit-card,no,no,66.23,0,0,0,17,1,55.96,915.93,0
C105487,41,55,one-year,bank-transfer,yes,no,28.71,0,0,1,18,0,33.92,1908.14,0
C105488,70,62,one-year,bank-transfer,no,no,16.26,1,0,1,19,2,62.6,3908.51,0
C105489,27,26,month-to-month,electronic-check,yes,no,6.52,2,0,1,13,2,66.74,1804.03,1
C105490,30,34,two-year,electronic-check,no,no,29.14,0,0,1,17,0,34.95,1277.78,0
C105491,39,57,month-to-month,electronic-check,yes,no,14.87,0,0,0,22,0,57.62,3410.19,0
C105492,29,12,month-to-month,bank-transfer,yes,yes,41.86,0,0,3,18,0,77.51,997.42,0
C105493,50,15,two-year,mailed-check,yes,yes,61.42,1,1,0,14,1,36.6,621.64,0
C105494,33,56,one-year,electronic-check,yes,no,25.96,1,0,0,14,1,55.6,3114.69,0
C105495,47,13,month-to-month,mailed-check,no,no,37.99,0,0,0,15,0,55.19,819.63,0
C105496,23,56,month-to-month,credit-card,no,no,18.24,0,0,0,14,1,60.51,3484.86,0
C105497,18,36,month-to-month,credit-card,no,yes,2.58,0,1,0,7,1,82.18,3099.67,0
C105498,36,72,two-year,mailed-check,no,no,30.57,1,0,0,18,1,58.85,4277.79,0
C105499,20,2,month-to-month,credit-card,no,no,35.94,0,0,2,9,2,71.94,197.7,1
C105500,57,69,month-to-month,mailed-check,yes,no,18.48,1,0,0,18,0,51.7,3660.43,1
C105501,21,16,month-to-month,electronic-check,yes,no,5.75,1,0,0,10,1,71.28,1223.93,0
C105502,27,2,two-year,mailed-check,no,no,14.78,0,0,2,17,1,87.6,263.63,0
C105503,44,52,one-year,credit-card,no,no,29.48,0,0,1,18,1,68.39,3653.55,0
C105504,32,38,month-to-month,electronic-check,yes,no,17.98,1,0,1,16,1,81.9,3218.26,1
C105505,21,61,two-year,electronic-check,yes,no,19.81,0,0,0,22,3,86.19,5345.73,0
C105506,63,7,month-to-month,credit-card,yes,no,55.78,1,1,0,14,0,43.18,379.62,1
C105507,27,5,one-year,bank-transfer,no,no,28.48,1,1,0,18,1,77.99,484.99,0
C105508,37,41,one-year,bank-transfer,yes,no,72.17,0,0,0,28,2,80.11,3364.7,1
C105509,36,64,month-to-month,bank-transfer,no,no,7.38,1,1,3,18,3,98.29,6339.14,0
C105510,48,29,one-year,bank-transfer,no,no,5.98,2,1,1,14,2,77.13,2299.63,0
C105511,45,58,two-year,electronic-check,no,no,34.09,0,2,2,11,1,80.71,4771.97,1
C105512,29,66,month-to-month,bank-transfer,yes,no,45.2,0,0,1,13,0,48.56,3202.56,0
C105513,35,63,month-to-month,electronic-check,no,yes,33.11,1,1,0,15,1,51.2,3230.83,1
C105514,36,37,two-year,electronic-check,no,no,83.23,1,0,0,18,2,74.63,2786.33,0
C105515,48,50,month-to-month,credit-card,yes,no,57.38,1,0,1,17,0,42.16,2147.84,0
C105516,25,38,month-to-month,electronic-check,yes,no,47.85,1,0,0,20,1,54.57,2125.34,0
C105517,63,49,month-to-month,electronic-check,yes,no,12.96,0,0,0,22,0,46.76,2291.91,0
C105518,30,41,two-year,electronic-check,yes,no,11.93,0,0,0,9,0,41.0,1687.28,1
C105519,39,38,one-year,credit-card,yes,no,49.13,1,0,0,16,2,74.33,2940.28,1
C105520,25,31,two-year,credit-card,yes,no,19.66,2,0,0,19,0,56.44,1826.18,1
C105521,23,47,month-to-month,electronic-check,no,no,40.76,0,1,1,18,1,59.06,2854.2,1
C105522,29,54,two-year,mailed-check,yes,no,19.66,0,0,2,13,0,41.2,2219.7,0
C105523,27,67,month-to-month,bank-transfer,yes,yes,4.98,0,0,2,12,1,52.84,3609.8,0
C105524,34,44,one-year,,yes,no,51.73,0,2,1,12,1,71.48,3201.17,0
C105525,27,7,one-year,electronic-check,no,yes,34.96,0,1,1,16,2,69.69,505.64,0
C105526,47,42,month-to-month,electronic-check,no,no,15.05,1,0,1,16,0,57.11,2411.19,0
C105527,30,23,one-year,bank-transfer,no,yes,3.0,1,0,0,8,0,44.43,1102.12,1
C105528,28,1,month-to-month,electronic-check,no,yes,70.06,1,0,0,20,1,70.46,80.36,0
C105529,34,5,month-to-month,bank-transfer,yes,no,40.42,0,0,0,12,2,85.68,604.45,0
C105530,51,43,one-year,electronic-check,yes,no,36.44,0,0,1,15,0,41.48,1757.8,0
C105531,42,68,month-to-month,credit-card,yes,no,41.99,2,0,0,18,0,52.01,3625.59,0
C105532,38,36,one-year,bank-transfer,no,no,8.37,0,1,1,11,0,35.6,1327.06,0
C105533,22,32,month-to-month,bank-transfer,yes,yes,57.42,2,1,0,20,3,96.82,3221.43,1
C105534,25,6,month-to-month,bank-transfer,yes,no,0.07,1,0,2,14,0,81.68,594.51,0
C105535,24,49,one-year,electronic-check,yes,no,12.49,0,1,4,22,2,83.14,4193.33,0
C105536,55,4,month-to-month,electronic-check,no,no,14.34,1,0,0,12,3,76.78,381.22,0
C105537,45,61,two-year,mailed-check,yes,no,13.88,0,0,0,20,1,66.92,4161.49,0
C105538,29,59,two-year,,no,no,21.33,1,0,1,13,0,63.11,3798.31,0
C105539,32,72,month-to-month,credit-card,no,no,38.74,2,1,1,18,1,48.86,3586.53,1
C105540,29,20,month-to-month,mailed-check,yes,no,8.35,0,0,0,9,3,82.14,1730.66,0
C105541,28,11,month-to-month,credit-card,no,no,6.19,0,1,0,14,0,55.07,698.82,0
C105542,45,21,one-year,electronic-check,yes,no,44.05,2,0,1,18,2,78.95,1693.48,1
C105543,36,58,month-to-month,electronic-check,yes,no,17.44,0,0,2,12,1,57.05,3389.47,0
C105544,64,15,two-year,electronic-check,yes,no,13.36,0,0,1,14,1,62.75,987.52,0
C105545,54,64,two-year,credit-card,yes,yes,62.38,1,0,3,10,0,46.63,3033.23,0
C105546,55,11,month-to-month,mailed-check,yes,no,41.04,1,0,1,21,1,55.61,746.19,1
C105547,47,3,one-year,mailed-check,no,no,12.54,1,0,1,10,0,59.04,281.83,1
C105548,34,16,month-to-month,bank-transfer,no,no,2.34,0,0,0,14,1,62.17,998.72,0
C105549,46,55,month-to-month,electronic-check,yes,no,26.32,0,0,0,10,2,67.94,3790.0,0
C105550,35,43,month-to-month,electronic-check,yes,no,12.85,1,0,2,18,0,67.38,2939.47,1
C105551,59,25,one-year,electronic-check,yes,no,40.23,1,1,1,17,1,60.91,1606.54,0
C105552,44,47,month-to-month,electronic-check,yes,no,42.2,0,0,1,18,1,67.0,3257.87,0
C105553,42,47,two-year,mailed-check,no,no,20.9,3,1,0,15,2,83.3,3963.26,0
C105554,41,40,month-to-month,electronic-check,yes,no,15.06,1,0,2,12,2,99.78,4083.0,0
C105555,60,37,one-year,credit-card,no,no,21.54,1,0,2,15,1,57.14,2175.8,1
C105556,22,7,two-year,credit-card,no,no,18.95,0,0,2,13,1,69.34,533.6,1
C105557,61,18,one-year,credit-card,yes,no,31.65,0,0,1,17,0,53.77,1025.84,0
C105558,37,38,month-to-month,electronic-check,yes,no,22.31,0,0,1,15,1,52.54,2076.46,1
C105559,22,9,month-to-month,mailed-check,no,no,32.18,1,1,1,9,1,65.6,,0
C105560,30,34,month-to-month,electronic-check,yes,yes,19.96,3,0,0,15,0,63.48,2203.55,1
C105561,19,8,month-to-month,electronic-check,yes,no,12.66,3,0,1,8,2,59.16,586.86,0
C105562,47,57,two-year,bank-transfer,no,yes,25.63,0,0,2,12,1,82.21,4690.97,0
C105563,27,7,month-to-month,mailed-check,no,no,14.39,0,0,0,11,2,63.69,434.4,1
C105564,41,6,month-to-month,bank-transfer,no,no,53.05,0,0,1,20,1,62.32,419.99,1
C105565,53,46,one-year,credit-card,no,no,30.22,0,1,0,11,0,65.79,3103.76,1
C105566,31,16,month-to-month,electronic-check,no,yes,13.62,1,0,1,13,1,68.08,1120.29,0
C105567,36,25,two-year,credit-card,yes,no,31.49,2,1,0,19,0,48.09,1335.01,1
C105568,23,22,month-to-month,electronic-check,yes,no,31.7,3,1,0,15,0,41.2,953.11,1
C105569,34,15,month-to-month,credit-card,no,no,27.6,1,0,0,19,1,85.36,1360.02,0
C105570,70,55,one-year,bank-transfer,yes,no,14.83,1,0,1,18,0,57.99,3282.35,0
C105571,48,50,month-to-month,electronic-check,no,no,40.85,0,0,4,17,0,79.92,4021.67,0
C105572,36,17,two-year,mailed-check,yes,no,41.07,1,0,1,20,1,60.71,,0
C105573,32,50,month-to-month,electronic-check,no,no,12.13,0,0,1,14,1,69.86,3520.93,1
C105574,38,52,month-to-month,credit-card,no,no,8.79,2,0,0,21,2,60.41,3156.82,0
C105575,41,39,month-to-month,electronic-check,no,no,16.21,1,2,1,12,0,43.89,1760.05,0
C105576,34,42,month-to-month,credit-card,yes,no,34.13,1,0,1,10,1,62.76,2679.44,1
C105577,45,68,one-year,electronic-check,yes,no,15.88,2,0,2,13,3,106.81,7396.64,1
C105578,28,33,month-to-month,credit-card,yes,no,31.78,1,0,0,12,0,59.69,2015.55,1
C105579,27,28,one-year,electronic-check,yes,no,40.8,0,0,0,11,0,70.5,2075.65,0
C105580,43,39,two-year,bank-transfer,yes,no,7.05,1,0,0,15,0,79.76,3212.62,0
C105581,25,61,month-to-month,credit-card,no,no,39.59,1,0,1,18,1,80.58,5008.61,1
C105582,48,51,one-year,electronic-check,no,yes,21.04,4,0,0,20,3,88.99,4627.96,1
C105583,39,5,month-to-month,electronic-check,yes,yes,73.93,0,1,1,19,1,67.81,392.87,0
C105584,18,33,two-year,bank-transfer,no,no,20.46,1,1,0,21,2,86.52,2934.52,0
C105585,40,54,month-to-month,bank-transfer,yes,no,14.07,0,0,0,16,2,72.1,3967.15,0
C105586,19,16,one-year,credit-card,yes,no,29.47,0,0,1,20,1,78.99,1371.56,0
C105587,47,72,month-to-month,electronic-check,no,no,30.65,1,0,4,18,0,52.98,3873.62,0
C105588,36,58,month-to-month,credit-card,no,no,83.55,1,0,0,23,2,87.73,5153.58,0
C105589,61,61,month-to-month,credit-card,no,no,18.08,2,3,1,18,0,61.23,3822.38,1
C105590,52,5,month-to-month,credit-card,yes,no,20.27,1,0,0,12,0,52.36,297.71,0
C105591,26,42,two-year,electronic-check,yes,yes,15.84,0,1,1,8,1,49.51,2179.95,0
C105592,18,38,month-to-month,electronic-check,yes,no,26.41,0,0,0,16,3,85.76,3363.14,0
C105593,30,45,two-year,credit-card,no,no,20.23,0,0,1,15,2,82.09,3824.88,0
C105594,24,62,month-to-month,bank-transfer,yes,no,20.44,2,0,0,18,0,44.23,2786.14,0
C105595,61,25,month-to-month,bank-transfer,yes,no,60.17,1,0,6,19,2,84.38,2216.88,0
C105596,39,38,month-to-month,credit-card,yes,no,15.44,0,0,0,12,1,68.75,2680.12,1
C105597,50,49,month-to-month,electronic-check,yes,no,29.66,0,1,0,11,0,70.12,3485.42,1
C105598,36,54,two-year,bank-transfer,yes,no,57.56,0,0,0,12,1,67.43,3733.5,0
C105599,37,56,month-to-month,bank-transfer,no,no,18.16,0,0,0,8,0,64.54,3658.6,0
C105600,39,24,two-year,credit-card,yes,no,20.63,0,0,2,13,0,54.49,1341.73,1
C105601,52,72,month-to-month,credit-card,yes,no,21.66,0,0,0,22,2,72.48,5230.76,0
C105602,43,0,month-to-month,mailed-check,no,yes,9.49,0,0,3,17,3,68.77,115.71,1
C105603,26,35,month-to-month,electronic-check,yes,no,19.26,0,0,0,14,1,55.76,1994.48,0
C105604,58,44,one-year,credit-card,yes,no,8.99,0,0,2,6,0,52.69,2356.69,0
C105605,35,4,month-to-month,bank-transfer,no,no,71.81,0,0,0,12,0,65.55,308.0,0
C105606,34,32,two-year,mailed-check,yes,no,16.8,0,2,1,10,1,72.29,2371.77,0
C105607,18,43,month-to-month,credit-card,no,no,41.07,0,1,0,18,0,62.82,2739.66,0
C105608,47,44,month-to-month,electronic-check,yes,no,25.84,1,0,1,10,2,70.5,3133.26,0
C105609,40,8,one-year,mailed-check,no,yes,12.21,0,2,0,14,1,77.08,715.1,0
C105610,40,20,one-year,credit-card,yes,no,18.93,1,0,1,17,1,81.11,1681.19,0
C105611,34,17,two-year,bank-transfer,yes,no,14.81,1,0,0,15,1,68.55,1268.52,1
C105612,32,46,month-to-month,credit-card,yes,yes,13.26,1,0,0,19,0,74.48,3504.16,0
C105613,35,24,one-year,credit-card,yes,no,15.34,2,0,2,12,3,107.85,2623.83,0
C105614,45,41,month-to-month,mailed-check,yes,no,28.93,0,0,0,11,2,77.21,3264.12,1
C105615,47,53,two-year,electronic-check,yes,no,30.68,0,2,0,17,1,61.09,3299.28,0
C105616,36,58,month-to-month,credit-card,yes,no,29.99,4,1,1,12,0,52.51,3101.12,1
C105617,50,13,two-year,mailed-check,yes,no,28.87,0,0,0,12,3,82.11,1173.44,0
C105618,38,65,month-to-month,bank-transfer,yes,no,30.48,1,0,1,16,0,53.12,3476.95,0
C105619,33,12,one-year,mailed-check,yes,no,15.22,0,0,0,21,2,52.58,728.06,0
C105620,41,1,two-year,electronic-check,yes,no,34.41,0,0,1,20,0,44.67,76.12,0
C105621,23,3,two-year,electronic-check,no,no,12.56,0,0,2,13,0,50.68,260.87,0
C105622,42,14,month-to-month,bank-transfer,no,no,16.06,1,1,1,22,0,48.98,692.91,0
C105623,20,63,month-to-month,credit-card,yes,no,5.1,0,1,1,12,1,40.19,2536.2,0
C105624,27,15,two-year,mailed-check,no,yes,11.48,0,0,3,16,3,94.03,1511.05,0
C105625,18,50,one-year,electronic-check,no,no,30.32,1,1,1,9,3,87.7,4485.65,1
C105626,37,30,one-year,mailed-check,no,no,32.45,0,0,0,14,0,64.09,1983.94,0
C105627,58,2,month-to-month,bank-transfer,yes,no,46.65,0,1,0,17,2,52.59,163.05,1
C105628,38,32,month-to-month,electronic-check,yes,no,11.88,0,0,0,16,1,62.66,2100.22,1
C105629,47,2,month-to-month,bank-transfer,no,no,12.8,1,0,1,15,1,65.85,187.8,1
C105630,67,34,one-year,bank-transfer,yes,no,9.85,2,0,0,14,0,70.55,2431.61,0
C105631,44,40,month-to-month,mailed-check,no,yes,30.88,1,0,0,12,0,82.94,3449.1,0
C105632,30,38,month-to-month,bank-transfer,no,no,10.86,1,1,0,16,1,62.31,2470.79,1
C105633,31,20,two-year,credit-card,yes,no,45.81,0,0,0,12,1,66.7,1436.32,0
C105634,39,55,month-to-month,electronic-check,yes,yes,15.44,1,0,2,15,3,91.93,5105.2,1
C105635,31,43,two-year,electronic-check,yes,no,22.1,0,1,0,22,3,84.19,3674.31,1
C105636,32,18,month-to-month,electronic-check,no,no,25.69,0,1,0,23,2,66.82,1287.59,1
C105637,51,31,month-to-month,bank-transfer,no,no,45.93,0,0,0,23,2,82.85,2713.79,0
C105638,51,7,month-to-month,credit-card,no,no,60.2,0,1,1,14,0,66.77,586.14,0
C105639,19,67,month-to-month,bank-transfer,yes,no,28.05,0,0,2,9,1,62.86,4268.9,1
C105640,29,54,one-year,credit-card,no,no,35.19,4,1,0,12,2,58.97,3214.55,0
C105641,33,21,month-to-month,bank-transfer,yes,yes,11.5,1,0,0,11,1,38.59,811.6,0
C105642,46,49,month-to-month,electronic-check,yes,yes,56.57,1,0,1,9,0,57.52,2865.93,1
C105643,53,49,month-to-month,electronic-check,yes,no,36.25,3,0,3,14,0,56.71,2932.2,1
C105644,71,44,one-year,bank-transfer,yes,no,95.92,0,0,1,19,1,67.38,2995.98,0
C105645,33,3,two-year,bank-transfer,yes,no,23.1,0,0,1,15,2,87.78,351.36,0
C105646,34,64,month-to-month,mailed-check,yes,no,12.74,2,0,1,12,0,58.36,3765.93,0
C105647,46,69,month-to-month,mailed-check,yes,no,18.09,1,0,1,12,0,32.37,2275.54,1
C105648,31,71,month-to-month,mailed-check,yes,no,45.2,4,0,1,19,3,105.71,7547.17,1
C105649,37,71,one-year,electronic-check,yes,yes,57.0,1,0,0,14,0,28.28,1995.0,0
C105650,34,67,month-to-month,bank-transfer,no,no,71.94,1,0,1,15,0,52.73,3551.23,0
C105651,18,53,month-to-month,bank-transfer,yes,no,13.44,0,2,0,18,1,50.83,2702.39,0
C105652,40,4,one-year,credit-card,yes,yes,7.82,0,0,0,13,2,76.59,352.59,0
C105653,37,33,month-to-month,electronic-check,yes,no,21.18,0,0,1,17,3,67.2,2284.86,1
C105654,54,17,one-year,credit-card,yes,yes,11.44,1,0,1,15,1,73.33,1368.3,0
C105655,39,16,month-to-month,electronic-check,yes,no,41.21,0,1,0,11,0,53.72,904.88,0
C105656,24,60,two-year,electronic-check,yes,no,20.3,2,1,0,13,1,72.26,4379.62,0
C105657,36,59,month-to-month,credit-card,no,no,18.71,1,0,0,14,1,34.7,2098.73,0
C105658,18,38,month-to-month,credit-card,yes,no,18.78,2,0,0,14,0,53.74,2130.65,0
C105659,24,53,month-to-month,credit-card,yes,no,17.42,3,0,3,17,1,72.09,3851.08,0
C105660,47,9,month-to-month,electronic-check,no,yes,7.77,0,0,1,17,0,41.85,389.38,0
C105661,36,16,one-year,electronic-check,yes,no,12.11,1,0,0,24,3,90.54,1513.46,1
C105662,50,62,month-to-month,bank-transfer,yes,no,35.89,1,0,0,12,0,60.48,3799.74,0
C105663,18,32,month-to-month,credit-card,yes,no,10.34,0,1,1,16,2,68.7,2259.43,1
C105664,36,39,one-year,mailed-check,no,no,35.01,0,0,3,14,2,70.91,2840.99,0
C105665,33,33,month-to-month,electronic-check,yes,no,25.07,1,1,1,10,1,70.58,2386.86,1
C105666,50,14,one-year,mailed-check,yes,no,45.36,1,1,0,24,0,61.9,947.72,1
C105667,47,60,one-year,electronic-check,yes,no,23.29,1,1,1,14,1,68.2,4149.01,1
C105668,47,55,month-to-month,electronic-check,yes,no,12.77,0,2,0,13,2,66.6,3673.87,0
C105669,57,49,one-year,bank-transfer,yes,yes,12.38,1,0,0,17,1,54.48,2742.98,1
C105670,35,25,two-year,electronic-check,yes,no,5.87,1,1,0,26,1,69.05,1764.78,1
C105671,55,46,two-year,bank-transfer,yes,no,13.53,1,0,3,17,1,56.59,2643.37,0
C105672,26,69,month-to-month,bank-transfer,yes,no,19.77,0,1,2,17,1,82.77,5820.56,0
C105673,26,47,month-to-month,mailed-check,no,no,48.76,0,0,1,18,2,106.14,5108.02,1
C105674,48,36,two-year,mailed-check,yes,no,36.03,1,1,2,13,3,86.47,3180.1,0
C105675,21,19,one-year,credit-card,yes,no,18.22,1,0,0,15,0,46.22,964.69,0
C105676,46,38,month-to-month,bank-transfer,yes,no,10.83,1,0,0,24,2,83.94,3311.35,1
C105677,40,27,month-to-month,credit-card,no,no,31.48,2,0,1,12,1,64.84,1768.96,1
C105678,52,44,one-year,mailed-check,no,yes,14.33,1,0,0,17,3,79.43,3472.71,0
C105679,38,3,one-year,bank-transfer,yes,no,10.97,1,1,2,10,1,72.34,287.77,1
C105680,40,13,two-year,credit-card,yes,no,31.68,1,0,0,12,3,82.36,1146.14,0
C105681,45,57,two-year,electronic-check,yes,no,12.12,0,0,1,16,0,46.47,2724.58,0
C105682,31,27,month-to-month,electronic-check,yes,no,39.71,2,0,1,21,1,58.59,1689.6,1
C105683,31,31,one-year,credit-card,yes,no,6.14,0,0,2,10,1,40.74,1358.15,1
C105684,45,39,month-to-month,mailed-check,yes,yes,12.03,1,0,0,15,0,35.45,1488.36,0
C105685,39,31,month-to-month,electronic-check,no,no,11.53,1,0,0,14,1,54.33,1700.67,0
C105686,34,55,month-to-month,credit-card,yes,no,37.51,0,0,2,15,0,53.23,3031.98,0
C105687,38,17,two-year,electronic-check,yes,no,22.52,1,0,2,11,2,84.75,1467.1,0
C105688,58,55,month-to-month,bank-transfer,yes,no,36.89,1,1,1,17,1,71.56,3915.88,0
C105689,34,15,month-to-month,credit-card,yes,yes,9.8,0,0,0,14,0,61.22,934.36,0
C105690,33,27,month-to-month,credit-card,yes,yes,36.1,0,0,0,20,1,61.68,1730.0,0
C105691,19,42,month-to-month,mailed-check,no,no,33.93,1,2,1,14,0,83.84,3619.26,0
C105692,38,64,month-to-month,electronic-check,yes,no,12.2,0,0,0,12,0,41.47,2680.82,0
C105693,47,16,month-to-month,credit-card,yes,no,12.98,3,1,2,11,1,61.71,1045.45,1
C105694,49,42,month-to-month,credit-card,yes,no,13.15,0,0,0,11,0,59.89,2580.73,1
C105695,40,4,month-to-month,electronic-check,no,no,63.47,1,1,0,25,1,59.02,294.11,0
C105696,50,5,two-year,electronic-check,no,no,21.4,4,0,0,20,1,57.95,308.95,0
C105697,48,56,one-year,mailed-check,yes,no,8.83,1,0,0,13,0,38.23,2183.26,0
C105698,52,52,two-year,electronic-check,no,yes,12.65,0,1,0,20,0,51.7,2791.97,0
C105699,51,27,month-to-month,credit-card,yes,no,86.62,0,0,0,26,1,86.38,2411.9,0
C105700,58,45,month-to-month,credit-card,yes,no,24.98,1,0,0,20,1,66.22,2999.11,0
C105701,37,27,month-to-month,electronic-check,yes,no,19.65,2,0,1,12,0,79.36,2282.9,1
C105702,23,20,two-year,credit-card,no,yes,6.04,0,1,1,9,0,72.42,1523.49,0
C105703,47,31,month-to-month,credit-card,no,no,11.36,1,0,1,13,2,57.14,1819.35,1
C105704,48,22,month-to-month,bank-transfer,no,no,46.22,1,0,2,15,2,59.65,1427.85,1
C105705,58,59,two-year,credit-card,no,no,25.69,0,0,0,19,1,80.41,4796.06,0
C105706,54,30,two-year,electronic-check,yes,no,11.67,1,0,1,14,1,62.52,1948.71,0
C105707,62,23,month-to-month,credit-card,no,no,82.62,1,0,1,19,0,42.26,953.21,0
C105708,46,39,one-year,electronic-check,yes,no,25.24,0,1,1,19,2,86.51,3434.59,1
C105709,42,55,month-to-month,mailed-check,no,no,94.85,1,0,1,17,1,85.08,4713.24,0
C105710,22,19,month-to-month,bank-transfer,yes,no,9.86,1,1,0,13,0,73.49,1463.78,1
C105711,43,68,month-to-month,electronic-check,yes,no,7.67,3,1,0,7,1,71.67,4963.65,0
C105712,32,33,two-year,bank-transfer,yes,no,21.21,0,0,2,9,0,70.56,2392.76,0
C105713,42,48,month-to-month,mailed-check,yes,yes,6.14,1,0,0,14,0,61.63,3039.19,1
C105714,40,69,one-year,mailed-check,yes,no,16.7,1,0,2,12,1,52.79,3695.03,0
C105715,45,31,month-to-month,bank-transfer,no,no,,1,1,2,9,0,70.34,2215.23,0
C105716,38,14,one-year,electronic-check,no,no,30.1,1,0,0,16,0,54.24,846.78,0
C105717,50,54,one-year,electronic-check,yes,no,24.87,1,1,0,13,1,87.37,4827.79,0
C105718,18,0,one-year,electronic-check,yes,no,11.86,1,0,1,16,2,67.78,91.3,1
C105719,41,33,two-year,credit-card,yes,no,40.29,2,0,3,15,1,58.31,1960.81,0
C105720,53,71,one-year,credit-card,yes,no,19.52,4,1,1,18,3,75.39,5372.18,0
C105721,61,30,one-year,mailed-check,yes,no,2.9,0,1,0,13,0,63.9,1982.01,1
C105722,48,49,month-to-month,bank-transfer,no,no,10.42,0,2,1,16,1,84.09,4237.1,1
C105723,59,38,two-year,bank-transfer,no,no,10.55,0,0,1,13,1,73.4,2846.8,0
C105724,41,15,month-to-month,electronic-check,yes,no,44.79,0,0,1,20,0,58.71,916.11,0
C105725,39,23,month-to-month,electronic-check,no,no,10.42,0,0,3,15,0,50.25,1217.42,0
C105726,45,38,month-to-month,bank-transfer,yes,yes,29.24,0,0,2,20,0,48.92,1847.74,0
C105727,39,7,month-to-month,electronic-check,no,yes,4.51,1,0,2,16,2,92.64,673.72,0
C105728,30,30,one-year,credit-card,no,no,32.07,0,1,0,19,1,56.98,1792.17,1
C105729,33,30,month-to-month,electronic-check,yes,no,5.92,1,0,1,16,1,38.03,1183.89,0
C105730,26,60,month-to-month,bank-transfer,yes,no,43.76,1,0,0,24,0,93.73,5731.82,1
C105731,45,9,two-year,mailed-check,no,no,19.56,1,0,0,13,1,63.79,642.04,1
C105732,39,61,two-year,bank-transfer,yes,no,36.73,0,1,2,11,0,52.73,3218.44,0
C105733,35,29,month-to-month,credit-card,yes,yes,18.74,0,0,1,12,3,85.06,2526.32,0
C105734,32,47,two-year,mailed-check,yes,no,13.4,1,0,3,12,0,62.46,2985.92,0
C105735,45,40,month-to-month,electronic-check,yes,no,5.58,1,2,0,15,3,65.97,2722.44,0
C105736,48,21,month-to-month,bank-transfer,yes,no,3.95,0,0,0,16,3,72.91,1586.77,0
C105737,25,67,two-year,electronic-check,yes,no,13.14,1,0,1,21,3,83.44,5690.17,0
C105738,24,16,one-year,electronic-check,yes,no,21.8,2,0,1,10,2,58.23,961.48,1
C105739,50,2,one-year,bank-transfer,yes,no,8.13,1,2,0,16,1,55.07,217.11,0
C105740,22,54,month-to-month,electronic-check,no,yes,69.84,0,0,0,12,2,71.76,3951.58,0
C105741,46,45,month-to-month,electronic-check,yes,yes,50.62,0,0,0,21,0,54.69,2529.43,0
C105742,58,65,month-to-month,mailed-check,no,no,19.41,2,0,1,13,0,53.29,3534.16,0
C105743,58,33,two-year,mailed-check,yes,no,54.93,0,0,0,13,3,81.79,2692.98,0
C105744,48,1,month-to-month,credit-card,yes,no,19.82,2,0,0,18,0,59.59,131.82,0
C105745,48,1,month-to-month,electronic-check,yes,yes,8.27,0,1,1,18,0,47.18,90.54,1
C105746,66,31,month-to-month,mailed-check,no,no,17.54,0,0,1,16,2,84.32,2686.9,0
C105747,18,18,one-year,bank-transfer,yes,no,34.04,0,0,2,19,2,70.28,1347.78,0
C105748,33,67,month-to-month,credit-card,yes,yes,11.9,0,0,0,9,0,54.3,3675.68,1
C105749,49,8,one-year,electronic-check,no,no,60.57,1,0,1,17,2,65.84,637.81,1
C105750,35,64,month-to-month,bank-transfer,yes,no,14.78,1,0,1,9,1,42.1,2799.42,0
C105751,54,15,month-to-month,bank-transfer,yes,no,37.1,1,0,2,12,1,70.18,1128.24,0
C105752,39,8,month-to-month,electronic-check,no,no,18.56,0,0,0,13,2,93.27,866.17,1
C105753,41,20,month-to-month,electronic-check,yes,no,11.0,0,2,1,9,1,67.12,1396.82,0
C105754,36,10,one-year,bank-transfer,no,no,7.43,1,0,0,13,0,40.65,407.64,0
C105755,33,29,two-year,electronic-check,no,no,39.82,1,1,0,12,2,53.35,1614.25,0
C105756,32,24,month-to-month,electronic-check,no,no,27.2,2,1,0,11,1,76.59,1876.24,1
C105757,42,38,month-to-month,bank-transfer,yes,no,12.53,0,0,0,14,3,92.75,3592.86,0
C105758,30,39,month-to-month,electronic-check,yes,no,40.3,0,0,0,13,1,71.49,2858.84,0
C105759,50,0,two-year,electronic-check,no,no,12.98,3,1,0,10,0,66.03,61.68,0
C105760,47,9,two-year,mailed-check,yes,no,26.25,1,0,1,24,0,64.65,644.62,1
C105761,52,11,one-year,credit-card,yes,no,29.28,0,0,2,16,2,75.41,943.09,1
C105762,25,14,month-to-month,credit-card,no,no,76.62,0,2,1,15,0,76.36,1179.76,1
C105763,19,6,month-to-month,electronic-check,no,no,73.82,2,0,0,19,2,96.3,707.91,0
C105764,39,22,two-year,electronic-check,yes,yes,13.15,0,0,0,13,3,91.71,2115.62,0
C105765,74,40,month-to-month,credit-card,no,yes,10.88,2,0,0,21,1,74.04,2991.02,0
C105766,54,22,one-year,bank-transfer,yes,no,24.59,2,0,0,18,2,69.83,1594.71,0
C105767,32,24,two-year,bank-transfer,no,no,43.63,1,0,0,11,0,58.2,1432.41,0
C105768,44,34,one-year,electronic-check,yes,no,3.71,0,0,3,13,1,75.05,2631.07,0
C105769,48,40,one-year,electronic-check,yes,no,62.88,0,1,0,14,2,67.0,2786.12,1
C105770,23,24,month-to-month,electronic-check,yes,no,15.58,1,0,0,18,0,55.22,1392.49,1
C105771,55,16,two-year,credit-card,yes,no,42.46,2,1,1,23,0,50.34,850.57,0
C105772,37,29,month-to-month,credit-card,yes,no,15.74,1,0,0,9,0,55.09,1677.38,0
C105773,38,1,two-year,electronic-check,no,no,58.93,0,0,0,12,3,76.08,149.55,0
C105774,39,35,month-to-month,bank-transfer,yes,no,15.53,0,0,1,11,1,59.99,2153.51,0
C105775,53,68,one-year,credit-card,no,no,35.02,1,1,2,16,0,52.39,3639.48,1
C105776,30,29,two-year,credit-card,yes,no,22.13,1,1,1,15,0,69.19,2091.65,0
C105777,19,7,one-year,mailed-check,yes,no,7.9,2,0,3,12,1,79.61,613.71,0
C105778,43,51,month-to-month,electronic-check,yes,no,14.97,0,1,0,11,0,62.8,3215.58,0
C105779,18,9,month-to-month,credit-card,no,no,3.08,2,0,0,12,0,37.47,380.68,0
C105780,35,14,two-year,electronic-check,yes,no,13.36,1,0,4,13,1,72.53,1075.98,0
C105781,53,10,one-year,electronic-check,yes,no,28.52,0,0,0,16,1,76.14,822.0,0
C105782,46,64,month-to-month,electronic-check,yes,no,57.03,0,0,0,17,0,54.51,3524.45,1
C105783,52,71,two-year,mailed-check,no,no,21.27,0,0,0,18,1,75.96,5465.06,0
C105784,46,41,two-year,electronic-check,no,no,92.5,1,0,2,23,2,91.47,3843.16,0
C105785,68,45,two-year,bank-transfer,no,no,46.64,0,0,1,17,0,38.41,1747.27,0
C105786,32,47,one-year,credit-card,no,no,11.36,0,0,0,14,2,80.1,3815.6,0
C105787,44,44,two-year,mailed-check,no,yes,22.44,1,0,0,23,1,61.21,2693.92,0
C105788,34,39,two-year,credit-card,no,no,32.62,1,0,0,13,0,40.52,1621.98,0
C105789,50,72,month-to-month,credit-card,no,no,15.96,0,0,2,22,1,65.85,4832.46,1
C105790,38,53,two-year,credit-card,yes,yes,28.3,1,1,1,16,3,71.94,3889.48,1
C105791,60,6,month-to-month,bank-transfer,yes,no,13.93,1,2,2,10,1,77.08,489.21,0
C105792,33,28,two-year,credit-card,no,no,21.95,3,0,1,14,2,76.12,2177.31,0
C105793,56,71,one-year,bank-transfer,no,yes,52.44,1,0,0,12,1,75.14,5373.25,1
C105794,46,29,one-year,electronic-check,no,no,14.9,1,0,1,13,2,70.66,2088.05,0
C105795,39,14,month-to-month,credit-card,yes,no,5.87,1,1,1,16,0,50.67,734.09,0
C105796,46,63,month-to-month,mailed-check,no,no,75.65,1,1,1,16,3,68.08,4334.14,0
C105797,42,45,month-to-month,credit-card,yes,no,40.56,2,0,1,15,0,65.22,3080.19,0
C105798,43,41,one-year,mailed-check,yes,no,31.5,1,0,0,13,0,73.41,3063.49,0
C105799,37,30,two-year,electronic-check,yes,no,61.6,1,0,2,13,1,70.96,2130.61,0
C105800,31,9,month-to-month,bank-transfer,yes,yes,42.33,1,0,2,16,0,47.59,510.9,0
C105801,35,28,month-to-month,bank-transfer,yes,no,15.82,1,0,2,14,1,60.21,1749.94,1
C105802,19,31,one-year,mailed-check,yes,no,75.03,0,0,0,14,1,73.86,2393.03,0
C105803,49,67,month-to-month,credit-card,no,no,28.43,1,0,1,10,3,90.57,6155.66,0
C105804,24,22,month-to-month,mailed-check,yes,no,37.81,1,0,0,23,0,55.99,1334.14,0
C105805,36,10,month-to-month,electronic-check,yes,no,4.16,0,1,0,13,0,63.36,702.37,1
C105806,47,31,one-year,bank-transfer,no,yes,9.2,0,1,1,12,0,36.88,1213.42,1
C105807,49,72,one-year,electronic-check,no,yes,7.46,0,0,0,13,0,48.89,3601.4,0
C105808,18,35,two-year,mailed-check,no,no,6.99,0,2,0,13,3,85.17,3052.75,1
C105809,38,27,month-to-month,electronic-check,yes,yes,33.46,1,0,1,18,2,45.71,1286.55,1
C105810,45,48,month-to-month,electronic-check,yes,no,10.99,0,0,2,12,1,75.12,3721.74,1
C105811,40,47,one-year,credit-card,no,no,27.44,0,1,0,14,2,75.02,3618.16,1
C105812,55,21,two-year,electronic-check,yes,no,41.48,1,0,0,22,1,70.2,1579.75,0
C105813,29,70,month-to-month,bank-transfer,no,no,13.11,2,1,1,18,2,45.75,3333.2,1
C105814,18,43,two-year,bank-transfer,yes,yes,10.78,2,0,0,10,0,67.0,2930.84,0
C105815,49,4,one-year,electronic-check,no,no,4.43,0,1,1,24,1,87.46,425.92,1
C105816,33,29,two-year,credit-card,yes,no,50.04,1,2,0,14,2,75.84,2220.84,0
C105817,18,67,month-to-month,electronic-check,yes,yes,13.59,0,0,0,23,0,49.96,3360.09,0
C105818,37,28,month-to-month,mailed-check,yes,no,63.93,2,0,0,18,0,55.34,1579.76,0
C105819,54,41,month-to-month,credit-card,yes,no,31.09,1,0,0,14,2,81.55,3437.09,1
C105820,24,44,one-year,bank-transfer,yes,no,55.42,1,0,0,17,0,70.49,,0
C105821,67,51,two-year,electronic-check,yes,no,6.4,2,0,2,13,2,80.31,4155.85,0
C105822,29,63,month-to-month,credit-card,yes,no,36.65,0,0,1,14,1,61.49,3928.73,1
C105823,40,10,month-to-month,credit-card,yes,no,37.45,0,1,0,20,1,75.01,804.75,1
C105824,24,37,month-to-month,mailed-check,yes,no,48.06,1,0,0,12,1,53.39,2018.23,0
C105825,39,38,one-year,bank-transfer,yes,no,11.34,0,0,3,22,2,86.43,,0
C105826,37,11,two-year,mailed-check,no,no,14.16,1,1,0,10,1,80.93,1019.09,0
C105827,21,49,month-to-month,mailed-check,yes,no,48.99,1,0,1,14,0,53.23,2652.66,0
C105828,73,8,one-year,mailed-check,no,yes,5.15,1,1,0,19,2,96.55,847.95,1
C105829,33,33,month-to-month,electronic-check,yes,no,10.11,0,0,2,10,1,77.03,2610.02,1
C105830,33,24,two-year,bank-transfer,yes,no,35.98,0,0,0,16,2,73.69,1811.15,0
C105831,51,11,two-year,electronic-check,no,no,15.77,0,1,0,11,2,70.45,884.34,0
C105832,61,60,month-to-month,electronic-check,no,no,18.03,1,0,1,15,0,65.46,3943.09,1
C105833,53,17,one-year,mailed-check,no,no,1.76,1,0,0,13,1,54.24,979.7,1
C105834,25,18,two-year,electronic-check,yes,no,60.63,1,0,0,11,2,85.07,1672.73,0
C105835,42,62,two-year,bank-transfer,yes,no,16.79,2,0,2,14,1,59.68,3732.21,0
C105836,18,64,one-year,mailed-check,yes,yes,34.34,1,0,1,15,3,115.82,7453.92,0
C105837,50,2,month-to-month,electronic-check,yes,yes,49.98,0,1,1,13,1,75.66,222.13,0
C105838,19,20,one-year,electronic-check,no,no,17.66,1,0,1,21,2,57.6,1202.65,1
C105839,29,51,one-year,electronic-check,yes,no,2.72,0,0,0,17,1,78.85,4095.45,0
C105840,39,56,month-to-month,bank-transfer,yes,no,34.65,0,0,1,8,0,52.46,2967.99,0
C105841,44,72,two-year,,yes,no,61.7,2,0,1,21,2,56.78,4153.79,0
C105842,36,40,month-to-month,bank-transfer,yes,no,39.63,0,0,1,16,0,80.1,3313.3,1
C105843,57,0,two-year,bank-transfer,yes,no,29.99,1,1,1,18,2,105.75,85.04,1
C105844,48,63,month-to-month,mailed-check,yes,no,39.42,0,0,0,10,0,63.72,4085.57,1
C105845,47,11,month-to-month,electronic-check,no,no,43.4,0,1,1,10,0,65.39,759.31,1
C105846,24,8,month-to-month,electronic-check,yes,no,21.09,1,0,0,12,1,69.04,694.78,0
C105847,59,49,one-year,electronic-check,yes,no,62.67,1,0,1,20,1,77.91,3932.23,1
C105848,29,44,two-year,electronic-check,yes,no,25.92,1,1,1,14,0,52.93,2448.54,0
C105849,60,4,month-to-month,credit-card,yes,no,45.34,1,0,0,19,3,80.68,434.18,1
C105850,63,12,month-to-month,electronic-check,yes,yes,9.44,1,1,1,14,1,62.08,761.65,0
C105851,45,43,two-year,electronic-check,no,no,21.94,0,2,2,17,1,69.05,3011.96,0
C105852,51,18,one-year,credit-card,yes,no,11.83,1,0,0,18,1,49.37,961.59,0
C105853,18,49,month-to-month,credit-card,yes,yes,31.89,0,0,0,16,1,75.69,3773.13,0
C105854,37,30,two-year,mailed-check,no,no,8.72,0,0,0,13,0,56.84,1785.56,0
C105855,52,42,month-to-month,mailed-check,yes,yes,39.68,2,1,0,16,0,66.02,2831.82,0
C105856,50,34,month-to-month,electronic-check,yes,no,33.88,1,0,1,19,1,72.35,2560.5,0
C105857,24,26,month-to-month,credit-card,yes,no,19.69,0,0,1,16,1,39.65,1139.18,0
C105858,35,24,one-year,bank-transfer,yes,yes,42.22,0,0,2,17,1,69.88,1700.45,0
C105859,18,50,month-to-month,mailed-check,yes,yes,9.49,0,0,0,18,3,84.0,4227.6,0
C105860,44,37,two-year,electronic-check,no,no,39.5,1,0,2,13,2,68.66,2599.42,0
C105861,18,43,month-to-month,mailed-check,no,no,10.48,1,1,1,17,2,68.17,2997.63,0
C105862,53,42,two-year,bank-transfer,yes,no,13.56,0,0,1,14,0,51.8,2208.85,0
C105863,53,15,month-to-month,electronic-check,no,yes,50.07,0,0,3,18,0,62.85,1018.9,0
C105864,33,66,month-to-month,mailed-check,yes,no,50.72,1,0,1,22,0,56.35,3763.41,1
C105865,45,41,month-to-month,electronic-check,no,no,31.73,0,0,1,17,1,43.37,1793.35,0
C105866,36,52,month-to-month,credit-card,yes,no,91.17,0,1,2,16,3,63.98,3400.52,0
C105867,42,64,month-to-month,electronic-check,yes,no,66.63,0,1,3,19,0,66.51,4351.01,1
C105868,25,67,two-year,credit-card,no,no,19.54,2,0,0,15,2,72.45,4933.84,0
C105869,46,48,two-year,mailed-check,yes,no,10.27,0,0,0,16,0,84.35,4199.67,1
C105870,19,57,one-year,mailed-check,no,no,39.63,1,0,2,15,1,67.93,3927.96,0
C105871,18,34,month-to-month,mailed-check,yes,no,26.75,0,0,0,16,0,36.14,1233.5,0
C105872,38,53,two-year,mailed-check,no,no,34.86,0,1,0,14,0,74.61,4038.36,0
C105873,36,23,month-to-month,electronic-check,yes,yes,37.1,2,0,1,16,1,77.53,1798.9,0
C105874,42,51,one-year,mailed-check,yes,no,12.42,0,0,1,20,1,57.91,3080.45,0
C105875,31,6,one-year,electronic-check,yes,no,9.59,1,0,1,14,0,65.79,518.94,0
C105876,62,66,month-to-month,electronic-check,yes,no,35.36,0,0,0,18,1,71.19,4816.47,0
C105877,41,17,month-to-month,credit-card,yes,no,34.58,0,0,1,13,0,46.92,763.67,0
C105878,42,47,two-year,electronic-check,no,no,7.03,0,0,1,8,1,69.76,3333.76,0
C105879,41,0,month-to-month,credit-card,no,no,13.53,0,1,0,9,1,60.44,59.21,0
C105880,51,11,one-year,credit-card,yes,no,9.63,0,0,0,21,0,38.46,464.57,0
C105881,46,72,two-year,bank-transfer,yes,no,24.3,1,0,0,18,1,61.69,4527.37,1
C105882,44,60,month-to-month,electronic-check,yes,no,21.86,1,0,1,19,3,82.44,5065.85,1
C105883,48,16,month-to-month,bank-transfer,no,yes,4.02,2,0,1,12,1,60.6,1087.17,0
C105884,18,9,month-to-month,credit-card,no,no,24.46,0,2,0,10,0,49.07,516.97,1
C105885,18,59,two-year,mailed-check,yes,no,28.54,0,0,0,13,0,63.54,3807.34,0
C105886,38,72,month-to-month,electronic-check,yes,yes,29.62,0,1,0,18,2,69.39,5064.26,1
C105887,37,12,month-to-month,electronic-check,yes,no,9.68,1,0,0,12,1,54.24,730.66,1
C105888,46,48,month-to-month,mailed-check,yes,no,22.41,0,0,1,14,1,69.45,3361.21,0
C105889,39,20,two-year,electronic-check,yes,yes,54.79,0,0,0,22,2,70.84,1481.77,0
C105890,46,54,two-year,electronic-check,yes,no,13.68,1,0,1,22,0,78.21,4358.58,0
C105891,24,30,one-year,bank-transfer,no,no,52.78,1,0,3,13,3,102.13,3189.33,1
C105892,39,9,two-year,mailed-check,yes,no,16.05,2,1,0,9,1,75.3,790.24,0
C105893,23,23,one-year,electronic-check,yes,yes,46.0,0,1,0,12,3,61.5,1486.46,0
C105894,44,39,two-year,credit-card,yes,yes,34.31,0,0,1,17,1,73.47,2973.47,0
C105895,18,58,month-to-month,electronic-check,yes,yes,23.63,1,2,0,17,2,88.13,5218.14,0
C105896,43,1,month-to-month,electronic-check,no,no,30.52,0,2,1,12,1,45.51,156.65,0
C105897,21,69,two-year,electronic-check,no,yes,2.34,0,0,1,17,0,45.15,3146.1,0
C105898,34,47,month-to-month,electronic-check,yes,no,42.76,0,0,2,15,3,62.07,2953.72,1
C105899,50,63,month-to-month,mailed-check,yes,no,8.29,0,0,0,13,1,75.45,4768.07,0
C105900,42,67,one-year,electronic-check,no,no,58.1,1,0,2,16,0,73.17,4974.75,0
C105901,19,11,one-year,credit-card,no,yes,31.21,3,0,0,16,2,65.33,816.09,0
C105902,31,6,month-to-month,credit-card,no,no,9.75,0,1,1,9,1,46.56,369.94,0
C105903,21,56,month-to-month,electronic-check,yes,no,42.8,0,1,0,16,0,31.95,1822.74,0
C105904,19,13,month-to-month,credit-card,yes,no,25.04,1,0,0,11,2,50.06,749.01,0
C105905,40,10,month-to-month,bank-transfer,yes,no,36.23,0,1,0,12,1,59.23,662.2,0
C105906,46,34,month-to-month,credit-card,yes,no,21.6,0,0,1,9,1,55.67,1907.94,0
C105907,44,66,month-to-month,electronic-check,no,no,39.34,0,1,3,17,2,77.87,5248.82,1
C105908,46,58,one-year,bank-transfer,yes,no,14.12,0,0,0,15,2,79.74,4684.35,0
C105909,39,37,month-to-month,electronic-check,yes,no,17.74,0,0,2,11,0,58.86,2221.35,0
C105910,36,14,month-to-month,electronic-check,yes,no,34.09,0,0,0,12,0,49.08,782.19,0
C105911,26,24,one-year,credit-card,yes,no,58.63,2,0,0,18,1,64.17,1650.44,1
C105912,34,50,month-to-month,electronic-check,no,no,23.52,1,2,3,14,1,57.75,2960.06,0
C105913,23,11,month-to-month,mailed-check,yes,no,40.56,0,1,2,21,0,52.11,599.52,0
C105914,29,38,month-to-month,electronic-check,yes,no,38.22,1,1,1,20,3,74.56,2870.0,1
C105915,40,0,one-year,credit-card,no,no,56.07,1,0,1,19,0,67.47,84.68,0
C105916,38,23,month-to-month,mailed-check,yes,no,10.99,0,0,0,13,0,66.6,1608.0,0
C105917,76,18,month-to-month,electronic-check,yes,no,29.99,1,1,0,11,0,46.84,878.56,0
C105918,23,49,one-year,bank-transfer,yes,no,28.04,2,1,1,11,0,56.9,2863.6,0
C105919,37,66,two-year,electronic-check,yes,no,30.0,1,0,1,8,0,65.34,4382.95,1
C105920,22,10,one-year,electronic-check,yes,yes,15.72,0,0,0,20,0,54.3,578.93,1
C105921,34,58,two-year,bank-transfer,yes,no,24.0,0,0,2,18,1,62.04,3622.96,0
C105922,35,47,one-year,credit-card,yes,yes,45.78,0,0,1,12,1,77.42,3714.75,1
C105923,49,70,month-to-month,bank-transfer,no,no,11.49,0,0,0,14,0,63.42,4490.45,1
C105924,34,66,month-to-month,electronic-check,no,no,33.93,1,0,0,13,2,79.4,5307.9,0
C105925,37,7,month-to-month,electronic-check,yes,no,20.29,3,2,0,14,2,57.84,459.81,0
C105926,34,54,month-to-month,credit-card,yes,no,28.77,0,1,1,11,1,45.58,2507.28,0
C105927,22,43,month-to-month,electronic-check,yes,no,19.63,1,0,1,21,1,69.15,3023.87,1
C105928,31,8,month-to-month,bank-transfer,yes,yes,45.76,0,3,2,8,0,65.08,607.92,0
C105929,34,18,one-year,mailed-check,yes,yes,9.91,1,1,1,9,1,55.17,1036.76,0
C105930,40,67,one-year,credit-card,yes,yes,28.97,0,0,2,20,1,75.31,5132.69,1
C105931,46,39,month-to-month,mailed-check,yes,no,48.32,0,0,2,18,1,63.61,2514.31,0
C105932,36,24,month-to-month,credit-card,yes,yes,30.28,0,0,1,11,0,35.92,880.7,0
C105933,36,23,month-to-month,mailed-check,yes,no,13.14,0,0,2,16,0,61.67,1498.83,0
C105934,18,61,month-to-month,bank-transfer,no,no,12.77,0,0,0,20,2,73.25,4494.15,0
C105935,45,20,month-to-month,electronic-check,yes,no,28.61,2,0,0,18,0,54.95,1198.76,0
C105936,31,11,month-to-month,mailed-check,no,no,5.49,0,1,2,12,2,72.18,886.35,0
C105937,48,41,month-to-month,electronic-check,yes,no,34.88,2,0,2,11,1,86.56,3636.91,1
C105938,55,72,two-year,electronic-check,yes,no,7.26,2,3,1,18,1,71.63,5246.84,0
C105939,37,13,month-to-month,mailed-check,no,no,10.06,1,0,2,11,1,59.31,788.14,0
C105940,27,18,one-year,electronic-check,yes,no,65.33,1,0,2,16,0,38.16,737.53,0
C105941,39,34,month-to-month,credit-card,no,no,57.82,1,1,0,22,1,70.35,2403.05,0
C105942,43,14,month-to-month,credit-card,yes,no,17.93,0,0,0,7,1,67.03,1037.85,0
C105943,35,47,month-to-month,bank-transfer,yes,no,50.55,1,0,2,18,1,57.92,2748.3,0
C105944,32,18,two-year,mailed-check,yes,no,13.22,1,0,0,19,2,62.74,1220.46,0
C105945,46,9,month-to-month,electronic-check,yes,no,35.1,2,0,1,10,0,75.07,716.68,1
C105946,45,19,month-to-month,electronic-check,no,no,53.04,2,0,1,19,2,88.8,1777.56,0
C105947,35,67,two-year,electronic-check,yes,no,14.92,2,2,2,9,1,76.88,5230.52,1
C105948,19,68,month-to-month,bank-transfer,yes,no,7.18,1,2,0,21,1,79.17,5464.26,1
C105949,44,36,month-to-month,credit-card,yes,no,26.49,0,0,1,18,0,59.73,2230.54,0
C105950,30,29,one-year,electronic-check,yes,no,14.38,1,0,2,12,1,51.4,1504.9,0
C105951,42,59,month-to-month,electronic-check,yes,no,15.21,0,1,1,18,1,67.04,3957.9,1
C105952,41,14,two-year,electronic-check,yes,no,10.01,0,1,1,25,3,83.76,1231.44,1
C105953,18,47,month-to-month,mailed-check,yes,no,1.56,1,0,0,16,1,61.29,2979.39,0
C105954,40,49,one-year,electronic-check,no,no,16.28,1,1,0,14,1,65.39,3255.76,0
C105955,45,51,month-to-month,mailed-check,yes,no,17.58,2,0,1,17,0,62.78,3242.34,1
C105956,47,15,two-year,electronic-check,no,no,13.18,0,1,0,14,0,67.42,1142.09,0
C105957,40,52,two-year,electronic-check,no,no,9.72,1,0,0,14,1,75.69,3975.01,1
C105958,18,44,two-year,bank-transfer,yes,no,43.25,2,2,0,20,1,63.76,2901.32,1
C105959,54,63,two-year,credit-card,no,no,30.42,0,0,1,14,0,41.0,2588.06,0
C105960,44,12,one-year,electronic-check,yes,no,7.68,1,0,0,14,2,91.42,1151.65,1
C105961,25,44,month-to-month,electronic-check,yes,no,27.52,0,0,2,14,2,82.69,3751.19,1
C105962,30,60,month-to-month,electronic-check,no,no,,2,0,2,20,0,52.22,3208.14,0
C105963,42,20,month-to-month,credit-card,yes,no,40.85,0,0,0,20,2,54.14,1107.77,0
C105964,47,54,month-to-month,mailed-check,no,yes,13.36,3,1,0,15,3,95.37,5173.03,1
C105965,33,7,month-to-month,bank-transfer,no,no,46.04,0,1,0,15,1,76.0,603.03,0
C105966,49,52,one-year,mailed-check,no,no,43.97,2,0,0,13,1,63.12,3339.25,0
C105967,18,44,one-year,credit-card,yes,yes,32.76,0,0,3,19,0,61.59,2839.05,0
C105968,26,14,two-year,electronic-check,yes,no,13.1,1,0,0,9,1,81.24,1175.03,0
C105969,18,4,month-to-month,electronic-check,yes,no,19.61,1,0,3,15,1,49.62,239.6,0
C105970,28,54,one-year,mailed-check,yes,no,21.41,1,0,0,15,0,69.79,3834.86,0
C105971,57,17,one-year,mailed-check,no,no,25.59,0,0,2,16,1,53.9,967.73,0
C105972,64,36,two-year,electronic-check,yes,yes,48.52,0,1,1,16,0,43.75,1596.68,1
C105973,42,4,one-year,credit-card,yes,no,18.05,0,0,2,12,0,52.87,246.48,0
C105974,31,70,month-to-month,bank-transfer,no,no,40.31,1,0,1,17,0,73.84,5236.48,0
C105975,36,40,month-to-month,credit-card,yes,no,8.96,0,1,0,12,0,46.22,1905.56,0
C105976,45,68,two-year,credit-card,no,no,14.22,1,0,0,15,0,54.2,3771.17,0
C105977,20,11,one-year,mailed-check,yes,yes,12.18,1,2,0,14,1,44.12,540.18,0
C105978,32,15,two-year,credit-card,yes,no,40.73,2,0,1,22,3,84.32,1329.76,0
C105979,56,44,one-year,bank-transfer,yes,no,54.37,4,1,0,17,1,54.44,2488.79,0
C105980,26,44,one-year,mailed-check,yes,no,15.82,0,1,1,12,2,69.29,3128.52,1
C105981,30,57,one-year,bank-transfer,no,no,12.76,1,0,1,14,0,66.57,3870.96,0
C105982,39,67,two-year,credit-card,yes,no,20.07,1,0,0,13,3,66.6,4500.73,0
C105983,42,59,two-year,bank-transfer,yes,no,11.55,0,0,1,10,1,65.37,3963.6,0
C105984,31,10,month-to-month,bank-transfer,no,no,16.24,0,0,1,15,3,91.21,1005.85,0
C105985,40,22,month-to-month,electronic-check,yes,no,20.1,0,0,2,19,2,81.44,1903.69,0
C105986,46,66,month-to-month,credit-card,yes,no,20.24,0,2,0,14,2,61.95,4137.05,1
C105987,63,40,month-to-month,mailed-check,yes,no,6.05,1,0,0,11,3,83.77,3408.26,0
C105988,37,63,two-year,bank-transfer,no,no,15.64,2,1,0,20,2,73.4,4644.22,0
C105989,39,41,two-year,bank-transfer,no,no,63.0,1,0,1,14,3,85.89,3610.99,0
C105990,57,3,month-to-month,mailed-check,yes,no,7.07,0,0,0,13,1,70.24,245.94,0
C105991,32,34,month-to-month,electronic-check,yes,no,25.36,0,0,2,25,0,41.37,1412.87,0
C105992,23,60,month-to-month,bank-transfer,no,yes,23.69,1,0,2,20,1,59.02,3630.82,0
C105993,42,47,two-year,electronic-check,no,no,74.75,0,0,0,20,1,66.75,3221.24,0
C105994,52,9,one-year,electronic-check,yes,no,24.61,0,1,0,24,0,74.75,716.75,1
C105995,43,15,month-to-month,electronic-check,no,yes,59.71,0,0,1,18,2,58.7,844.1,1
C105996,38,62,month-to-month,bank-transfer,yes,no,24.13,0,1,0,18,0,58.79,3661.38,0
C105997,22,71,one-year,electronic-check,yes,no,15.23,0,0,0,17,0,53.75,3944.17,0
C105998,38,54,month-to-month,electronic-check,no,no,25.08,0,0,0,9,0,65.59,3611.6,0
C105999,54,7,two-year,credit-card,no,no,8.68,0,1,1,18,1,54.03,406.8,0
C106000,24,45,two-year,mailed-check,yes,no,26.57,3,0,0,17,0,54.11,2516.2,0
C106001,36,60,month-to-month,credit-card,no,no,16.34,0,0,1,17,2,59.21,3587.18,0
C106002,34,46,month-to-month,mailed-check,yes,no,15.31,2,0,2,17,1,61.15,2838.83,0
C106003,31,43,month-to-month,electronic-check,no,yes,42.92,0,1,0,18,0,65.15,2874.63,1
C106004,42,34,month-to-month,bank-transfer,yes,yes,18.64,2,0,2,22,0,60.99,2137.92,1
C106005,44,17,month-to-month,mailed-check,no,yes,4.38,0,0,2,16,0,52.02,889.05,1
C106006,44,20,month-to-month,credit-card,yes,no,31.29,1,0,1,19,2,80.05,1669.48,1
C106007,27,54,month-to-month,electronic-check,yes,yes,35.78,1,0,0,12,1,90.95,4964.85,0
C106008,19,5,two-year,credit-card,yes,no,81.22,0,0,0,19,1,57.29,354.78,0
C106009,42,6,month-to-month,mailed-check,yes,no,26.47,2,0,1,18,2,79.92,553.83,1
C106010,33,28,two-year,credit-card,yes,no,17.56,1,0,0,13,0,56.67,1679.75,0
C106011,61,56,month-to-month,electronic-check,no,no,31.61,1,0,0,15,0,69.92,3942.48,1
C106012,62,47,month-to-month,bank-transfer,yes,no,9.19,1,0,2,16,2,65.37,3148.53,1
C106013,63,43,month-to-month,electronic-check,no,no,15.27,1,0,0,18,0,67.98,2969.06,0
C106014,28,38,month-to-month,credit-card,yes,no,33.81,2,0,1,11,1,65.94,2596.61,1
C106015,46,8,month-to-month,electronic-check,yes,yes,19.61,1,1,1,15,1,61.94,480.32,1
C106016,49,24,two-year,mailed-check,yes,yes,5.38,1,1,1,18,1,64.57,1656.52,0
C106017,48,5,two-year,bank-transfer,yes,no,18.54,1,0,1,18,0,58.02,,0
C106018,35,55,month-to-month,mailed-check,yes,no,24.82,2,1,1,11,0,45.68,2563.59,0
C106019,54,54,month-to-month,credit-card,yes,no,19.06,2,0,0,19,0,56.53,3165.06,0
C106020,39,18,month-to-month,bank-transfer,yes,no,6.06,0,0,1,14,1,78.87,1481.13,0
C106021,41,21,one-year,electronic-check,yes,no,2.34,1,0,2,15,0,41.17,954.68,0
C106022,21,23,month-to-month,credit-card,yes,no,37.95,0,1,2,13,3,86.79,2107.37,1
C106023,47,64,month-to-month,mailed-check,yes,yes,35.3,1,0,0,15,3,87.67,5691.73,0
C106024,36,35,two-year,bank-transfer,yes,yes,14.05,1,0,1,15,2,74.5,2737.68,1
C106025,45,55,two-year,electronic-check,yes,no,13.61,1,2,1,14,1,64.87,3644.73,0
C106026,42,32,one-year,mailed-check,no,no,17.76,0,0,2,12,2,69.73,2291.06,0
C106027,41,50,month-to-month,credit-card,yes,yes,39.24,0,0,0,17,2,60.84,3132.11,0
C106028,38,38,month-to-month,credit-card,no,no,25.02,1,2,2,8,1,63.96,2481.28,0
C106029,48,20,month-to-month,credit-card,yes,no,51.56,1,1,2,21,0,78.57,1611.42,1
C106030,37,63,one-year,bank-transfer,no,no,24.59,1,0,0,10,0,54.96,3529.84,0
C106031,22,51,one-year,electronic-check,yes,yes,11.97,0,0,1,16,2,77.62,4046.89,0
C106032,46,56,month-to-month,mailed-check,yes,no,14.47,1,1,0,12,3,61.73,3521.19,1
C106033,29,69,two-year,electronic-check,yes,no,32.07,0,0,1,21,1,70.08,4904.38,1
C106034,23,18,month-to-month,bank-transfer,no,no,59.57,1,1,1,14,2,62.31,1166.25,0
C106035,27,6,one-year,electronic-check,yes,yes,25.84,0,0,1,18,2,69.41,457.67,0
C106036,42,42,month-to-month,credit-card,no,no,43.67,1,1,1,14,1,34.72,1529.33,1
C106037,38,23,month-to-month,electronic-check,yes,no,29.71,0,0,0,17,0,57.07,1375.57,0
C106038,18,31,month-to-month,electronic-check,yes,no,27.74,0,0,1,18,0,58.58,1877.75,0
C106039,34,17,one-year,credit-card,no,no,63.85,0,1,1,20,0,49.82,847.84,0
C106040,53,29,month-to-month,electronic-check,yes,no,10.16,2,0,0,15,0,49.17,1502.6,1
C106041,34,28,month-to-month,electronic-check,no,no,17.97,1,1,1,10,0,47.87,,1
C106042,37,25,one-year,mailed-check,no,no,15.72,1,0,0,15,1,72.69,1872.16,0
C106043,52,54,one-year,credit-card,yes,no,22.34,0,0,0,17,1,59.94,3317.25,0
C106044,49,43,one-year,electronic-check,yes,yes,6.9,0,0,0,16,0,71.96,3141.13,0
C106045,51,34,one-year,mailed-check,yes,yes,21.63,0,0,1,17,1,81.26,2843.95,0
C106046,18,8,one-year,electronic-check,no,no,13.67,0,0,1,15,2,70.2,635.87,0
C106047,60,41,one-year,bank-transfer,yes,no,14.38,0,0,0,17,3,100.33,4221.08,0
C106048,47,12,month-to-month,electronic-check,no,no,46.26,2,0,0,21,2,96.05,1253.77,1
C106049,69,22,month-to-month,bank-transfer,yes,yes,12.5,1,0,1,17,2,77.15,1785.36,0
C106050,30,30,month-to-month,mailed-check,no,no,75.18,0,1,0,21,0,48.86,1547.64,0
C106051,18,10,month-to-month,credit-card,yes,yes,25.16,1,0,0,12,2,76.79,854.24,0
C106052,39,28,month-to-month,bank-transfer,yes,no,3.13,0,0,0,20,1,70.19,2089.02,0
C106053,36,19,month-to-month,bank-transfer,no,no,43.72,0,0,1,20,1,55.67,1105.09,0
C106054,47,62,month-to-month,mailed-check,no,no,2.25,1,0,0,16,3,101.38,6387.81,0
C106055,52,62,one-year,electronic-check,yes,yes,8.48,1,0,0,15,0,63.24,4063.22,0
C106056,38,0,one-year,electronic-check,yes,yes,29.04,0,0,0,16,2,58.97,33.91,0
C106057,36,43,one-year,mailed-check,yes,yes,19.0,0,0,0,16,1,70.71,3091.29,0
C106058,45,46,two-year,electronic-check,yes,no,35.15,2,0,0,14,0,57.79,2704.48,0
C106059,36,27,month-to-month,electronic-check,yes,no,14.49,0,0,0,12,3,87.27,2501.18,0
C106060,35,34,month-to-month,mailed-check,yes,no,14.39,0,1,1,20,0,53.9,1905.32,0
C106061,51,57,month-to-month,electronic-check,yes,no,16.33,2,0,3,18,0,40.91,2402.73,0
C106062,54,27,month-to-month,electronic-check,yes,no,30.2,0,0,2,18,3,93.22,2601.17,1
C106063,52,4,month-to-month,mailed-check,yes,no,35.79,0,0,0,17,1,88.63,413.87,0
C106064,37,27,two-year,credit-card,yes,no,8.9,0,0,0,14,0,50.59,1382.88,0
C106065,18,18,month-to-month,electronic-check,yes,no,47.65,1,0,0,19,0,56.24,1058.06,0
C106066,37,27,month-to-month,credit-card,yes,yes,72.68,1,0,1,16,0,72.92,2078.22,0
C106067,30,16,month-to-month,electronic-check,yes,no,21.84,1,0,2,17,2,66.98,1133.68,1
C106068,37,10,month-to-month,credit-card,no,no,26.71,1,0,0,16,0,66.89,749.87,0
C106069,31,71,one-year,mailed-check,yes,yes,13.69,0,1,2,16,0,55.02,3892.41,0
C106070,39,9,one-year,mailed-check,no,no,42.48,2,0,0,18,3,71.32,700.47,0
C106071,27,51,one-year,bank-transfer,no,yes,2.37,1,0,1,17,2,64.18,3314.98,0
C106072,24,52,one-year,mailed-check,yes,no,56.96,1,0,0,20,0,57.92,3078.11,0
C106073,54,45,month-to-month,mailed-check,no,no,52.94,1,1,0,13,3,89.18,4161.45,0
C106074,27,66,month-to-month,mailed-check,yes,no,8.29,0,0,2,12,2,58.93,3983.9,1
C106075,39,0,one-year,credit-card,no,no,12.24,0,1,1,14,1,64.4,48.15,0
C106076,50,22,month-to-month,credit-card,yes,yes,19.56,1,1,2,16,1,38.85,847.62,0
C106077,50,13,month-to-month,mailed-check,no,no,39.41,2,1,1,14,1,70.43,1000.97,0
C106078,49,42,month-to-month,credit-card,yes,no,6.26,0,1,1,19,1,73.35,3159.42,0
C106079,43,46,one-year,electronic-check,no,no,14.97,0,0,0,24,0,46.73,2203.61,0
C106080,48,65,month-to-month,mailed-check,yes,no,32.61,1,0,0,18,3,82.76,5443.52,0
C106081,55,27,two-year,mailed-check,no,no,7.65,0,1,0,16,0,50.18,1430.72,0
C106082,44,17,month-to-month,electronic-check,no,no,20.6,0,1,0,17,0,51.46,918.21,0
C106083,18,67,month-to-month,credit-card,no,no,23.5,0,0,2,14,2,79.39,5354.18,0
C106084,33,49,month-to-month,credit-card,yes,no,9.91,0,0,0,17,1,60.56,3074.83,0
C106085,47,55,month-to-month,credit-card,yes,no,22.68,0,1,0,19,1,53.42,3001.94,0
C106086,31,32,month-to-month,bank-transfer,no,no,24.1,3,1,1,16,0,59.52,2006.41,0
C106087,58,32,one-year,mailed-check,yes,no,13.55,1,0,2,9,1,88.3,2942.59,0
C106088,38,28,month-to-month,bank-transfer,yes,no,5.56,0,0,2,13,1,71.59,2103.44,1
C106089,40,54,month-to-month,electronic-check,no,no,5.08,1,0,0,18,0,53.03,2996.41,1
C106090,52,15,month-to-month,credit-card,no,yes,31.08,0,0,0,12,2,93.24,1519.36,0
C106091,37,71,month-to-month,electronic-check,yes,no,31.02,1,2,0,16,0,70.65,5040.84,1
C106092,41,12,two-year,credit-card,yes,yes,16.99,0,0,1,9,2,77.79,976.53,0
C106093,50,33,month-to-month,bank-transfer,no,yes,19.33,2,0,0,11,1,72.09,2441.27,0
C106094,21,22,one-year,electronic-check,yes,no,15.18,0,0,0,14,0,61.05,1353.36,0
C106095,36,46,month-to-month,electronic-check,no,no,48.89,0,0,1,19,1,75.82,3520.69,0
C106096,49,49,month-to-month,mailed-check,no,no,15.41,0,0,2,16,1,80.43,4067.36,0
C106097,40,67,two-year,electronic-check,yes,no,65.31,1,1,0,16,0,50.73,3478.77,1
C106098,57,57,month-to-month,credit-card,no,no,11.54,2,0,0,22,0,53.99,3160.02,0
C106099,20,18,two-year,electronic-check,no,no,42.74,2,1,0,20,2,82.17,1538.33,1
C106100,19,15,month-to-month,mailed-check,yes,no,7.67,0,0,1,13,0,56.77,877.03,0
C106101,48,64,month-to-month,electronic-check,yes,no,27.84,1,1,2,12,1,67.93,4405.34,1
C106102,49,35,two-year,electronic-check,no,yes,6.83,1,0,0,14,1,75.35,2747.18,0
C106103,37,7,month-to-month,electronic-check,yes,no,13.67,0,0,0,17,0,44.57,350.65,0
C106104,44,60,two-year,credit-card,no,yes,42.13,2,0,0,11,0,68.91,4230.59,1
C106105,48,47,two-year,bank-transfer,yes,no,7.09,0,1,1,13,2,54.99,2697.1,0
C106106,29,1,month-to-month,credit-card,yes,no,54.96,1,0,0,8,2,73.86,136.76,0
C106107,31,57,month-to-month,mailed-check,no,yes,37.52,0,1,0,19,1,46.54,2659.11,0
C106108,41,44,two-year,electronic-check,yes,no,37.31,2,0,1,14,0,51.74,2391.9,1
C106109,50,44,month-to-month,electronic-check,yes,no,37.24,2,0,1,12,2,81.73,3696.03,1
C106110,25,63,one-year,mailed-check,yes,no,57.56,0,0,1,20,0,60.76,3856.77,0
C106111,37,36,month-to-month,electronic-check,no,no,27.91,0,0,2,9,1,63.42,2319.92,0
C106112,36,33,month-to-month,electronic-check,no,no,13.63,0,1,1,14,1,68.82,2376.97,0
C106113,44,45,month-to-month,bank-transfer,yes,no,32.68,0,0,1,17,1,69.36,3183.62,0
C106114,39,14,one-year,electronic-check,no,no,20.75,0,3,2,20,1,53.75,769.3,1
C106115,32,11,one-year,bank-transfer,no,no,50.66,0,0,2,13,1,80.33,923.41,0
C106116,54,61,one-year,bank-transfer,yes,no,21.72,1,0,0,21,2,81.36,5070.08,0
C106117,33,15,month-to-month,bank-transfer,yes,no,38.98,0,0,0,12,0,39.97,659.71,1
C106118,35,36,month-to-month,mailed-check,no,no,10.08,1,0,0,13,2,94.54,3556.01,0
C106119,20,19,month-to-month,bank-transfer,yes,no,20.32,1,0,0,14,1,64.11,1193.79,0
C106120,30,16,month-to-month,mailed-check,yes,no,20.81,0,0,0,20,3,66.93,1141.33,0
C106121,45,43,month-to-month,electronic-check,yes,no,50.84,2,0,1,15,1,52.3,2272.2,0
C106122,43,58,one-year,electronic-check,yes,no,36.96,0,1,0,13,2,60.76,3534.68,0
C106123,46,32,month-to-month,electronic-check,yes,no,10.18,0,2,1,13,0,49.83,1638.88,1
C106124,46,10,month-to-month,mailed-check,yes,no,22.36,1,0,0,15,0,47.4,534.31,0
C106125,64,17,one-year,bank-transfer,yes,no,16.88,1,0,0,17,0,42.58,802.61,1
C106126,30,12,month-to-month,credit-card,no,no,37.5,0,0,1,22,0,53.45,756.87,0
C106127,20,64,two-year,electronic-check,yes,no,40.25,0,1,1,16,2,93.62,6049.64,0
C106128,26,23,month-to-month,electronic-check,yes,no,47.63,1,1,0,16,0,49.46,1196.07,1
C106129,31,27,month-to-month,electronic-check,yes,no,39.9,0,0,0,17,0,53.46,1479.02,0
C106130,27,5,two-year,credit-card,yes,no,11.69,0,2,1,17,0,62.53,329.5,0
C106131,40,32,one-year,electronic-check,no,no,20.81,1,0,0,22,0,77.89,2611.97,1
C106132,54,66,two-year,mailed-check,yes,no,42.48,0,0,2,17,1,67.08,4529.95,1
C106133,57,29,month-to-month,electronic-check,no,yes,52.94,0,1,1,16,1,73.95,2231.24,1
C106134,45,47,month-to-month,credit-card,yes,yes,7.33,1,0,0,11,0,65.56,3165.28,1
C106135,65,13,one-year,mailed-check,no,no,32.08,2,0,1,16,0,62.76,865.3,0
C106136,35,10,month-to-month,electronic-check,no,yes,,1,0,0,20,3,63.79,713.97,0
C106137,19,53,one-year,mailed-check,yes,no,26.58,1,0,0,10,0,47.38,2564.84,1
C106138,52,4,month-to-month,bank-transfer,no,no,36.97,0,0,1,17,1,72.76,355.54,0
C106139,18,32,month-to-month,mailed-check,no,no,22.91,0,0,1,15,1,58.73,1964.74,0
C106140,30,23,month-to-month,credit-card,no,no,24.92,1,1,3,16,1,50.88,1200.61,0
C106141,45,1,one-year,credit-card,no,no,9.47,1,2,0,15,1,58.6,153.7,0
C106142,38,38,month-to-month,mailed-check,no,no,20.8,1,0,0,14,0,62.86,2496.14,0
C106143,37,70,two-year,credit-card,yes,yes,19.9,0,0,1,14,0,62.3,4444.24,0
C106144,25,5,month-to-month,credit-card,yes,no,19.17,1,1,0,14,0,56.72,345.56,0
C106145,39,59,month-to-month,mailed-check,no,no,18.86,0,1,0,8,3,59.45,3558.93,0
C106146,51,39,month-to-month,credit-card,no,no,62.05,0,1,3,16,1,71.49,2845.58,0
C106147,39,52,one-year,mailed-check,yes,no,36.58,1,2,0,15,0,41.66,2220.3,0
C106148,29,7,two-year,mailed-check,yes,yes,8.25,2,1,1,10,0,62.17,466.35,0
C106149,24,63,month-to-month,mailed-check,yes,no,4.27,0,2,0,13,1,66.91,4248.48,0
C106150,29,0,month-to-month,credit-card,yes,no,20.18,1,0,0,13,1,60.22,27.61,0
C106151,44,66,one-year,credit-card,yes,no,45.42,1,0,1,16,0,41.57,2771.31,1
C106152,43,48,month-to-month,electronic-check,yes,yes,10.38,0,0,0,15,1,78.94,3836.5,0
C106153,29,24,one-year,bank-transfer,no,yes,40.73,0,0,0,13,0,60.97,1482.97,0
C106154,18,0,one-year,bank-transfer,yes,no,12.02,0,0,0,7,0,44.52,19.24,0
C106155,44,44,month-to-month,credit-card,yes,no,16.86,0,0,1,13,0,73.71,3313.53,0
C106156,28,6,one-year,mailed-check,yes,no,19.47,1,0,0,16,1,67.33,460.98,1
C106157,47,44,one-year,electronic-check,no,yes,22.9,0,0,0,16,2,62.66,2827.96,0
C106158,30,56,month-to-month,electronic-check,yes,yes,6.57,0,0,0,18,1,75.42,4334.33,1
C106159,27,19,month-to-month,electronic-check,yes,no,8.04,1,2,3,13,2,83.99,1689.44,1
C106160,41,17,month-to-month,electronic-check,no,yes,16.57,2,0,0,14,1,71.57,1249.72,0
C106161,67,16,one-year,electronic-check,no,yes,5.23,0,1,1,8,1,66.79,1171.04,1
C106162,48,16,one-year,electronic-check,yes,no,15.4,1,0,4,7,3,67.12,1137.15,0
C106163,41,8,month-to-month,credit-card,yes,no,26.74,0,1,0,16,2,58.57,535.92,0
C106164,43,18,month-to-month,mailed-check,no,no,9.77,2,1,2,8,0,50.77,977.67,0
C106165,18,48,month-to-month,mailed-check,yes,no,15.0,2,1,1,21,1,41.8,2056.05,0
C106166,26,22,month-to-month,bank-transfer,yes,yes,24.26,1,0,0,11,0,59.86,1439.69,1
C106167,18,57,month-to-month,electronic-check,no,yes,7.28,0,0,0,7,0,54.46,3154.16,0
C106168,60,59,month-to-month,bank-transfer,no,yes,26.92,0,0,1,16,1,65.82,3983.43,0
C106169,57,55,month-to-month,credit-card,yes,no,20.96,0,0,0,15,0,75.03,4202.82,0
C106170,44,39,one-year,mailed-check,no,no,11.53,1,1,0,13,3,62.92,2520.04,0
C106171,41,23,one-year,mailed-check,yes,yes,48.44,0,1,0,22,2,73.26,1747.38,0
C106172,20,67,month-to-month,electronic-check,no,no,9.27,1,0,0,12,1,49.82,3335.12,1
C106173,36,14,one-year,mailed-check,no,no,28.17,1,0,0,16,0,71.97,1100.51,0
C106174,61,33,month-to-month,bank-transfer,yes,no,28.85,1,2,0,13,0,44.38,1533.95,0
C106175,41,33,month-to-month,electronic-check,no,no,9.38,0,1,2,11,0,78.28,2564.67,0
C106176,32,54,two-year,,no,no,11.97,0,0,0,8,1,55.63,3058.55,0
C106177,18,39,month-to-month,mailed-check,yes,no,31.69,1,1,1,11,1,68.98,2762.9,0
C106178,56,58,month-to-month,electronic-check,no,no,38.72,0,0,0,14,0,63.45,3742.82,0
C106179,38,67,month-to-month,electronic-check,no,no,27.19,2,0,0,15,2,81.67,5569.19,0
C106180,18,28,one-year,mailed-check,yes,no,31.59,1,0,3,17,0,44.03,1262.97,0
C106181,28,63,month-to-month,electronic-check,yes,no,15.41,1,0,1,15,2,58.15,3728.05,0
C106182,24,12,two-year,,yes,no,44.21,3,0,1,25,3,69.54,964.98,1
C106183,37,66,month-to-month,credit-card,no,no,5.53,2,1,0,18,1,74.6,4940.18,0
C106184,41,12,month-to-month,bank-transfer,yes,no,25.5,0,0,0,13,2,76.98,1018.91,1
C106185,33,62,month-to-month,electronic-check,yes,no,43.24,3,1,1,16,3,88.14,5541.16,0
C106186,48,28,one-year,mailed-check,yes,no,39.94,0,0,1,13,0,47.39,1356.68,1
C106187,40,70,month-to-month,bank-transfer,yes,no,1.61,2,1,0,21,0,52.06,3741.88,0
C106188,52,9,two-year,bank-transfer,yes,no,37.26,0,0,0,14,1,62.06,623.07,0
C106189,35,33,two-year,credit-card,yes,no,15.17,0,0,0,15,3,74.25,2517.8,0
C106190,76,65,month-to-month,mailed-check,yes,yes,14.88,0,0,3,14,1,72.88,4815.11,1
C106191,32,3,month-to-month,electronic-check,no,no,26.22,1,1,0,15,0,71.44,246.9,1
C106192,28,19,month-to-month,mailed-check,yes,no,9.07,0,1,3,9,0,48.5,1014.24,0
C106193,27,6,one-year,credit-card,yes,no,28.89,0,0,1,14,0,51.16,377.24,0
C106194,36,23,one-year,bank-transfer,yes,no,41.84,2,1,0,13,0,61.09,1443.49,1
C106195,18,28,month-to-month,credit-card,no,no,52.95,1,0,4,11,2,77.9,2242.28,0
C106196,43,45,two-year,,yes,yes,,1,0,0,21,3,99.87,4596.14,0
C106197,18,18,month-to-month,credit-card,yes,no,26.8,0,1,0,10,3,75.62,1467.82,0
C106198,41,11,two-year,mailed-check,no,no,13.6,0,1,1,14,0,53.37,609.01,0
C106199,23,12,two-year,credit-card,yes,no,10.65,1,0,0,12,3,113.51,1446.88,0
C106200,34,68,month-to-month,credit-card,yes,no,76.39,0,0,1,17,0,63.55,4404.57,1
C106201,46,69,month-to-month,credit-card,yes,no,17.44,0,0,1,12,0,64.65,4505.55,0
C106202,67,16,month-to-month,credit-card,no,yes,2.42,1,0,0,16,0,36.22,603.51,1
C106203,26,14,two-year,mailed-check,yes,no,11.58,0,0,0,10,2,72.87,1104.44,0
C106204,37,3,month-to-month,bank-transfer,no,no,14.3,0,0,0,20,0,69.42,222.46,1
C106205,30,70,two-year,bank-transfer,no,no,37.66,0,1,2,20,1,68.93,4923.51,0
C106206,29,51,month-to-month,credit-card,no,no,55.18,1,0,1,18,0,57.49,2966.34,1
C106207,30,55,month-to-month,bank-transfer,yes,no,40.35,0,1,1,14,0,34.78,2015.64,0
C106208,49,21,two-year,bank-transfer,no,no,32.61,3,0,0,14,0,55.4,1283.74,0
C106209,33,46,month-to-month,mailed-check,yes,no,56.1,0,0,2,15,0,73.4,3498.92,1
C106210,66,4,one-year,credit-card,yes,no,39.51,1,1,0,21,0,57.52,260.7,0
C106211,44,49,month-to-month,credit-card,yes,no,48.28,0,0,0,14,0,63.65,3145.77,0
C106212,27,42,month-to-month,bank-transfer,yes,no,14.26,1,0,0,15,1,59.49,2549.93,0
C106213,35,24,month-to-month,mailed-check,no,no,8.32,2,0,1,20,0,51.58,1319.04,0
C106214,29,51,month-to-month,credit-card,no,no,10.42,3,0,1,9,1,66.21,3471.42,1
C106215,49,47,one-year,credit-card,no,no,19.89,0,1,2,11,0,62.26,2982.17,1
C106216,19,32,month-to-month,mailed-check,no,no,69.54,0,0,1,24,0,68.57,,0
C106217,23,13,month-to-month,bank-transfer,yes,yes,15.02,1,0,0,24,2,81.26,1142.77,1
C106218,32,1,month-to-month,bank-transfer,no,no,10.69,0,0,4,18,0,51.71,49.17,0
C106219,47,68,one-year,bank-transfer,yes,yes,91.88,1,0,0,23,0,63.1,4363.5,0
C106220,54,20,two-year,electronic-check,yes,no,27.74,2,0,0,12,1,52.78,1107.89,0
C106221,56,22,one-year,electronic-check,yes,no,16.33,0,0,2,8,2,69.13,1554.09,0
C106222,45,49,two-year,credit-card,no,no,7.36,1,1,0,15,2,50.2,,1
C106223,38,18,month-to-month,credit-card,no,no,6.7,0,2,1,20,0,37.3,711.75,0
C106224,49,27,month-to-month,mailed-check,no,no,42.8,0,0,0,12,0,60.03,1705.68,0
C106225,25,51,month-to-month,credit-card,no,no,3.67,0,1,1,15,1,67.62,3553.55,0
C106226,18,43,month-to-month,mailed-check,yes,no,21.69,1,1,2,19,1,48.77,2119.1,1
C106227,44,47,one-year,electronic-check,yes,yes,54.14,1,1,1,13,0,64.95,3126.59,0
C106228,27,0,one-year,bank-transfer,yes,no,14.81,0,0,2,16,1,64.62,14.32,0
C106229,38,32,month-to-month,electronic-check,no,no,27.73,0,1,0,12,3,101.82,3356.22,0
C106230,40,34,two-year,electronic-check,yes,no,12.69,0,2,0,22,0,73.26,2538.7,0
C106231,42,46,month-to-month,credit-card,yes,no,71.22,1,2,3,14,2,50.52,2371.2,1
C106232,50,11,one-year,mailed-check,yes,no,30.1,2,1,1,9,0,79.89,953.53,0
C106233,49,11,month-to-month,electronic-check,no,no,53.09,1,0,0,19,2,87.09,1017.44,1
C106234,41,55,one-year,mailed-check,yes,no,23.41,0,0,1,12,2,90.18,5082.37,0
C106235,34,49,month-to-month,bank-transfer,no,no,27.4,0,1,0,16,1,63.77,3206.29,1
C106236,40,59,two-year,bank-transfer,yes,no,32.85,1,0,1,15,2,81.71,4898.66,0
C106237,32,19,two-year,electronic-check,yes,no,19.64,2,1,1,17,2,80.3,1695.35,1
C106238,37,72,month-to-month,mailed-check,no,no,39.51,0,0,0,22,2,84.56,6133.26,0
C106239,70,19,month-to-month,mailed-check,yes,no,21.99,0,1,1,8,1,72.78,1411.62,0
C106240,41,47,one-year,bank-transfer,no,no,35.33,0,1,0,18,0,63.94,3120.18,0
C106241,44,11,one-year,credit-card,no,no,54.63,0,0,0,16,1,77.21,958.42,0
C106242,31,67,month-to-month,mailed-check,yes,no,25.62,1,0,1,23,0,33.43,2313.16,0
C106243,51,24,one-year,credit-card,no,no,14.24,2,0,0,8,3,73.44,1886.57,0
C106244,48,58,two-year,credit-card,no,no,51.86,1,0,0,14,0,58.33,3490.07,0
C106245,48,24,one-year,electronic-check,yes,no,32.82,1,2,3,14,1,55.62,1362.09,0
C106246,42,57,month-to-month,electronic-check,yes,no,17.06,1,2,1,16,1,80.05,4638.19,1
C106247,51,33,two-year,bank-transfer,yes,no,12.43,0,0,2,13,0,75.34,2586.59,0
C106248,54,4,month-to-month,,yes,no,0.72,0,0,1,15,0,56.93,238.28,0
C106249,42,13,month-to-month,electronic-check,yes,no,23.54,2,0,0,18,0,58.26,791.28,0
C106250,38,49,two-year,electronic-check,no,yes,22.47,0,0,0,12,1,66.06,3365.81,0
C106251,50,14,month-to-month,bank-transfer,no,no,11.32,1,0,1,15,1,47.65,674.08,0
C106252,28,20,month-to-month,credit-card,yes,no,11.54,1,2,2,10,0,45.32,969.64,0
C106253,30,39,one-year,electronic-check,no,yes,12.33,4,1,1,16,2,67.82,2714.88,1
C106254,38,18,two-year,mailed-check,no,no,21.48,0,1,2,11,0,66.13,1272.81,0
C106255,18,9,month-to-month,electronic-check,no,no,43.36,1,0,0,18,1,62.31,579.9,1
C106256,49,45,month-to-month,credit-card,no,no,19.49,1,1,1,15,0,55.4,2566.14,1
C106257,27,50,month-to-month,bank-transfer,yes,no,16.29,0,0,0,15,1,62.2,3113.13,0
C106258,33,53,month-to-month,mailed-check,yes,no,8.82,1,0,1,18,1,62.89,3384.81,1
C106259,36,68,month-to-month,credit-card,yes,no,3.6,0,0,0,21,2,101.12,6973.45,0
C106260,39,9,month-to-month,mailed-check,yes,no,9.04,1,0,1,19,2,73.2,740.48,0
C106261,35,31,two-year,credit-card,yes,no,15.0,0,1,0,16,1,77.64,2527.07,0
C106262,38,17,one-year,electronic-check,yes,no,13.36,0,1,0,23,3,78.35,1380.1,1
C106263,38,65,two-year,electronic-check,yes,no,26.48,2,0,0,17,1,50.11,3339.83,0
C106264,34,39,two-year,mailed-check,yes,no,24.14,1,0,1,18,0,67.24,2739.47,1
C106265,30,7,two-year,electronic-check,yes,no,9.27,0,1,1,11,1,68.11,519.37,0
C106266,52,50,one-year,credit-card,yes,no,26.61,1,0,1,13,1,73.07,3669.02,0
C106267,18,3,month-to-month,mailed-check,yes,no,11.72,2,0,0,15,1,87.77,339.77,1
C106268,37,20,two-year,electronic-check,yes,no,20.11,0,0,2,13,1,64.3,1391.05,0
C106269,33,52,month-to-month,credit-card,no,no,8.79,2,0,0,16,0,60.3,3240.12,0
C106270,44,36,month-to-month,mailed-check,no,no,26.52,1,0,0,14,0,52.62,1921.94,0
C106271,22,55,month-to-month,mailed-check,no,no,12.87,0,0,1,14,1,68.02,3814.54,0
C106272,33,41,month-to-month,electronic-check,no,no,51.86,0,1,0,14,0,61.35,2602.6,0
C106273,38,61,month-to-month,credit-card,no,no,13.6,0,0,0,10,2,74.93,4680.75,0
C106274,52,41,one-year,bank-transfer,no,no,8.17,0,0,0,14,2,75.1,3180.43,0
C106275,43,4,month-to-month,credit-card,yes,no,13.36,1,1,2,15,0,37.24,236.16,1
C106276,25,5,month-to-month,bank-transfer,yes,no,10.84,0,0,1,9,0,73.98,471.95,1
C106277,33,56,month-to-month,mailed-check,no,no,2.97,2,1,1,19,1,61.31,3493.7,0
C106278,50,2,two-year,electronic-check,no,no,55.29,1,1,1,19,0,77.37,241.54,0
C106279,25,27,month-to-month,bank-transfer,yes,no,30.5,1,1,1,11,3,77.09,2166.78,1
C106280,38,1,month-to-month,electronic-check,yes,no,24.19,0,1,0,27,2,63.5,151.07,1
C106281,39,22,one-year,credit-card,yes,yes,17.78,0,0,3,12,0,53.64,1184.2,0
C106282,34,43,two-year,electronic-check,yes,no,8.84,0,0,1,12,1,59.91,2615.73,0
C106283,71,12,month-to-month,mailed-check,yes,no,4.61,2,1,0,20,0,59.61,787.6,0
C106284,34,34,one-year,bank-transfer,yes,no,19.92,0,0,0,13,2,82.1,2904.51,1
C106285,44,72,month-to-month,mailed-check,yes,yes,21.64,1,1,0,12,3,92.26,6768.38,1
C106286,30,5,two-year,bank-transfer,no,no,16.85,1,0,0,13,1,57.58,263.11,0
C106287,45,4,one-year,credit-card,no,yes,73.28,1,0,0,15,0,52.21,303.78,0
C106288,49,19,one-year,bank-transfer,no,no,2.87,1,0,1,17,0,64.4,1293.28,0
C106289,32,60,month-to-month,credit-card,yes,no,18.68,1,0,1,13,1,51.57,3093.19,0
C106290,38,29,one-year,mailed-check,yes,no,3.03,0,0,2,13,1,74.47,2210.73,0
C106291,28,46,month-to-month,mailed-check,no,yes,16.18,1,0,0,18,3,71.32,3295.93,1
C106292,25,2,month-to-month,credit-card,yes,no,14.93,0,0,3,16,0,50.6,163.98,1
C106293,51,53,one-year,electronic-check,no,no,5.64,2,0,0,11,0,21.58,1151.85,0
C106294,32,4,one-year,electronic-check,yes,no,9.95,0,0,1,14,1,70.5,335.41,0
C106295,18,51,month-to-month,electronic-check,yes,no,16.83,0,0,0,9,1,80.42,4261.18,1
C106296,60,10,two-year,bank-transfer,yes,no,17.73,0,0,0,22,1,49.37,563.22,0
C106297,29,62,month-to-month,bank-transfer,yes,no,12.39,0,0,1,12,2,82.97,5263.12,0
C106298,36,21,one-year,electronic-check,yes,no,47.18,1,0,0,14,1,72.69,1591.44,0
C106299,59,13,month-to-month,electronic-check,yes,no,38.64,0,2,2,19,0,50.98,715.56,1
C106300,37,24,month-to-month,electronic-check,yes,no,7.69,0,0,0,14,0,60.64,1513.74,0
C106301,37,0,two-year,mailed-check,yes,no,7.47,0,0,2,16,2,90.04,,0
C106302,24,12,month-to-month,electronic-check,no,no,10.88,0,0,0,15,1,61.52,833.31,0
C106303,19,43,two-year,credit-card,yes,no,24.79,1,1,0,11,2,82.28,3624.92,0
C106304,37,21,month-to-month,credit-card,no,no,15.14,0,2,1,12,1,65.81,1418.26,1
C106305,43,25,one-year,credit-card,no,yes,22.57,1,0,1,9,1,72.08,1922.27,0
C106306,43,58,month-to-month,credit-card,yes,no,39.51,1,2,2,21,2,49.91,2949.25,0
C106307,33,9,one-year,credit-card,yes,no,9.79,1,0,0,18,3,91.75,854.54,0
C106308,39,28,two-year,bank-transfer,yes,yes,3.91,1,0,2,11,0,70.02,2117.66,0
C106309,18,13,one-year,bank-transfer,yes,no,27.96,0,0,1,12,0,47.67,680.69,0
C106310,45,35,month-to-month,credit-card,no,yes,9.68,0,0,1,10,0,46.27,1669.46,0
C106311,41,24,one-year,bank-transfer,no,no,26.71,1,0,1,13,0,76.02,1836.03,0
C106312,63,3,one-year,mailed-check,yes,yes,23.94,0,0,1,18,2,76.61,335.35,0
C106313,39,5,month-to-month,electronic-check,yes,no,42.37,0,0,1,20,1,46.84,232.78,0
C106314,28,62,one-year,bank-transfer,no,no,25.46,1,0,0,18,1,59.68,3823.11,0
C106315,38,4,one-year,credit-card,yes,no,20.86,1,0,1,19,1,48.34,163.72,0
C106316,35,57,one-year,bank-transfer,yes,yes,19.96,0,0,1,19,2,71.22,4160.25,0
C106317,44,66,month-to-month,mailed-check,yes,no,61.39,0,0,0,12,2,71.29,4830.27,0
C106318,39,34,month-to-month,bank-transfer,yes,no,22.74,1,0,0,14,2,85.22,2991.64,0
C106319,24,22,two-year,credit-card,yes,no,16.33,1,0,2,14,0,56.33,1300.36,1
C106320,19,56,one-year,bank-transfer,no,no,13.43,1,0,1,19,1,80.88,4621.49,0
C106321,42,71,month-to-month,mailed-check,no,no,27.91,0,0,1,12,0,58.04,4117.69,0
C106322,56,8,two-year,mailed-check,yes,no,55.59,1,1,1,9,1,43.86,375.68,1
C106323,40,70,month-to-month,mailed-check,no,yes,31.61,0,1,2,10,0,64.28,4574.19,0
C106324,49,68,month-to-month,credit-card,yes,yes,49.6,2,0,0,12,1,65.94,4580.59,0
C106325,51,10,one-year,electronic-check,yes,no,33.16,0,0,1,21,3,77.85,887.41,0
C106326,42,3,one-year,credit-card,no,no,6.1,0,1,3,12,1,76.13,269.47,0
C106327,29,52,two-year,electronic-check,no,yes,76.88,0,0,1,16,0,69.6,3716.37,0
C106328,41,5,one-year,credit-card,no,no,24.31,1,0,1,7,2,58.62,376.77,0
C106329,53,43,month-to-month,mailed-check,yes,no,61.94,0,2,2,14,1,73.59,3166.51,1
C106330,45,4,month-to-month,bank-transfer,yes,no,49.42,0,0,1,18,1,82.6,359.34,0
C106331,48,50,month-to-month,bank-transfer,no,no,5.28,1,1,0,13,1,64.23,3308.44,1
C106332,33,16,two-year,credit-card,yes,no,20.37,1,0,3,15,2,53.89,916.51,0
C106333,37,7,month-to-month,credit-card,no,no,11.96,1,0,1,8,0,60.48,523.81,1
C106334,38,4,month-to-month,electronic-check,no,no,10.54,1,1,0,12,1,57.5,356.27,0
C106335,38,13,month-to-month,electronic-check,yes,yes,26.48,1,0,0,15,2,68.82,1008.54,0
C106336,53,39,month-to-month,electronic-check,no,no,37.07,2,0,0,13,2,61.26,2433.19,0
C106337,18,5,month-to-month,bank-transfer,no,no,7.44,1,0,0,12,2,75.14,436.46,0
C106338,39,58,one-year,bank-transfer,no,no,6.59,1,2,1,16,1,57.47,3387.39,0
C106339,38,44,month-to-month,,yes,no,22.04,0,0,0,7,2,91.39,4133.36,0
C106340,23,21,two-year,credit-card,yes,no,33.27,0,0,1,12,2,91.08,2046.68,0
C106341,47,72,two-year,electronic-check,yes,yes,41.38,1,0,1,13,2,74.68,5392.11,0
C106342,30,48,month-to-month,,yes,no,59.57,1,1,1,19,0,47.17,2316.12,0
C106343,35,49,two-year,mailed-check,no,no,54.91,3,0,1,17,0,49.24,2495.03,0
C106344,61,12,month-to-month,bank-transfer,no,no,29.23,2,1,1,17,3,94.93,1279.39,0
C106345,51,51,month-to-month,electronic-check,yes,no,32.91,1,2,1,14,2,80.68,4240.28,0
C106346,46,40,month-to-month,credit-card,no,yes,39.82,2,0,0,13,2,69.32,2782.61,1
C106347,44,71,two-year,bank-transfer,no,no,6.91,1,0,1,10,1,62.6,4446.82,0
C106348,37,34,one-year,bank-transfer,yes,yes,19.31,1,1,1,17,1,69.28,2442.33,1
C106349,63,49,month-to-month,electronic-check,yes,no,49.45,0,0,0,17,1,80.0,4061.63,0
C106350,49,24,one-year,credit-card,yes,no,10.44,2,0,0,18,2,71.56,1798.98,1
C106351,30,2,one-year,credit-card,yes,no,5.3,0,0,3,18,1,73.38,219.96,0
C106352,22,9,one-year,mailed-check,no,yes,10.72,0,0,1,18,0,55.6,514.7,0
C106353,46,63,month-to-month,electronic-check,yes,no,13.31,2,0,0,16,1,66.43,4227.44,0
C106354,38,53,two-year,mailed-check,yes,no,22.15,0,0,1,12,1,57.62,3079.53,0
C106355,22,26,one-year,mailed-check,no,no,32.59,0,2,1,16,2,76.84,2066.12,0
C106356,44,50,month-to-month,electronic-check,no,no,40.65,0,0,0,18,2,93.16,4729.72,0
C106357,36,0,two-year,bank-transfer,no,no,29.85,0,0,0,17,1,69.72,91.08,0
C106358,45,2,month-to-month,electronic-check,no,yes,51.88,1,0,1,14,1,73.6,265.97,0
C106359,44,37,one-year,credit-card,yes,yes,12.86,0,0,0,14,2,58.3,2205.92,0
C106360,32,45,one-year,mailed-check,no,no,12.55,0,0,1,25,3,94.68,4337.58,0
C106361,47,68,month-to-month,bank-transfer,yes,no,8.27,1,0,1,14,0,30.84,2108.04,0
C106362,33,55,month-to-month,credit-card,yes,yes,20.67,0,0,0,13,2,81.19,4608.95,1
C106363,34,18,one-year,mailed-check,yes,no,11.64,0,0,0,14,0,72.96,1347.76,0
C106364,33,59,two-year,electronic-check,yes,no,43.01,1,0,0,13,0,51.21,3078.75,0
C106365,53,35,two-year,mailed-check,yes,no,6.61,2,0,1,10,2,72.13,2557.62,0
C106366,36,60,one-year,mailed-check,no,no,49.81,2,0,1,12,0,69.46,4170.54,0
C106367,55,12,month-to-month,credit-card,yes,no,10.24,0,0,2,10,0,45.75,580.18,0
C106368,60,1,month-to-month,credit-card,yes,no,45.6,0,0,0,17,0,63.35,129.7,0
C106369,30,4,one-year,bank-transfer,no,yes,13.29,1,0,1,16,1,56.47,250.6,0
C106370,18,72,month-to-month,credit-card,no,no,36.31,3,0,1,19,1,71.48,5183.42,0
C106371,52,5,one-year,electronic-check,no,no,22.34,2,0,0,17,1,60.35,319.67,0
C106372,35,68,month-to-month,electronic-check,no,no,35.16,0,0,0,13,3,46.52,3200.29,0
C106373,29,53,month-to-month,electronic-check,yes,no,3.76,0,0,1,11,0,42.62,2295.07,0
C106374,32,10,one-year,bank-transfer,yes,no,17.39,0,2,1,11,3,73.01,853.77,0
C106375,34,63,one-year,electronic-check,no,no,47.49,0,0,0,14,0,80.25,5167.14,0
C106376,55,10,one-year,electronic-check,no,no,20.02,2,0,1,16,0,53.27,584.1,1
C106377,41,10,month-to-month,credit-card,yes,no,12.52,2,2,3,11,0,47.15,473.56,1
C106378,54,42,two-year,electronic-check,yes,no,6.25,3,0,0,8,2,79.44,3373.91,0
C106379,45,21,month-to-month,electronic-check,yes,no,11.03,0,0,1,6,1,26.51,600.92,0
C106380,35,21,one-year,mailed-check,yes,yes,52.36,0,0,0,9,1,81.15,1864.76,0
C106381,34,14,one-year,electronic-check,yes,no,30.96,2,0,1,16,1,72.41,1078.25,0
C106382,46,44,month-to-month,electronic-check,yes,no,37.04,1,1,2,10,1,54.41,2387.56,0
C106383,49,1,one-year,electronic-check,yes,no,16.57,0,0,0,13,0,64.67,153.09,0
C106384,51,17,one-year,electronic-check,yes,no,15.53,2,0,0,22,2,79.33,1468.77,1
C106385,36,40,month-to-month,credit-card,no,no,36.85,0,1,1,11,1,65.98,2716.94,0
C106386,41,35,one-year,mailed-check,yes,no,43.8,1,0,1,21,1,71.7,2579.02,0
C106387,46,51,month-to-month,bank-transfer,yes,no,14.3,1,1,2,19,1,66.23,3417.32,1
C106388,34,15,two-year,bank-transfer,yes,no,31.51,1,0,2,15,3,85.85,1341.67,0
C106389,25,47,month-to-month,credit-card,no,no,27.45,1,1,0,15,2,84.22,4058.28,0
C106390,29,55,month-to-month,,yes,no,5.78,0,1,0,9,2,66.49,3692.07,0
C106391,36,28,one-year,mailed-check,no,yes,26.34,0,1,1,10,2,77.83,2268.97,0
C106392,47,18,month-to-month,electronic-check,yes,yes,21.35,0,0,0,22,3,64.74,1201.71,1
C106393,54,40,two-year,electronic-check,no,yes,6.87,3,1,2,13,0,39.99,,1
C106394,23,42,month-to-month,electronic-check,yes,no,34.68,0,0,0,19,3,62.3,2664.81,0
C106395,32,6,month-to-month,credit-card,no,yes,8.96,0,0,0,11,2,71.91,499.48,0
C106396,35,41,month-to-month,bank-transfer,no,no,12.86,0,0,1,11,2,75.17,3173.02,0
C106397,49,11,month-to-month,electronic-check,yes,no,111.84,0,0,1,24,1,55.4,706.43,0
C106398,33,41,month-to-month,electronic-check,yes,yes,12.15,0,0,1,12,0,51.11,2173.67,0
C106399,34,68,month-to-month,credit-card,yes,no,16.97,0,0,1,17,1,50.11,3461.23,1
C106400,22,39,month-to-month,mailed-check,yes,no,5.55,0,1,2,21,2,77.71,3110.3,1
C106401,45,55,month-to-month,electronic-check,no,no,73.85,0,0,2,18,0,71.27,3952.12,1
C106402,37,22,month-to-month,credit-card,yes,no,54.86,0,1,3,12,2,87.63,2006.58,1
C106403,31,67,month-to-month,bank-transfer,no,no,2.59,0,0,1,16,2,72.08,4951.99,0
C106404,36,59,month-to-month,mailed-check,yes,no,101.69,0,1,0,19,0,58.98,3543.26,1
C106405,53,66,month-to-month,mailed-check,yes,yes,65.97,0,1,1,21,0,37.3,2472.91,0
C106406,27,54,month-to-month,bank-transfer,no,no,24.42,0,0,2,14,1,48.84,2713.07,0
C106407,29,47,month-to-month,electronic-check,yes,no,10.64,2,2,0,16,0,71.66,3446.27,1
C106408,54,38,month-to-month,credit-card,yes,no,51.74,0,0,1,17,1,70.07,2666.17,0
C106409,40,67,month-to-month,credit-card,yes,no,36.84,0,0,1,16,1,80.3,5430.2,0
C106410,47,61,two-year,bank-transfer,yes,no,80.26,0,0,4,16,2,52.43,3208.59,0
C106411,44,30,month-to-month,bank-transfer,no,yes,75.0,0,0,1,20,3,86.31,2639.34,0
C106412,39,6,month-to-month,credit-card,yes,no,21.67,0,0,1,10,3,66.09,439.85,0
C106413,35,0,one-year,electronic-check,yes,no,24.81,0,0,3,11,1,35.54,57.6,1
C106414,49,17,month-to-month,electronic-check,yes,no,9.89,0,2,3,15,3,72.23,1266.37,1
C106415,53,4,month-to-month,credit-card,yes,no,10.9,1,1,1,11,0,77.53,340.83,1
C106416,52,15,one-year,electronic-check,yes,yes,19.45,0,1,1,9,3,70.7,1157.02,0
C106417,25,7,one-year,bank-transfer,yes,no,34.45,1,0,0,9,1,83.75,665.6,0
C106418,55,71,two-year,mailed-check,yes,no,79.46,0,1,0,14,2,74.54,5396.86,0
C106419,35,6,two-year,electronic-check,yes,no,11.19,0,1,0,10,1,83.39,588.3,1
C106420,30,45,one-year,electronic-check,no,yes,20.27,3,0,0,22,2,87.27,4144.85,0
C106421,37,25,one-year,credit-card,yes,no,40.16,1,0,4,16,1,85.41,2215.12,0
C106422,49,12,month-to-month,electronic-check,no,yes,24.44,1,0,0,14,2,70.8,890.96,1
C106423,45,51,two-year,electronic-check,yes,no,32.46,0,0,0,19,2,81.83,4264.02,0
C106424,36,70,one-year,mailed-check,yes,no,23.1,0,1,1,11,0,57.82,4094.09,1
C106425,49,57,month-to-month,electronic-check,no,yes,7.56,0,0,0,12,1,98.67,5734.57,1
C106426,41,71,month-to-month,bank-transfer,yes,no,50.53,0,0,0,12,1,75.16,5400.06,0
C106427,32,43,one-year,credit-card,yes,no,33.02,1,0,1,16,0,55.25,2473.37,0
C106428,31,49,month-to-month,bank-transfer,yes,no,13.98,0,0,0,14,0,80.24,4055.91,0
C106429,44,10,two-year,bank-transfer,yes,no,18.55,0,0,1,13,3,98.94,1067.43,0
C106430,38,62,month-to-month,mailed-check,yes,no,12.8,0,1,1,14,2,67.58,4282.67,0
C106431,22,54,two-year,credit-card,yes,no,36.0,0,0,1,13,1,68.89,3819.89,0
C106432,49,18,month-to-month,credit-card,yes,yes,4.79,0,2,0,10,0,50.71,1000.11,1
C106433,33,25,one-year,credit-card,yes,no,12.35,1,2,0,14,0,36.86,909.94,0
C106434,58,44,month-to-month,electronic-check,yes,no,16.69,1,0,0,10,0,58.2,2633.74,0
C106435,22,0,month-to-month,electronic-check,yes,no,16.9,3,0,0,17,2,42.67,6.21,0
C106436,37,59,month-to-month,electronic-check,no,no,9.28,0,0,0,10,0,56.52,3373.59,0
C106437,31,20,month-to-month,electronic-check,no,no,22.72,0,1,0,20,1,66.0,1389.33,0
C106438,27,5,month-to-month,electronic-check,yes,no,4.87,0,0,0,18,2,64.46,365.09,0
C106439,33,24,two-year,credit-card,yes,no,36.5,0,0,2,9,1,64.21,1605.66,0
C106440,60,61,month-to-month,electronic-check,no,no,62.71,2,1,0,20,3,85.92,5356.73,1
C106441,41,20,one-year,electronic-check,yes,yes,27.9,0,0,3,13,0,36.17,770.21,0
C106442,29,39,one-year,credit-card,no,no,9.37,0,0,1,16,3,55.07,2186.29,0
C106443,18,59,month-to-month,credit-card,no,no,34.13,0,0,0,15,3,80.14,4814.58,0
C106444,18,2,two-year,electronic-check,yes,no,17.1,0,0,0,16,1,69.53,216.16,0
C106445,33,55,one-year,electronic-check,no,yes,27.87,0,1,1,16,2,75.79,4264.07,0
C106446,31,21,one-year,credit-card,yes,no,23.44,0,1,2,14,3,83.41,1801.58,1
C106447,36,50,two-year,credit-card,yes,yes,39.49,0,0,3,9,3,71.94,3659.38,0
C106448,18,13,one-year,bank-transfer,no,no,27.55,0,1,0,5,1,60.18,843.18,0
C106449,38,10,two-year,mailed-check,no,no,15.98,1,0,0,16,3,52.96,638.0,0
C106450,51,57,month-to-month,bank-transfer,yes,no,11.8,2,0,0,13,0,57.83,3326.69,0
C106451,58,58,month-to-month,credit-card,no,yes,17.92,0,0,1,21,1,73.31,4334.6,0
C106452,18,71,one-year,electronic-check,yes,no,43.19,1,1,0,13,3,98.38,7065.6,0
C106453,29,49,month-to-month,mailed-check,no,no,17.5,1,1,0,19,3,80.49,3988.88,0
C106454,29,34,one-year,credit-card,no,no,31.93,1,0,2,14,2,64.22,2261.95,0
C106455,41,14,month-to-month,bank-transfer,no,no,33.46,0,0,0,16,0,48.7,710.29,0
C106456,24,21,month-to-month,electronic-check,yes,yes,19.27,1,0,0,15,3,74.4,1671.63,0
C106457,59,47,two-year,bank-transfer,yes,yes,18.14,2,1,1,17,2,63.98,3042.99,0
C106458,40,25,month-to-month,bank-transfer,no,no,21.03,0,0,2,13,3,70.63,1833.01,0
C106459,38,35,month-to-month,electronic-check,yes,no,5.44,1,0,2,11,2,64.52,2331.72,1
C106460,58,12,one-year,electronic-check,no,yes,30.01,0,0,2,14,0,68.41,889.07,0
C106461,39,32,one-year,electronic-check,yes,no,14.8,1,0,1,19,2,80.82,2617.7,0
C106462,44,17,two-year,credit-card,yes,no,25.47,1,0,2,17,1,74.75,1299.18,0
C106463,30,8,month-to-month,electronic-check,yes,no,13.71,1,0,0,12,0,46.35,434.23,1
C106464,23,9,two-year,credit-card,yes,no,54.15,0,1,0,19,0,74.7,790.77,0
C106465,32,37,one-year,mailed-check,yes,no,54.9,1,0,0,15,0,62.44,2328.96,0
C106466,65,26,two-year,credit-card,yes,no,33.42,0,0,1,13,0,61.83,1586.97,0
C106467,47,7,month-to-month,credit-card,no,yes,2.15,0,1,0,16,0,54.44,449.98,0
C106468,42,37,month-to-month,credit-card,yes,no,19.86,0,0,2,6,1,37.31,1437.78,0
C106469,27,11,month-to-month,credit-card,yes,no,39.71,0,0,0,12,0,73.91,915.83,0
C106470,50,1,one-year,mailed-check,yes,no,86.8,2,0,0,15,0,63.85,141.52,0
C106471,23,9,month-to-month,electronic-check,no,no,7.25,0,0,1,7,2,67.13,695.49,0
C106472,20,32,month-to-month,electronic-check,yes,no,2.31,0,1,0,15,0,79.97,2707.38,0
C106473,32,69,one-year,bank-transfer,no,no,14.82,1,0,1,11,0,56.09,3904.17,0
C106474,62,17,month-to-month,electronic-check,yes,no,13.41,0,0,0,15,0,51.32,964.45,1
C106475,62,20,month-to-month,mailed-check,yes,no,33.23,1,0,0,19,1,55.05,1220.35,0
C106476,34,17,month-to-month,electronic-check,yes,no,9.04,0,0,0,13,3,69.37,1252.44,0
C106477,31,25,two-year,credit-card,yes,yes,14.0,1,0,0,18,2,63.19,1635.56,0
C106478,19,52,one-year,electronic-check,yes,no,15.19,1,0,2,15,0,50.53,2657.75,0
C106479,40,23,one-year,electronic-check,yes,no,26.0,0,0,0,17,1,64.65,1505.3,0
C106480,41,48,two-year,bank-transfer,yes,no,32.01,3,1,2,11,1,70.69,3356.6,0
C106481,48,65,one-year,mailed-check,no,yes,12.19,1,0,0,17,0,33.87,2275.55,0
C106482,50,69,month-to-month,credit-card,yes,no,26.13,0,0,0,12,0,46.89,3266.41,0
C106483,37,41,one-year,bank-transfer,no,yes,2.56,2,0,2,14,1,47.19,1976.43,0
C106484,46,52,two-year,credit-card,yes,no,57.33,0,0,0,12,2,84.9,4465.0,0
C106485,31,67,month-to-month,electronic-check,no,no,10.24,0,0,0,17,0,63.68,4324.95,0
C106486,45,57,one-year,electronic-check,no,no,45.74,0,1,1,12,0,34.81,2056.94,0
C106487,33,21,month-to-month,bank-transfer,yes,no,13.34,2,0,0,13,0,52.47,1131.84,0
C106488,45,9,two-year,electronic-check,yes,yes,32.94,0,0,0,20,1,86.44,930.44,0
C106489,44,8,one-year,credit-card,yes,no,17.18,1,1,1,14,0,64.86,,0
C106490,40,64,two-year,credit-card,yes,no,37.89,0,0,1,16,2,69.85,4544.43,0
C106491,49,40,one-year,electronic-check,yes,yes,43.75,1,0,1,14,1,71.44,2964.2,0
C106492,20,21,month-to-month,bank-transfer,yes,no,53.61,2,3,0,21,2,91.77,2049.53,0
C106493,26,25,month-to-month,mailed-check,yes,no,29.38,1,0,3,16,2,96.69,2545.26,1
C106494,36,20,two-year,electronic-check,no,yes,3.77,1,0,3,16,1,56.71,1280.52,1
C106495,22,58,month-to-month,mailed-check,yes,yes,9.35,0,0,1,13,1,76.98,4571.98,1
C106496,34,44,month-to-month,bank-transfer,yes,no,55.21,2,0,0,14,1,58.34,,0
C106497,35,64,one-year,credit-card,yes,no,19.02,1,0,1,19,2,66.44,4349.49,1
C106498,55,22,month-to-month,electronic-check,yes,no,17.98,0,1,1,16,2,66.15,1492.74,0
C106499,41,34,month-to-month,bank-transfer,no,no,34.15,1,0,1,15,2,81.27,2851.48,0
C106500,51,8,month-to-month,electronic-check,no,no,30.61,0,0,2,20,2,81.51,811.43,1
C106501,43,70,month-to-month,electronic-check,no,no,75.09,1,2,1,14,1,69.54,4923.78,1
C106502,33,37,one-year,bank-transfer,yes,no,20.93,1,1,1,17,2,65.58,2518.29,0
C106503,41,40,month-to-month,bank-transfer,yes,no,18.71,0,1,2,11,3,66.3,2698.55,0
C106504,48,30,month-to-month,bank-transfer,yes,no,42.63,1,0,1,14,0,64.67,1974.82,0
C106505,53,19,two-year,credit-card,yes,no,35.26,0,0,0,15,1,67.09,1323.97,0
C106506,37,69,month-to-month,electronic-check,no,no,7.28,0,0,1,11,2,81.08,5735.1,0
C106507,19,35,one-year,mailed-check,no,no,19.0,1,0,0,14,2,79.67,2882.64,0
C106508,18,49,month-to-month,electronic-check,no,no,78.55,1,0,4,20,1,82.54,4117.92,0
C106509,35,2,month-to-month,credit-card,yes,no,11.3,0,0,0,18,1,77.77,224.32,0
C106510,18,20,one-year,electronic-check,no,no,18.38,0,0,2,18,1,73.23,1529.52,0
C106511,61,58,one-year,electronic-check,no,no,66.3,0,0,0,20,1,61.33,3623.37,0
C106512,46,6,two-year,credit-card,yes,no,65.39,0,0,0,22,3,69.3,454.93,0
C106513,31,7,month-to-month,mailed-check,yes,no,50.42,0,0,1,12,2,72.8,600.35,0
C106514,26,59,month-to-month,bank-transfer,no,no,16.57,0,0,1,15,0,54.9,3331.55,1
C106515,51,22,month-to-month,credit-card,yes,no,12.78,1,0,1,16,1,57.7,1323.88,0
C106516,26,19,month-to-month,mailed-check,yes,no,41.78,0,0,0,15,1,69.6,1345.88,0
C106517,27,41,month-to-month,mailed-check,yes,no,57.01,0,0,0,12,2,72.74,3064.26,0
C106518,30,14,two-year,credit-card,yes,no,20.64,0,0,0,15,1,55.84,794.45,0
C106519,40,3,one-year,bank-transfer,no,yes,28.91,0,1,0,23,3,91.71,316.31,0
C106520,46,0,month-to-month,electronic-check,no,no,11.97,0,0,2,12,2,80.44,105.35,1
C106521,53,5,month-to-month,credit-card,no,yes,5.85,1,1,1,15,1,64.09,301.94,1
C106522,52,11,month-to-month,mailed-check,yes,no,6.32,2,0,0,16,1,76.81,927.4,0
C106523,39,50,month-to-month,credit-card,no,no,20.85,1,0,0,15,3,65.59,3375.57,0
C106524,51,21,one-year,bank-transfer,yes,no,10.96,0,1,1,14,1,57.39,1338.06,0
C106525,31,5,two-year,electronic-check,yes,no,27.41,0,0,1,14,1,59.99,301.01,0
C106526,18,1,month-to-month,credit-card,no,no,12.71,1,0,0,10,2,86.14,159.38,0
C106527,31,34,month-to-month,electronic-check,no,no,48.67,1,1,1,9,0,61.88,2137.48,0
C106528,29,61,month-to-month,credit-card,no,no,15.74,0,2,1,13,1,106.69,6632.07,0
C106529,31,24,month-to-month,,yes,no,17.62,1,0,0,14,2,63.45,1551.72,1
C106530,27,4,two-year,credit-card,yes,no,55.3,0,0,0,15,2,75.58,455.57,0
C106531,33,16,one-year,electronic-check,no,no,25.63,0,0,0,18,3,74.7,1236.06,0
C106532,46,36,two-year,mailed-check,yes,no,27.74,0,0,3,17,2,78.23,2897.82,0
C106533,60,13,two-year,electronic-check,yes,no,17.99,1,0,0,11,0,66.49,952.8,0
C106534,18,71,month-to-month,mailed-check,no,no,23.69,2,1,2,17,2,76.24,5508.0,1
C106535,24,55,one-year,mailed-check,yes,no,8.4,1,1,0,14,1,67.94,3796.55,0
C106536,30,25,one-year,bank-transfer,yes,no,,0,1,0,15,0,53.24,1325.9,0
C106537,48,69,month-to-month,mailed-check,yes,no,13.67,1,0,0,14,0,75.43,5270.97,1
C106538,37,23,month-to-month,credit-card,yes,no,7.01,1,0,3,14,0,49.76,1139.49,0
C106539,30,10,one-year,electronic-check,yes,no,42.47,1,0,1,15,3,52.57,575.25,0
C106540,48,68,two-year,mailed-check,yes,no,30.8,0,0,2,13,1,57.32,3965.75,0
C106541,50,70,month-to-month,bank-transfer,yes,yes,33.86,0,0,0,14,1,91.65,6488.87,0
C106542,39,22,two-year,electronic-check,yes,no,21.91,0,1,2,14,0,42.12,953.02,0
C106543,29,43,two-year,bank-transfer,yes,no,58.63,0,1,0,17,1,72.83,3164.91,0
C106544,42,12,two-year,bank-transfer,no,no,13.09,0,0,0,15,2,62.64,907.61,0
C106545,36,46,month-to-month,bank-transfer,yes,no,20.41,0,2,1,7,2,88.29,4169.3,0
C106546,36,50,month-to-month,bank-transfer,no,no,3.21,0,3,1,13,2,87.87,4438.69,0
C106547,33,51,one-year,credit-card,no,yes,1.16,0,0,0,15,2,62.46,3210.4,0
C106548,50,41,month-to-month,credit-card,yes,no,25.81,1,0,2,14,2,90.05,3797.95,0
C106549,42,51,month-to-month,electronic-check,yes,no,31.17,0,0,1,14,2,88.75,4546.52,1
C106550,51,40,one-year,mailed-check,no,no,24.54,1,0,1,18,1,67.39,2734.66,0
C106551,55,59,month-to-month,credit-card,yes,yes,31.29,1,1,0,17,0,56.01,3390.7,0
C106552,45,13,month-to-month,electronic-check,yes,no,41.74,1,0,3,15,1,61.06,888.65,0
C106553,33,35,two-year,mailed-check,yes,no,20.35,1,0,0,16,0,46.45,1682.37,0
C106554,51,30,month-to-month,bank-transfer,no,no,17.11,0,0,2,13,1,50.44,1563.15,0
C106555,45,38,two-year,electronic-check,yes,no,9.72,0,2,3,14,3,85.62,3394.91,0
C106556,70,10,month-to-month,mailed-check,yes,no,27.41,0,0,3,21,1,69.51,725.68,0
C106557,43,23,month-to-month,credit-card,yes,no,45.45,0,0,0,19,0,62.71,1481.22,1
C106558,47,69,month-to-month,electronic-check,no,no,35.59,0,0,1,15,1,78.55,5557.25,0
C106559,42,7,month-to-month,electronic-check,yes,no,74.77,0,0,2,16,2,77.55,616.81,0
C106560,38,46,month-to-month,credit-card,no,no,23.21,1,0,0,14,1,74.5,3519.77,1
C106561,36,48,two-year,credit-card,no,no,15.72,1,0,3,13,2,58.73,2881.57,0
C106562,43,34,two-year,bank-transfer,yes,no,19.57,0,1,2,14,2,96.73,3483.74,0
C106563,45,2,month-to-month,mailed-check,yes,no,37.92,0,0,0,14,1,65.05,176.93,0
C106564,53,2,month-to-month,electronic-check,no,no,31.14,1,0,0,10,1,55.26,200.0,1
C106565,43,20,one-year,credit-card,yes,no,13.66,1,0,0,19,0,54.47,1082.18,1
C106566,33,7,month-to-month,electronic-check,yes,yes,26.44,1,1,1,13,0,75.57,614.54,1
C106567,35,6,month-to-month,credit-card,yes,no,12.43,0,0,1,15,0,47.82,375.49,1
C106568,23,11,month-to-month,credit-card,yes,no,31.31,1,0,1,14,0,58.06,728.18,0
C106569,59,13,month-to-month,electronic-check,yes,yes,4.16,0,0,3,10,2,58.29,834.94,1
C106570,33,61,month-to-month,bank-transfer,no,no,5.67,0,1,1,16,0,60.16,3758.29,0
C106571,51,46,month-to-month,credit-card,no,no,7.1,2,1,3,13,1,75.64,3532.2,0
C106572,42,2,one-year,credit-card,yes,no,10.02,0,1,0,12,1,68.39,233.92,0
C106573,43,45,month-to-month,bank-transfer,yes,no,29.23,1,0,1,18,3,72.97,3426.34,0
C106574,38,9,month-to-month,electronic-check,yes,yes,37.26,0,0,0,13,1,60.52,583.14,1
C106575,30,30,month-to-month,bank-transfer,no,no,21.37,3,1,0,17,2,72.66,2310.68,1
C106576,27,2,month-to-month,bank-transfer,yes,no,7.03,0,0,0,14,2,78.91,241.6,1
C106577,60,6,two-year,bank-transfer,no,yes,42.94,0,0,1,16,1,76.15,548.09,0
C106578,40,9,one-year,electronic-check,no,no,20.02,1,0,0,12,0,43.71,351.22,0
C106579,53,31,two-year,credit-card,no,no,49.03,0,0,1,16,0,52.13,1625.91,1
C106580,56,33,month-to-month,mailed-check,yes,no,23.16,2,1,0,24,1,84.03,2855.61,1
C106581,34,25,month-to-month,electronic-check,yes,no,4.98,3,0,0,14,1,70.39,1871.12,0
C106582,44,45,month-to-month,electronic-check,yes,no,11.45,0,0,0,12,1,68.08,3113.05,0
C106583,40,52,month-to-month,electronic-check,no,no,4.23,1,0,1,17,2,86.57,4563.0,1
C106584,25,53,one-year,mailed-check,no,no,1.99,0,0,0,22,2,42.25,2264.44,0
C106585,37,42,month-to-month,electronic-check,no,no,16.0,3,0,1,14,0,64.04,2826.34,1
C106586,46,39,month-to-month,mailed-check,yes,no,23.41,1,1,1,15,1,94.41,3812.48,0
C106587,33,35,month-to-month,electronic-check,no,no,29.45,0,1,0,9,0,57.67,2068.18,0
C106588,35,17,month-to-month,electronic-check,yes,yes,38.8,2,0,3,13,0,60.68,1092.86,0
C106589,37,35,month-to-month,electronic-check,yes,no,14.25,2,0,0,13,1,61.57,2140.3,0
C106590,64,0,one-year,mailed-check,no,no,7.22,0,0,0,11,0,43.97,8.98,0
C106591,18,70,two-year,mailed-check,no,yes,23.1,1,1,3,16,0,50.42,3545.46,0
C106592,45,27,month-to-month,mailed-check,no,no,14.34,1,0,0,12,0,66.62,1856.95,1
C106593,36,55,month-to-month,bank-transfer,no,no,36.08,3,0,0,13,2,86.0,4859.92,0
C106594,31,69,month-to-month,mailed-check,yes,no,14.85,0,0,2,20,1,52.78,3683.68,0
C106595,36,36,month-to-month,bank-transfer,no,no,29.53,1,0,2,15,3,77.88,2841.27,0
C106596,47,62,one-year,electronic-check,no,no,65.19,1,0,2,20,3,73.34,4606.93,0
C106597,48,34,month-to-month,mailed-check,yes,no,34.99,0,0,0,10,2,76.53,2667.66,0
C106598,41,9,two-year,electronic-check,yes,no,52.7,1,0,0,20,2,73.06,724.24,0
C106599,52,1,two-year,mailed-check,yes,no,5.2,0,0,0,14,0,54.48,105.84,1
C106600,54,9,month-to-month,bank-transfer,yes,no,6.58,0,0,0,15,2,66.05,677.67,0
C106601,49,68,two-year,credit-card,no,yes,24.08,1,0,2,20,1,87.12,5975.8,1
C106602,32,34,one-year,bank-transfer,no,no,34.79,2,1,2,16,2,77.73,2770.94,0
C106603,45,23,two-year,mailed-check,no,no,28.93,0,0,1,10,0,50.46,1181.18,1
C106604,45,32,month-to-month,electronic-check,yes,no,10.87,2,2,2,12,2,67.98,2257.22,0
C106605,29,18,two-year,credit-card,yes,no,33.06,1,0,1,13,0,52.37,957.98,0
C106606,20,63,month-to-month,electronic-check,yes,no,25.46,2,0,0,17,2,92.9,5910.01,0
C106607,18,72,month-to-month,electronic-check,no,no,14.77,0,0,1,15,0,73.99,5440.86,1
C106608,40,6,two-year,electronic-check,yes,no,50.47,0,0,2,12,3,76.14,560.56,0
C106609,43,52,month-to-month,credit-card,yes,no,34.6,0,2,0,15,3,85.06,4550.88,1
C106610,25,24,month-to-month,credit-card,no,no,45.72,0,1,2,19,1,43.76,1131.02,0
C106611,52,3,month-to-month,electronic-check,yes,no,24.18,1,0,1,15,3,53.78,146.58,0
C106612,41,67,month-to-month,electronic-check,no,no,31.62,2,1,3,22,0,58.5,3997.42,0
C106613,55,4,month-to-month,bank-transfer,no,no,28.64,1,0,1,16,1,61.71,314.43,1
C106614,43,15,month-to-month,electronic-check,no,no,4.57,2,0,0,20,2,65.25,1007.05,0
C106615,26,1,month-to-month,electronic-check,no,no,21.68,0,0,1,13,2,68.96,112.34,0
C106616,44,34,two-year,mailed-check,no,yes,27.44,1,1,1,11,1,70.94,2446.26,0
C106617,47,43,month-to-month,mailed-check,yes,no,40.63,2,0,2,17,0,59.0,2613.08,1
C106618,32,23,two-year,mailed-check,yes,no,10.96,3,1,2,15,0,68.15,1671.45,0
C106619,22,5,one-year,bank-transfer,yes,no,22.82,0,1,0,19,0,87.59,526.48,0
C106620,40,8,one-year,bank-transfer,yes,no,48.48,2,0,2,15,0,45.06,340.86,0
C106621,27,68,one-year,bank-transfer,no,no,17.95,0,2,0,12,2,54.4,3746.85,0
C106622,52,58,two-year,electronic-check,yes,no,5.53,0,0,0,7,1,84.27,4915.68,0
C106623,34,68,month-to-month,electronic-check,yes,no,34.35,1,0,1,25,0,56.37,3969.97,1
C106624,60,38,one-year,credit-card,no,no,24.23,0,0,1,15,0,66.14,2616.1,0
C106625,18,39,two-year,electronic-check,yes,no,4.13,1,0,1,7,0,41.79,1703.06,0
C106626,41,57,one-year,mailed-check,yes,no,19.22,1,0,0,18,1,47.63,2710.06,0
C106627,56,45,month-to-month,electronic-check,no,no,22.2,0,0,1,11,0,66.74,3104.66,0
C106628,28,31,one-year,,yes,no,18.03,1,1,0,18,2,60.47,1943.84,1
C106629,37,21,one-year,mailed-check,yes,no,23.28,1,0,0,16,0,73.63,1612.63,0
C106630,34,35,month-to-month,electronic-check,yes,no,25.05,1,1,0,10,3,86.07,3113.62,1
C106631,31,4,one-year,bank-transfer,no,yes,26.3,1,0,1,17,2,59.96,220.75,0
C106632,42,14,two-year,mailed-check,no,no,20.16,0,0,1,14,1,83.76,1261.58,0
C106633,23,53,month-to-month,credit-card,yes,yes,36.73,0,0,0,14,0,63.74,3430.05,1
C106634,38,63,month-to-month,bank-transfer,yes,no,35.82,1,0,1,16,1,66.57,4237.12,1
C106635,45,7,month-to-month,electronic-check,no,yes,13.55,3,2,1,15,3,73.36,554.73,0
C106636,36,7,one-year,credit-card,yes,no,55.92,0,2,0,13,1,43.59,332.09,0
C106637,27,6,month-to-month,credit-card,yes,no,12.63,0,1,1,6,1,50.25,339.44,0
C106638,51,57,one-year,electronic-check,yes,no,26.24,0,1,1,14,1,74.97,4364.22,0
C106639,48,22,month-to-month,bank-transfer,yes,no,27.71,0,0,1,16,1,65.06,1484.36,1
C106640,27,23,two-year,bank-transfer,yes,yes,8.08,0,0,1,12,3,97.47,2236.99,0
C106641,23,0,one-year,bank-transfer,yes,yes,6.46,1,0,0,8,1,70.68,50.47,0
C106642,28,70,two-year,electronic-check,yes,no,14.53,0,0,0,12,0,41.52,2944.11,0
C106643,46,31,month-to-month,electronic-check,yes,no,33.37,0,1,0,18,1,54.48,1740.78,0
C106644,42,58,month-to-month,electronic-check,no,no,1.61,4,0,1,20,2,66.07,3960.46,0
C106645,48,51,one-year,electronic-check,yes,no,16.62,3,0,1,8,3,66.07,3402.78,1
C106646,35,10,month-to-month,mailed-check,no,no,7.58,0,0,0,13,2,71.03,730.24,0
C106647,28,58,month-to-month,credit-card,yes,yes,39.59,3,0,2,20,2,85.82,5094.24,1
C106648,50,40,month-to-month,mailed-check,yes,no,16.21,0,0,1,11,1,71.8,2948.3,0
C106649,32,44,month-to-month,mailed-check,no,yes,28.05,0,1,1,16,0,71.84,3265.18,0
C106650,41,14,one-year,electronic-check,yes,no,20.53,3,0,1,16,0,61.1,,1
C106651,20,61,month-to-month,mailed-check,no,no,36.24,0,1,0,11,0,52.14,3209.62,1
C106652,32,68,month-to-month,credit-card,no,no,15.57,1,1,1,6,1,50.76,3521.32,0
C106653,51,29,month-to-month,credit-card,yes,no,12.85,0,1,3,13,2,86.02,2557.47,1
C106654,30,6,month-to-month,mailed-check,no,no,7.48,1,2,0,13,1,64.61,499.51,1
C106655,49,61,month-to-month,mailed-check,no,no,25.36,0,0,0,18,0,66.03,4056.53,0
C106656,18,64,two-year,electronic-check,no,no,33.48,0,0,0,12,1,57.9,3828.9,0
C106657,32,36,two-year,credit-card,yes,no,9.26,0,1,0,14,3,91.74,3379.77,1
C106658,37,42,two-year,electronic-check,yes,no,19.83,2,1,0,14,1,81.77,3530.54,0
C106659,60,16,month-to-month,,yes,no,55.29,0,0,2,19,1,56.74,932.48,0
C106660,25,4,month-to-month,mailed-check,yes,no,16.72,0,0,1,22,3,83.13,402.38,1
C106661,47,68,month-to-month,electronic-check,yes,no,8.48,0,0,1,8,1,43.71,3077.01,0
C106662,52,35,one-year,electronic-check,yes,yes,16.24,1,0,0,9,1,56.25,2000.76,0
C106663,30,20,one-year,credit-card,yes,no,15.56,0,0,0,12,1,53.68,1125.86,1
C106664,35,50,one-year,electronic-check,no,yes,35.52,0,0,0,13,1,55.75,2890.61,0
C106665,41,1,month-to-month,electronic-check,no,no,23.44,0,0,2,14,1,59.26,88.44,0
C106666,21,5,one-year,electronic-check,yes,no,4.15,0,0,0,16,1,56.42,368.32,0
C106667,34,17,two-year,electronic-check,yes,no,42.09,1,1,0,15,1,64.99,1158.89,1
C106668,54,32,month-to-month,credit-card,yes,no,11.07,1,0,0,17,3,54.85,1753.94,1
C106669,45,26,two-year,bank-transfer,yes,no,7.92,0,0,0,15,2,89.02,2435.45,0
C106670,37,13,one-year,credit-card,yes,no,20.51,1,0,0,14,0,43.48,695.64,0
C106671,40,25,month-to-month,credit-card,no,no,12.86,1,1,3,12,2,76.76,2038.67,1
C106672,46,24,two-year,bank-transfer,yes,no,37.69,1,0,1,10,0,52.16,1315.87,1
C106673,48,38,two-year,bank-transfer,yes,yes,24.53,0,0,1,14,0,68.82,2664.04,1
C106674,32,41,one-year,mailed-check,yes,no,16.29,0,0,1,10,0,52.04,2195.14,1
C106675,57,64,month-to-month,bank-transfer,yes,no,11.15,1,1,1,13,1,82.2,5373.02,0
C106676,55,58,month-to-month,bank-transfer,no,no,56.88,0,0,0,11,1,73.38,4285.73,0
C106677,47,21,one-year,bank-transfer,no,no,47.86,0,0,1,16,3,66.94,1390.68,0
C106678,29,65,month-to-month,mailed-check,yes,no,19.94,0,3,0,13,1,61.6,4009.98,1
C106679,27,38,month-to-month,bank-transfer,yes,yes,3.73,2,1,1,17,0,54.69,2106.79,0
C106680,35,13,month-to-month,electronic-check,no,yes,16.13,1,0,1,7,1,73.72,1019.25,0
C106681,40,24,month-to-month,bank-transfer,no,no,34.94,2,0,1,11,1,68.99,1707.87,1
C106682,18,54,one-year,mailed-check,yes,no,9.76,1,0,0,15,3,81.32,4469.66,0
C106683,45,59,month-to-month,mailed-check,yes,no,59.92,1,0,0,16,0,49.42,2929.86,0
C106684,54,27,month-to-month,mailed-check,yes,no,54.76,0,0,1,22,2,85.51,2400.07,1
C106685,46,11,month-to-month,bank-transfer,yes,yes,13.26,2,0,1,10,0,51.56,605.85,1
C106686,31,14,month-to-month,bank-transfer,yes,no,10.63,1,3,2,10,1,54.95,804.0,0
C106687,29,7,month-to-month,electronic-check,no,yes,38.9,1,1,1,15,1,55.44,442.63,1
C106688,43,51,month-to-month,mailed-check,yes,no,29.67,0,0,0,14,3,94.97,4916.31,0
C106689,37,36,month-to-month,electronic-check,no,yes,17.27,0,1,2,27,0,38.21,1463.24,0
C106690,44,32,month-to-month,electronic-check,no,yes,40.83,0,2,0,13,1,76.74,2514.81,0
C106691,46,49,one-year,electronic-check,no,no,7.29,2,0,2,20,0,55.69,2780.02,0
C106692,52,60,month-to-month,bank-transfer,yes,no,19.06,0,1,1,10,0,49.58,3078.47,0
C106693,25,58,one-year,credit-card,yes,no,48.28,1,0,2,16,0,49.29,2882.99,0
C106694,42,10,month-to-month,electronic-check,no,no,33.4,2,0,0,13,1,64.96,747.78,1
C106695,35,43,one-year,credit-card,no,no,38.65,0,0,2,18,2,68.13,2979.93,1
C106696,38,64,one-year,mailed-check,yes,no,93.69,0,2,0,18,3,74.56,4920.1,0
C106697,49,56,month-to-month,credit-card,no,no,27.43,1,0,1,22,1,75.45,4283.32,0
C106698,51,24,one-year,mailed-check,no,no,27.88,1,0,2,14,3,77.91,1907.23,0
C106699,56,28,one-year,bank-transfer,no,yes,7.77,2,0,2,17,0,55.56,1650.33,0
C106700,44,64,month-to-month,mailed-check,yes,no,16.11,3,0,3,13,0,46.34,3090.21,0
C106701,38,2,one-year,electronic-check,no,no,32.09,2,2,0,13,1,73.82,241.17,1
C106702,36,38,one-year,electronic-check,yes,no,30.8,1,1,1,14,0,71.51,2777.41,0
C106703,18,8,month-to-month,bank-transfer,yes,no,40.05,1,0,1,15,0,60.03,492.09,0
C106704,55,65,two-year,credit-card,yes,no,22.34,1,0,2,16,2,100.68,6654.37,0
C106705,35,2,month-to-month,bank-transfer,no,no,22.07,0,0,1,12,1,57.8,234.11,1
C106706,45,1,one-year,bank-transfer,yes,no,19.17,1,1,1,11,1,73.41,170.85,0
C106707,47,24,two-year,electronic-check,yes,no,4.12,0,0,2,10,0,50.69,1256.04,0
C106708,24,14,two-year,bank-transfer,yes,no,8.23,0,0,0,16,0,49.71,730.91,0
C106709,28,36,one-year,credit-card,yes,yes,18.66,0,0,0,15,0,72.9,2708.24,0
C106710,58,21,one-year,mailed-check,yes,yes,44.2,1,0,1,23,0,53.3,1137.96,1
C106711,42,26,month-to-month,mailed-check,yes,no,23.17,0,0,1,21,0,44.92,1222.78,0
C106712,32,41,month-to-month,electronic-check,yes,no,19.55,0,0,2,18,0,34.4,1482.54,0
C106713,37,40,two-year,electronic-check,yes,no,20.77,0,0,1,12,0,56.34,2326.64,1
C106714,52,68,month-to-month,electronic-check,yes,no,18.03,0,0,0,12,2,58.19,4020.07,0
C106715,50,35,two-year,bank-transfer,no,no,17.83,0,0,0,22,1,85.7,3047.59,0
C106716,21,41,month-to-month,credit-card,yes,no,11.87,0,0,0,13,1,83.79,3535.01,0
C106717,59,49,month-to-month,electronic-check,no,yes,25.17,1,0,0,18,0,20.52,993.53,0
C106718,51,12,month-to-month,credit-card,yes,no,44.52,0,0,0,21,2,96.52,1282.32,0
C106719,37,48,month-to-month,credit-card,yes,no,21.92,0,0,2,11,1,51.79,2565.33,0
C106720,25,62,month-to-month,bank-transfer,yes,no,26.95,2,1,0,12,1,76.22,4752.85,1
C106721,52,23,month-to-month,credit-card,yes,no,23.2,0,0,0,11,0,69.1,1627.93,0
C106722,45,13,two-year,credit-card,yes,no,30.8,1,0,1,17,2,91.8,1278.94,1
C106723,22,25,one-year,electronic-check,no,no,19.0,0,3,1,11,0,77.73,1998.86,1
C106724,36,20,one-year,credit-card,yes,no,3.89,1,0,1,17,1,49.11,1011.9,1
C106725,77,42,month-to-month,mailed-check,yes,yes,10.86,1,1,0,5,0,43.1,1880.15,0
C106726,39,63,month-to-month,electronic-check,yes,yes,19.97,1,0,0,14,0,65.91,4241.8,0
C106727,30,43,one-year,electronic-check,yes,no,62.68,0,0,1,18,0,60.11,2669.91,0
C106728,27,9,month-to-month,bank-transfer,yes,no,11.74,1,0,2,9,2,86.53,888.96,1
C106729,60,22,month-to-month,credit-card,yes,no,14.13,1,0,0,12,2,71.91,1716.24,0
C106730,49,50,two-year,mailed-check,yes,no,13.52,0,0,1,12,2,87.19,4438.81,0
C106731,56,24,month-to-month,bank-transfer,no,no,4.75,1,0,1,19,0,39.74,1017.15,0
C106732,42,42,two-year,electronic-check,yes,no,20.34,1,0,1,14,1,90.47,3809.92,0
C106733,54,50,month-to-month,credit-card,yes,no,3.28,0,1,0,18,0,84.82,4277.67,0
C106734,29,24,month-to-month,electronic-check,no,no,25.49,1,0,1,19,0,34.88,895.01,1
C106735,41,47,month-to-month,bank-transfer,yes,no,31.29,0,0,1,11,3,90.17,4329.64,0
C106736,42,29,two-year,bank-transfer,no,yes,2.81,0,0,1,18,1,41.28,1237.86,0
C106737,56,9,one-year,electronic-check,no,no,93.66,1,0,0,18,1,78.06,775.18,0
C106738,43,27,one-year,credit-card,yes,no,6.02,2,1,0,10,0,43.91,1156.1,0
C106739,31,32,month-to-month,credit-card,yes,yes,9.24,0,0,1,18,0,61.07,1981.45,1
C106740,40,0,two-year,mailed-check,yes,yes,73.78,0,1,0,17,3,79.75,78.24,0
C106741,19,65,one-year,bank-transfer,no,no,5.58,1,0,2,7,0,60.22,4020.42,0
C106742,18,38,one-year,credit-card,yes,no,22.41,2,0,1,15,1,62.06,2428.38,0
C106743,49,2,one-year,electronic-check,no,no,27.94,0,0,1,12,2,69.36,202.2,1
C106744,35,63,one-year,electronic-check,yes,no,16.92,0,0,1,15,2,75.78,4846.82,1
C106745,36,62,one-year,bank-transfer,no,no,16.9,1,0,2,17,0,35.52,2212.43,0
C106746,49,0,month-to-month,bank-transfer,no,no,27.63,1,0,0,12,0,64.09,115.88,1
C106747,56,11,two-year,bank-transfer,yes,no,46.56,0,0,0,14,0,54.03,639.38,1
C106748,45,26,month-to-month,bank-transfer,yes,no,22.38,1,0,1,15,1,45.72,1292.13,0
C106749,62,37,two-year,bank-transfer,yes,no,65.5,2,1,1,19,1,75.04,2840.52,0
C106750,45,52,month-to-month,electronic-check,yes,yes,5.61,0,0,1,19,1,56.52,2992.8,1
C106751,43,30,month-to-month,electronic-check,yes,no,64.21,1,0,1,13,0,58.21,1800.64,0
C106752,42,44,month-to-month,electronic-check,yes,yes,15.58,3,0,1,11,1,67.96,3067.52,0
C106753,24,0,one-year,mailed-check,no,no,63.78,0,0,1,17,0,58.0,8.68,0
C106754,50,48,month-to-month,bank-transfer,no,no,,0,1,2,18,2,68.89,3376.56,1
C106755,18,66,two-year,credit-card,no,no,9.61,0,0,0,19,0,62.64,4175.08,0
C106756,32,38,one-year,mailed-check,yes,no,25.66,0,1,2,12,0,53.23,2073.5,0
C106757,39,33,month-to-month,bank-transfer,yes,no,3.75,0,0,0,21,2,91.74,3105.73,1
C106758,30,21,month-to-month,electronic-check,yes,no,12.2,0,0,2,13,3,97.01,2074.44,0
C106759,34,69,one-year,mailed-check,no,no,17.01,1,0,2,13,1,56.02,3907.97,0
C106760,61,2,two-year,credit-card,no,no,20.47,0,0,0,21,0,49.51,180.24,0
C106761,52,20,month-to-month,electronic-check,no,no,47.55,0,0,4,17,2,80.28,1679.6,1
C106762,31,10,two-year,credit-card,yes,no,13.95,1,0,3,14,2,92.18,994.56,1
C106763,33,63,month-to-month,electronic-check,yes,no,10.71,1,0,0,14,1,74.7,4706.99,0
C106764,24,35,one-year,electronic-check,yes,no,10.19,1,1,4,13,2,61.56,2201.63,1
C106765,47,67,one-year,bank-transfer,yes,no,24.56,2,1,1,24,2,75.07,5115.61,0
C106766,36,48,month-to-month,credit-card,yes,yes,36.08,0,0,0,18,0,47.36,2364.27,0
C106767,18,40,month-to-month,bank-transfer,yes,no,12.64,1,1,1,10,0,73.39,2899.77,1
C106768,40,37,one-year,credit-card,yes,no,24.69,1,0,0,20,0,61.57,2384.98,0
C106769,44,14,month-to-month,credit-card,yes,yes,14.62,2,1,0,12,0,43.86,678.86,0
C106770,51,41,month-to-month,bank-transfer,yes,no,4.36,1,1,1,17,1,58.15,2437.06,1
C106771,38,50,month-to-month,electronic-check,no,no,59.89,0,0,0,25,0,47.26,2383.57,0
C106772,35,70,one-year,mailed-check,no,no,61.3,0,1,1,18,2,75.67,5404.43,1
C106773,63,40,month-to-month,bank-transfer,yes,no,24.2,0,0,1,22,1,71.13,2920.98,0
C106774,39,68,month-to-month,bank-transfer,no,no,5.2,1,0,1,12,2,63.49,4327.87,1
C106775,48,68,two-year,mailed-check,yes,no,6.56,0,0,0,9,1,65.97,4582.68,0
C106776,33,38,one-year,mailed-check,no,no,23.12,1,1,1,16,1,65.92,2582.95,0
C106777,47,32,month-to-month,electronic-check,yes,no,22.56,1,1,2,7,0,33.43,1153.13,1
C106778,22,10,month-to-month,electronic-check,yes,no,3.84,0,0,3,17,1,45.85,518.05,0
C106779,33,19,month-to-month,mailed-check,yes,no,13.59,0,1,1,18,1,61.56,1290.86,0
C106780,25,64,month-to-month,credit-card,no,no,19.22,2,0,0,7,2,58.98,3886.64,0
C106781,32,10,month-to-month,bank-transfer,no,no,48.44,0,1,0,17,0,62.85,676.57,1
C106782,54,28,month-to-month,credit-card,yes,no,29.01,0,0,3,17,0,52.58,1574.24,0
C106783,32,51,month-to-month,bank-transfer,yes,no,14.52,2,1,0,12,1,66.47,3424.77,0
C106784,48,17,one-year,electronic-check,yes,no,51.23,1,0,1,9,1,76.02,1312.98,0
C106785,57,71,month-to-month,bank-transfer,no,no,57.94,1,3,2,13,1,78.75,5654.12,0
C106786,39,47,month-to-month,credit-card,yes,no,35.25,2,0,0,14,1,57.09,2793.36,0
C106787,51,2,two-year,bank-transfer,yes,no,5.14,3,2,0,12,1,58.45,189.82,1
C106788,45,18,month-to-month,mailed-check,yes,no,17.64,1,0,0,17,1,88.7,1691.95,0
C106789,40,54,one-year,bank-transfer,yes,yes,13.71,0,1,1,16,3,70.99,3935.44,1
C106790,48,63,month-to-month,electronic-check,yes,no,12.17,0,0,1,11,0,63.75,4044.73,0
C106791,61,67,one-year,electronic-check,no,no,52.6,0,0,0,18,0,70.29,4767.15,0
C106792,31,62,month-to-month,electronic-check,no,yes,56.26,0,1,1,12,0,64.07,4043.42,0
C106793,27,5,month-to-month,mailed-check,yes,yes,14.24,0,1,1,16,3,89.31,544.01,1
C106794,27,53,two-year,credit-card,no,no,16.8,1,0,1,17,0,56.01,3024.9,0
C106795,51,8,month-to-month,electronic-check,no,no,6.35,0,0,1,9,0,61.18,492.22,1
C106796,53,5,month-to-month,electronic-check,yes,no,48.62,0,0,1,20,2,88.6,505.47,1
C106797,33,50,month-to-month,credit-card,yes,no,40.94,2,0,1,17,0,40.56,2059.59,1
C106798,18,34,month-to-month,credit-card,yes,no,11.35,3,1,1,15,1,58.95,2022.45,1
C106799,31,47,month-to-month,mailed-check,no,no,12.52,1,0,1,11,1,47.91,2259.79,1
C106800,46,62,month-to-month,mailed-check,no,no,27.72,0,0,2,11,0,64.25,4061.83,0
C106801,38,5,month-to-month,mailed-check,yes,no,27.35,0,1,1,18,2,77.47,409.63,0
C106802,41,38,one-year,bank-transfer,yes,no,20.8,0,0,1,19,1,75.92,2913.85,0
C106803,33,60,two-year,credit-card,yes,no,38.78,0,0,1,8,1,51.06,3091.05,1
C106804,51,32,month-to-month,electronic-check,yes,no,30.64,0,0,0,17,0,58.02,,1
C106805,43,38,two-year,credit-card,no,no,24.92,1,0,0,13,1,65.49,2596.16,0
C106806,46,36,month-to-month,bank-transfer,no,yes,13.73,1,1,2,12,0,79.96,2899.33,1
C106807,41,66,month-to-month,bank-transfer,yes,no,31.26,0,0,1,16,3,80.36,5366.75,0
C106808,45,3,one-year,electronic-check,yes,no,24.84,0,0,1,25,1,59.01,266.22,0
C106809,45,64,one-year,credit-card,yes,no,14.63,1,0,0,13,3,73.02,4800.13,0
C106810,28,59,month-to-month,mailed-check,yes,no,15.62,2,0,4,16,1,85.02,5070.77,1
C106811,43,59,two-year,mailed-check,yes,yes,11.33,0,0,0,15,1,73.58,4428.61,0
C106812,48,30,two-year,mailed-check,yes,yes,23.26,1,0,0,5,0,64.23,1959.56,0
C106813,53,37,month-to-month,electronic-check,no,no,35.47,1,0,1,13,0,54.33,2098.56,0
C106814,44,26,one-year,electronic-check,yes,no,7.94,2,0,0,9,1,59.65,1596.03,0
C106815,27,18,one-year,electronic-check,no,yes,15.07,0,0,0,16,0,73.81,1395.14,0
C106816,29,63,two-year,electronic-check,no,no,36.91,1,0,2,23,3,75.53,4783.41,0
C106817,34,36,one-year,mailed-check,yes,no,17.07,0,2,1,12,3,72.38,2707.58,0
C106818,41,52,month-to-month,bank-transfer,no,no,21.22,2,0,0,16,0,36.12,1928.24,1
C106819,38,7,one-year,,yes,no,9.74,0,1,1,19,2,54.48,444.37,0
C106820,26,57,month-to-month,bank-transfer,yes,no,8.97,1,0,2,16,2,82.54,4771.5,0
C106821,25,48,one-year,electronic-check,yes,yes,14.6,0,0,0,20,0,31.57,1528.7,1
C106822,18,72,one-year,mailed-check,yes,yes,17.98,0,0,0,16,2,93.71,6860.39,0
C106823,18,9,one-year,bank-transfer,no,no,27.09,0,2,0,10,2,65.56,633.99,0
C106824,37,39,month-to-month,bank-transfer,no,yes,52.39,0,1,1,13,1,71.82,2901.7,0
C106825,67,37,month-to-month,electronic-check,no,no,8.88,1,1,0,13,1,77.0,2967.99,1
C106826,61,39,one-year,credit-card,yes,no,5.59,1,2,2,12,0,48.1,1909.03,0
C106827,27,3,month-to-month,credit-card,no,no,5.03,0,0,0,14,1,70.93,284.57,0
C106828,41,34,month-to-month,credit-card,no,no,22.93,0,0,0,11,1,53.04,1791.25,0
C106829,21,21,month-to-month,bank-transfer,no,no,27.29,0,0,0,14,0,48.95,1069.53,0
C106830,23,45,two-year,mailed-check,no,no,12.09,1,1,1,13,3,79.94,3671.05,0
C106831,25,16,month-to-month,credit-card,yes,yes,21.86,1,0,2,16,3,89.02,1523.83,1
C106832,36,31,one-year,credit-card,yes,yes,39.29,1,0,4,14,3,80.21,2591.58,0
C106833,37,45,month-to-month,credit-card,yes,no,16.92,1,0,1,8,1,81.57,3764.46,1
C106834,42,4,two-year,credit-card,yes,no,15.82,0,0,2,13,0,55.02,313.54,1
C106835,47,57,month-to-month,credit-card,no,no,7.65,2,0,1,10,2,97.59,5661.12,0
C106836,35,52,month-to-month,bank-transfer,no,no,26.25,1,1,0,10,1,68.38,3588.39,0
C106837,39,4,month-to-month,electronic-check,no,yes,11.22,1,1,4,13,2,84.41,464.08,1
C106838,26,4,month-to-month,mailed-check,yes,no,30.83,1,0,1,22,2,80.16,360.61,1
C106839,23,62,two-year,bank-transfer,yes,no,16.58,1,0,1,15,0,49.93,3114.16,0
C106840,21,20,one-year,credit-card,yes,yes,17.93,0,0,0,11,1,67.15,1406.9,0
C106841,47,62,one-year,mailed-check,no,no,3.95,0,1,0,12,1,50.05,3112.89,0
C106842,35,36,one-year,mailed-check,no,no,40.05,1,0,0,15,3,90.28,3329.09,0
C106843,18,24,two-year,credit-card,no,no,34.37,1,1,1,12,1,71.33,1728.43,0
C106844,38,19,two-year,mailed-check,no,no,10.96,0,0,0,15,0,62.11,1222.78,0
C106845,24,48,one-year,electronic-check,yes,no,31.16,1,0,1,12,1,63.88,3077.84,0
C106846,59,8,month-to-month,bank-transfer,yes,yes,8.68,0,0,0,15,0,76.94,710.79,0
C106847,32,29,month-to-month,mailed-check,no,no,31.52,1,0,1,13,0,36.51,1100.58,1
C106848,47,25,one-year,electronic-check,yes,yes,27.6,0,0,1,18,3,67.73,1719.97,0
C106849,52,11,one-year,bank-transfer,yes,no,50.02,0,0,0,20,1,52.98,589.61,0
C106850,28,25,one-year,credit-card,yes,no,27.09,0,0,1,21,0,56.14,1439.93,0
C106851,40,38,month-to-month,electronic-check,yes,no,10.21,0,0,0,12,1,59.38,2304.54,0
C106852,46,49,one-year,mailed-check,no,no,21.96,0,1,1,17,0,42.26,2139.39,0
C106853,40,6,month-to-month,mailed-check,yes,no,16.29,0,0,1,7,2,71.38,449.92,0
C106854,43,63,month-to-month,bank-transfer,yes,no,48.18,2,0,0,16,1,45.4,2938.75,0
C106855,23,64,two-year,mailed-check,no,no,5.94,2,0,0,13,0,59.72,3864.8,0
C106856,46,50,one-year,mailed-check,yes,yes,21.35,0,0,2,12,0,59.96,,0
C106857,33,67,month-to-month,bank-transfer,no,yes,9.84,0,0,1,12,2,56.52,3798.53,1
C106858,43,31,month-to-month,credit-card,no,no,56.21,1,1,0,24,3,99.91,3185.01,0
C106859,50,59,one-year,electronic-check,yes,no,22.97,1,0,3,12,3,64.14,3804.31,0
C106860,47,53,month-to-month,bank-transfer,yes,yes,28.84,0,0,2,14,0,50.26,2715.22,0
C106861,43,41,month-to-month,credit-card,yes,no,16.45,0,0,4,20,1,67.86,2888.17,1
C106862,47,13,one-year,electronic-check,yes,no,31.89,1,0,0,12,0,57.7,881.78,0
C106863,47,40,one-year,credit-card,yes,no,10.23,0,0,0,21,3,60.22,2466.38,0
C106864,57,65,month-to-month,mailed-check,yes,no,10.77,0,1,2,18,1,67.75,4479.25,1
C106865,39,71,month-to-month,electronic-check,yes,no,47.78,1,0,0,15,3,78.47,5657.4,0
C106866,41,32,one-year,electronic-check,no,no,81.61,0,0,1,19,1,92.11,3100.71,0
C106867,50,18,month-to-month,electronic-check,yes,yes,4.39,0,0,2,20,0,62.4,1185.93,1
C106868,33,54,month-to-month,credit-card,yes,no,13.12,1,1,0,18,1,81.4,4445.94,1
C106869,23,5,month-to-month,bank-transfer,yes,no,38.99,0,2,2,12,3,69.54,409.79,1
C106870,45,11,month-to-month,credit-card,no,no,27.55,1,2,3,8,2,61.47,692.97,1
C106871,37,41,two-year,bank-transfer,yes,no,11.35,0,1,1,15,1,80.41,3436.48,0
C106872,25,72,month-to-month,mailed-check,yes,yes,15.77,1,0,0,11,0,60.12,4405.06,0
C106873,45,24,two-year,credit-card,no,no,12.06,2,0,3,12,0,77.66,1976.63,0
C106874,56,32,month-to-month,credit-card,no,yes,30.23,0,1,2,19,0,70.31,2294.76,0
C106875,19,23,one-year,electronic-check,no,no,11.32,2,0,2,15,0,68.5,1660.85,1
C106876,51,32,month-to-month,credit-card,no,no,15.96,0,0,1,21,1,69.71,2295.92,0
C106877,18,0,one-year,credit-card,yes,no,33.9,0,1,0,8,1,51.93,0.0,0
C106878,34,43,two-year,mailed-check,yes,no,24.72,0,0,1,14,0,44.35,1909.64,0
C106879,61,43,month-to-month,electronic-check,yes,no,42.35,2,1,1,9,3,61.47,2715.4,0
C106880,35,23,month-to-month,electronic-check,no,no,11.03,1,1,0,7,1,55.44,1414.25,0
C106881,40,19,two-year,credit-card,no,no,15.5,2,0,1,12,1,63.83,1308.07,1
C106882,48,55,two-year,bank-transfer,yes,no,10.04,2,0,0,20,1,65.21,3674.4,0
C106883,18,13,two-year,credit-card,yes,no,13.83,0,0,1,14,2,72.87,1072.95,1
C106884,40,3,month-to-month,credit-card,no,no,6.67,0,0,1,25,3,47.87,170.38,0
C106885,40,2,month-to-month,electronic-check,no,no,2.09,1,0,1,16,2,79.31,258.37,0
C106886,61,64,month-to-month,credit-card,yes,no,5.79,0,1,0,14,1,84.21,5433.46,1
C106887,24,26,one-year,mailed-check,yes,yes,34.89,1,0,1,12,3,80.36,2169.67,0
C106888,34,7,month-to-month,bank-transfer,yes,no,6.24,0,1,1,14,1,44.7,333.6,1
C106889,28,64,month-to-month,electronic-check,yes,no,26.75,0,0,0,18,0,37.72,2482.88,0
C106890,27,10,one-year,electronic-check,no,no,14.39,1,0,1,11,0,48.27,459.55,0
C106891,53,24,month-to-month,mailed-check,yes,no,16.29,1,0,2,12,3,76.53,1878.49,0
C106892,39,1,one-year,electronic-check,no,yes,6.9,0,0,1,16,3,84.98,221.57,0
C106893,32,49,month-to-month,electronic-check,yes,no,12.46,1,1,1,15,3,95.58,4813.16,0
C106894,33,51,two-year,electronic-check,yes,no,23.21,0,0,1,18,2,68.0,3539.31,0
C106895,32,55,month-to-month,bank-transfer,no,no,6.34,0,0,1,13,1,55.92,3149.68,1
C106896,33,19,one-year,credit-card,yes,no,11.82,0,2,1,10,2,51.65,1043.78,1
C106897,24,23,month-to-month,electronic-check,no,no,20.71,0,1,1,14,1,69.96,1761.29,0
C106898,36,68,month-to-month,electronic-check,no,yes,27.2,1,0,0,16,1,57.09,3947.93,0
C106899,35,59,month-to-month,bank-transfer,no,no,16.73,1,0,1,11,2,71.06,4279.32,0
C106900,30,2,two-year,bank-transfer,yes,yes,57.41,0,1,1,20,0,74.0,204.36,0
C106901,41,50,month-to-month,bank-transfer,yes,no,20.05,1,0,1,17,1,64.25,3279.91,1
C106902,42,59,month-to-month,credit-card,yes,no,31.27,0,0,0,14,1,84.24,5005.55,0
C106903,32,40,one-year,electronic-check,no,no,23.31,0,0,3,19,1,72.41,2977.18,0
C106904,37,46,month-to-month,mailed-check,yes,no,14.64,0,1,2,13,3,82.01,3870.97,0
C106905,65,0,month-to-month,credit-card,yes,no,3.56,3,1,1,11,2,56.58,66.6,1
C106906,64,2,month-to-month,bank-transfer,yes,yes,34.01,0,0,1,20,1,59.05,221.03,1
C106907,26,2,month-to-month,bank-transfer,no,no,33.75,2,0,0,13,1,77.78,281.62,0
C106908,28,11,month-to-month,credit-card,yes,no,56.04,0,0,0,18,1,49.17,641.08,0
C106909,26,72,month-to-month,electronic-check,no,no,14.76,0,0,1,12,0,48.48,3499.33,0
C106910,52,46,month-to-month,electronic-check,no,no,69.96,3,0,0,15,1,57.61,2737.89,0
C106911,34,57,month-to-month,electronic-check,yes,yes,32.49,0,0,1,19,0,51.75,3022.39,0
C106912,42,21,one-year,credit-card,yes,yes,42.58,0,0,1,23,1,70.09,1575.49,0
C106913,63,68,one-year,credit-card,no,no,7.32,0,0,0,19,1,65.86,4537.9,0
C106914,39,14,month-to-month,electronic-check,yes,no,21.43,0,0,0,17,1,63.4,954.49,0
C106915,47,65,month-to-month,mailed-check,yes,no,50.46,1,1,0,16,0,41.2,2693.89,0
C106916,45,2,one-year,bank-transfer,no,no,7.19,0,0,0,14,1,72.94,266.57,0
C106917,32,1,month-to-month,electronic-check,yes,no,0.74,0,0,1,10,1,76.86,156.87,1
C106918,52,5,two-year,credit-card,no,no,13.86,2,0,2,11,0,52.89,377.01,1
C106919,29,57,month-to-month,mailed-check,no,no,57.86,3,0,4,23,2,72.03,4137.94,0
C106920,55,18,month-to-month,credit-card,yes,no,45.43,0,0,1,21,1,75.51,1440.8,1
C106921,32,32,month-to-month,bank-transfer,yes,no,19.85,1,0,0,16,1,79.24,2618.12,1
C106922,33,34,one-year,electronic-check,yes,yes,11.99,0,0,0,14,0,60.22,2048.69,0
C106923,26,57,month-to-month,bank-transfer,yes,no,29.12,0,0,0,20,2,66.36,3874.43,0
C106924,28,25,month-to-month,bank-transfer,yes,no,45.51,0,1,0,12,1,53.55,1432.15,0
C106925,34,0,month-to-month,electronic-check,no,no,32.48,0,1,1,16,1,72.13,46.44,0
C106926,18,28,one-year,electronic-check,yes,no,49.9,0,0,0,19,3,67.97,1972.2,0
C106927,36,21,month-to-month,credit-card,yes,no,50.07,0,0,0,23,2,63.59,1371.06,0
C106928,33,53,one-year,bank-transfer,no,no,27.33,2,0,0,18,2,72.24,3947.44,0
C106929,48,54,month-to-month,bank-transfer,yes,no,33.67,1,0,2,22,2,89.54,4864.75,1
C106930,44,6,month-to-month,electronic-check,yes,no,23.3,1,2,1,15,2,87.52,542.56,0
C106931,31,57,month-to-month,bank-transfer,no,no,4.02,1,0,0,18,2,80.19,4678.18,1
C106932,33,5,two-year,bank-transfer,no,no,23.86,0,1,1,18,3,45.81,292.52,0
C106933,36,45,month-to-month,electronic-check,yes,no,7.35,1,0,0,19,1,34.73,1619.5,0
C106934,57,28,month-to-month,electronic-check,yes,yes,6.42,0,0,1,13,1,65.11,1897.78,0
C106935,29,21,two-year,mailed-check,yes,no,38.97,0,0,1,13,3,105.52,2356.01,0
C106936,30,35,month-to-month,bank-transfer,yes,no,13.2,2,0,1,14,3,73.98,2665.06,0
C106937,25,22,month-to-month,electronic-check,yes,yes,17.23,0,1,1,14,2,83.8,1914.86,0
C106938,21,57,month-to-month,credit-card,yes,no,9.22,2,0,1,13,1,68.34,4031.94,1
C106939,43,70,one-year,electronic-check,no,no,10.59,0,0,1,13,1,58.62,4176.77,0
C106940,41,59,month-to-month,credit-card,yes,no,19.18,0,0,0,15,1,58.14,3475.4,0
C106941,54,32,two-year,electronic-check,no,no,25.0,0,1,0,17,0,36.29,1193.59,0
C106942,51,36,one-year,bank-transfer,yes,no,18.34,1,0,1,13,0,61.38,2233.01,1
C106943,68,32,month-to-month,bank-transfer,yes,no,28.57,1,0,2,9,0,48.86,1662.64,0
C106944,38,57,month-to-month,bank-transfer,yes,no,35.03,1,0,0,16,0,67.29,3867.12,0
C106945,36,40,one-year,credit-card,yes,yes,4.88,3,1,0,12,1,58.28,2389.98,0
C106946,23,34,two-year,electronic-check,yes,no,29.76,0,0,0,15,3,84.26,2963.16,0
C106947,47,29,two-year,electronic-check,yes,no,23.83,2,0,1,18,1,37.59,1062.97,0
C106948,40,27,month-to-month,electronic-check,no,yes,23.5,0,1,0,13,1,68.79,1915.22,1
C106949,47,40,one-year,mailed-check,no,no,7.82,1,1,0,15,1,71.42,2929.83,0
C106950,25,50,one-year,credit-card,yes,no,15.23,1,1,0,10,0,71.02,3597.42,0
C106951,43,31,two-year,electronic-check,yes,no,31.39,2,0,1,16,1,55.45,1760.69,0
C106952,41,58,month-to-month,credit-card,no,no,6.82,1,1,2,17,1,66.82,3964.2,1
C106953,41,60,one-year,mailed-check,yes,no,78.59,1,1,1,21,0,64.51,3976.51,0
C106954,31,31,one-year,credit-card,yes,no,39.06,1,0,1,14,0,42.03,1355.59,0
C106955,53,66,two-year,mailed-check,no,no,9.79,1,0,0,10,0,48.07,3164.71,0
C106956,64,12,one-year,credit-card,yes,no,16.16,0,3,2,11,1,50.16,631.92,0
C106957,26,68,two-year,bank-transfer,no,no,6.07,0,0,1,13,2,59.35,4072.46,0
C106958,48,21,month-to-month,credit-card,yes,no,40.06,1,0,1,16,2,69.24,1480.15,0
C106959,18,41,month-to-month,bank-transfer,no,no,18.55,2,1,4,7,0,47.81,1956.7,0
C106960,47,20,month-to-month,electronic-check,yes,no,24.43,1,0,0,14,0,56.26,1189.01,0
C106961,18,32,two-year,credit-card,yes,no,20.95,0,1,0,16,0,63.78,2082.89,0
C106962,33,24,month-to-month,mailed-check,no,yes,32.86,0,0,0,14,0,64.08,1626.08,0
C106963,23,51,one-year,electronic-check,yes,no,9.6,2,1,1,7,1,73.58,3865.7,1
C106964,36,5,two-year,mailed-check,yes,no,92.16,2,0,0,22,0,57.34,267.59,0
C106965,49,61,two-year,credit-card,no,no,32.88,0,0,0,12,1,56.01,3538.68,0
C106966,18,65,one-year,bank-transfer,yes,no,35.72,1,0,0,7,1,50.99,3385.91,0
C106967,35,41,one-year,electronic-check,yes,no,25.83,0,0,3,16,1,72.13,3049.42,1
C106968,33,39,month-to-month,credit-card,no,yes,9.42,0,0,0,20,3,89.27,3591.03,0
C106969,58,51,month-to-month,mailed-check,no,yes,16.29,1,0,0,14,2,90.74,4713.21,0
C106970,44,14,month-to-month,electronic-check,yes,no,14.68,0,0,1,12,1,67.78,970.53,0
C106971,25,54,one-year,electronic-check,no,yes,44.73,0,0,0,21,2,71.68,3937.67,1
C106972,33,15,month-to-month,electronic-check,no,no,10.39,0,0,1,21,0,42.59,581.45,0
C106973,58,49,month-to-month,bank-transfer,yes,no,21.88,0,0,1,8,1,48.06,2463.21,0
C106974,48,22,one-year,electronic-check,no,no,7.17,2,0,1,12,0,31.89,708.24,1
C106975,28,54,month-to-month,electronic-check,yes,no,32.32,2,0,0,11,1,74.16,4087.14,1
C106976,36,57,two-year,mailed-check,no,no,12.31,1,1,1,18,1,67.26,3852.83,0
C106977,36,15,month-to-month,credit-card,no,no,34.55,0,1,0,10,2,107.52,1762.39,0
C106978,33,45,two-year,bank-transfer,yes,yes,41.69,2,0,0,17,3,77.53,3567.36,0
C106979,18,36,month-to-month,mailed-check,yes,no,67.15,2,0,1,20,3,86.15,3227.32,1
C106980,31,21,one-year,bank-transfer,yes,no,18.92,0,1,0,16,2,74.5,1678.29,0
C106981,56,42,one-year,electronic-check,yes,no,25.6,0,1,1,11,0,63.71,2680.45,1
C106982,34,72,month-to-month,credit-card,no,no,20.75,0,0,1,10,2,66.0,4809.6,0
C106983,38,0,month-to-month,electronic-check,no,no,15.95,0,0,1,19,1,61.57,46.79,0
C106984,41,69,two-year,electronic-check,no,no,38.3,1,0,1,10,1,76.62,5329.66,0
C106985,66,62,month-to-month,mailed-check,yes,no,15.28,1,0,2,9,0,75.0,4753.29,0
C106986,39,38,one-year,electronic-check,yes,no,33.1,0,0,1,21,2,65.35,2547.4,0
C106987,52,44,month-to-month,electronic-check,no,yes,1.48,0,0,0,10,1,61.68,2783.77,1
C106988,32,26,one-year,bank-transfer,yes,no,12.25,1,0,1,16,2,73.92,1989.1,1
C106989,36,9,month-to-month,mailed-check,yes,no,39.0,1,0,0,18,3,90.76,912.52,1
C106990,39,41,one-year,electronic-check,yes,no,21.58,1,0,0,12,2,77.96,3258.03,0
C106991,30,59,one-year,bank-transfer,no,no,42.78,1,1,1,17,1,96.63,5837.2,0
C106992,37,16,month-to-month,bank-transfer,no,no,22.02,2,0,0,11,2,67.67,1161.91,1
C106993,50,52,month-to-month,credit-card,yes,no,37.09,0,0,0,14,1,57.48,2993.48,0
C106994,29,54,two-year,electronic-check,no,no,12.04,0,1,3,16,0,38.61,2132.15,0
C106995,39,55,one-year,credit-card,no,no,33.49,1,0,1,15,0,56.13,3137.26,1
C106996,48,24,two-year,bank-transfer,yes,no,29.44,0,0,0,16,0,68.09,1719.41,0
C106997,29,28,one-year,bank-transfer,yes,no,19.94,0,1,3,13,0,53.71,1555.27,0
C106998,52,30,one-year,electronic-check,yes,no,37.48,0,1,1,9,2,85.85,2668.9,0
C106999,40,62,one-year,mailed-check,yes,no,41.44,1,1,0,11,0,80.94,5118.6,0
C107000,37,65,two-year,electronic-check,no,no,35.2,1,0,0,18,2,83.28,5539.75,0
C107001,18,30,month-to-month,bank-transfer,yes,no,38.39,1,0,0,11,0,57.98,1799.05,1
C107002,35,70,month-to-month,bank-transfer,yes,no,29.52,0,0,2,14,3,73.54,5228.92,1
C107003,43,41,two-year,electronic-check,yes,no,8.56,1,0,0,11,1,77.11,3298.93,0
C107004,60,28,two-year,electronic-check,yes,no,23.55,1,0,1,13,0,63.11,1850.93,0
C107005,46,0,month-to-month,credit-card,no,no,20.16,2,0,0,16,0,66.12,0.0,0
C107006,53,44,month-to-month,mailed-check,yes,no,27.45,0,0,0,11,0,41.61,1834.09,0
C107007,24,47,one-year,bank-transfer,no,no,41.83,1,0,1,12,0,57.13,2740.41,0
C107008,37,70,one-year,credit-card,no,no,35.99,0,1,1,21,2,76.75,5473.43,0
C107009,54,52,month-to-month,electronic-check,no,yes,34.67,3,1,0,14,0,39.47,2138.42,0
C107010,28,2,one-year,,yes,no,2.57,4,1,0,14,1,67.06,142.38,0
C107011,51,41,month-to-month,credit-card,no,yes,20.51,0,0,0,18,2,83.17,3466.58,1
C107012,48,54,month-to-month,electronic-check,no,no,15.97,0,0,0,14,1,58.11,3206.29,0
C107013,42,36,one-year,electronic-check,no,no,31.79,0,0,1,18,2,85.31,3144.06,0
C107014,35,31,month-to-month,credit-card,yes,no,48.51,0,2,0,15,0,58.24,1864.27,0
C107015,27,59,one-year,electronic-check,yes,yes,26.33,0,0,1,11,2,72.05,4314.36,1
C107016,60,44,month-to-month,electronic-check,yes,no,6.96,2,0,1,14,1,72.44,3273.09,0
C107017,47,49,two-year,mailed-check,yes,no,21.98,0,0,1,19,0,48.12,2464.23,0
C107018,43,33,month-to-month,credit-card,no,no,0.54,0,0,0,12,2,58.42,1976.56,0
C107019,34,20,two-year,mailed-check,yes,no,39.12,4,0,1,11,1,62.55,1300.31,0
C107020,39,37,one-year,electronic-check,no,no,15.58,1,1,1,19,0,59.87,2286.14,0
C107021,41,70,month-to-month,mailed-check,no,yes,44.62,0,0,1,17,2,81.54,5792.97,1
C107022,44,43,two-year,mailed-check,yes,no,45.54,0,0,1,21,3,79.82,3597.71,0
C107023,48,51,month-to-month,bank-transfer,yes,no,51.68,1,0,0,17,1,56.33,2918.56,1
C107024,30,9,month-to-month,credit-card,yes,no,15.36,0,0,0,19,2,76.88,790.15,0
C107025,21,72,two-year,electronic-check,yes,no,72.65,1,0,1,10,2,75.69,5504.32,0
C107026,40,17,two-year,bank-transfer,no,yes,44.48,2,0,0,19,3,96.27,,1
C107027,18,70,one-year,bank-transfer,yes,no,16.31,0,0,0,20,0,66.65,4697.94,0
C107028,35,32,two-year,bank-transfer,yes,no,47.94,0,0,0,18,1,71.53,2370.15,0
C107029,33,67,month-to-month,bank-transfer,yes,no,15.75,2,0,1,10,1,59.15,3976.62,0
C107030,45,65,month-to-month,electronic-check,yes,yes,28.07,1,0,2,7,1,59.87,3952.94,1
C107031,63,55,month-to-month,bank-transfer,no,no,33.62,1,0,0,17,1,63.61,3602.55,1
C107032,18,66,month-to-month,bank-transfer,no,no,32.01,1,0,1,17,1,66.4,4471.52,1
C107033,66,44,one-year,bank-transfer,yes,no,12.61,1,0,2,21,3,84.17,3783.25,0
C107034,36,61,month-to-month,electronic-check,yes,yes,50.6,0,1,1,14,3,63.77,4022.11,0
C107035,43,12,one-year,electronic-check,no,no,40.39,0,2,1,19,0,51.41,641.87,0
C107036,22,5,month-to-month,electronic-check,yes,no,60.43,0,0,0,15,1,78.27,525.48,1
C107037,51,39,month-to-month,electronic-check,yes,yes,49.89,0,0,0,16,0,51.15,2022.25,0
C107038,39,59,one-year,electronic-check,no,no,44.07,1,0,0,12,1,57.87,3490.06,1
C107039,38,55,month-to-month,electronic-check,yes,no,44.46,1,0,2,21,2,84.34,4695.66,0
C107040,18,38,one-year,electronic-check,yes,no,33.53,1,0,1,13,1,73.22,2866.96,0
C107041,40,38,one-year,electronic-check,no,no,20.94,1,0,0,9,0,58.91,2341.79,0
C107042,49,44,one-year,credit-card,yes,no,34.57,0,0,1,17,3,99.69,4469.17,1
C107043,36,63,two-year,mailed-check,yes,no,11.75,0,0,1,13,2,70.26,4548.71,0
C107044,53,61,two-year,electronic-check,yes,no,47.71,3,1,0,22,2,72.65,4499.66,0
C107045,53,8,month-to-month,,yes,no,86.15,1,0,2,20,2,80.82,703.28,1
C107046,31,43,one-year,mailed-check,yes,no,35.49,0,2,0,13,0,53.22,2394.09,0
C107047,58,27,month-to-month,electronic-check,no,no,17.24,0,1,2,13,1,62.39,1722.2,0
C107048,40,58,month-to-month,mailed-check,no,no,10.74,2,0,3,18,1,57.22,3309.54,0
C107049,40,36,one-year,electronic-check,no,no,20.4,0,0,0,16,3,68.5,2474.34,1
C107050,40,72,one-year,bank-transfer,no,no,44.73,0,0,3,19,2,68.36,5011.5,1
C107051,40,31,two-year,electronic-check,yes,no,32.13,0,1,1,18,0,34.51,1072.38,0
C107052,18,49,one-year,mailed-check,yes,no,28.12,1,1,0,17,2,79.35,3957.38,1
C107053,37,7,one-year,electronic-check,yes,no,22.02,1,0,0,10,1,67.76,530.07,1
C107054,23,68,one-year,electronic-check,yes,no,30.62,1,0,5,15,1,81.51,5667.99,1
C107055,59,11,month-to-month,bank-transfer,yes,no,6.73,2,0,1,13,3,61.27,757.09,0
C107056,58,27,month-to-month,electronic-check,yes,yes,18.42,0,0,1,9,0,43.94,1252.14,0
C107057,49,61,month-to-month,mailed-check,no,no,17.6,0,0,2,13,0,67.28,4188.32,1
C107058,36,70,one-year,electronic-check,yes,no,18.2,1,0,2,12,1,44.9,3175.4,0
C107059,27,35,month-to-month,bank-transfer,no,no,39.9,2,0,2,13,1,64.15,2277.49,1
C107060,31,35,month-to-month,mailed-check,yes,no,6.16,0,0,1,9,3,75.26,2668.18,1
C107061,62,3,month-to-month,credit-card,yes,no,18.2,1,0,0,23,1,86.2,358.4,0
C107062,31,71,one-year,mailed-check,no,no,24.97,0,0,1,17,1,67.27,4828.43,0
C107063,18,1,month-to-month,credit-card,yes,no,21.71,0,0,1,12,2,73.0,175.86,1
C107064,51,1,month-to-month,electronic-check,yes,yes,22.33,0,0,1,13,0,58.96,110.64,0
C107065,57,34,month-to-month,bank-transfer,yes,no,5.86,0,1,0,14,1,53.93,,0
C107066,59,0,month-to-month,mailed-check,yes,no,30.11,0,0,0,17,1,57.39,115.02,0
C107067,51,11,month-to-month,mailed-check,yes,yes,7.62,0,0,0,10,2,60.42,798.12,0
C107068,53,45,two-year,bank-transfer,yes,no,10.29,2,1,0,10,0,63.38,2910.49,0
C107069,40,51,month-to-month,credit-card,yes,no,39.64,1,0,0,17,0,65.65,3436.88,1
C107070,18,21,month-to-month,bank-transfer,yes,no,24.84,1,1,1,13,0,46.33,960.36,0
C107071,39,58,one-year,electronic-check,no,no,15.68,2,0,1,8,2,72.83,4259.65,0
C107072,46,44,one-year,mailed-check,yes,no,73.25,1,0,0,16,1,70.78,3188.96,0
C107073,37,16,month-to-month,electronic-check,yes,no,18.49,0,0,1,13,3,55.0,961.77,0
C107074,37,52,month-to-month,bank-transfer,no,no,10.01,3,0,0,12,2,78.73,4152.23,1
C107075,27,43,two-year,mailed-check,no,no,4.57,0,0,1,11,2,47.58,2063.5,0
C107076,27,59,two-year,electronic-check,yes,no,44.5,0,0,0,15,2,55.57,3306.12,0
C107077,61,11,month-to-month,electronic-check,yes,no,37.5,1,0,2,18,0,57.95,723.12,1
C107078,61,16,one-year,credit-card,no,no,23.53,2,0,1,21,0,63.66,1086.35,0
C107079,39,22,month-to-month,electronic-check,yes,no,13.21,1,0,0,15,1,75.71,1752.75,1
C107080,42,24,month-to-month,electronic-check,yes,no,33.35,0,1,1,19,0,62.53,1573.44,0
C107081,27,64,month-to-month,electronic-check,no,no,36.34,0,3,1,11,1,58.64,3830.86,0
C107082,47,53,one-year,mailed-check,yes,no,1.52,0,0,0,18,0,77.26,4171.87,0
C107083,60,39,month-to-month,electronic-check,yes,no,9.87,2,0,2,18,3,77.96,3130.55,1
C107084,21,39,month-to-month,bank-transfer,yes,no,40.07,0,0,0,15,1,55.02,2212.48,0
C107085,45,64,month-to-month,electronic-check,yes,no,7.7,1,0,2,14,1,78.06,5008.87,1
C107086,45,32,month-to-month,electronic-check,yes,no,17.83,0,1,0,11,1,69.09,2300.78,0
C107087,45,16,month-to-month,electronic-check,yes,no,22.07,0,1,1,17,3,110.48,1884.96,1
C107088,59,9,month-to-month,electronic-check,yes,no,12.62,2,0,1,13,2,90.11,903.39,1
C107089,63,24,one-year,bank-transfer,yes,no,25.58,1,0,1,18,2,69.16,1694.14,0
C107090,36,47,month-to-month,electronic-check,yes,no,12.72,1,1,2,10,0,41.11,1961.8,0
C107091,47,34,month-to-month,bank-transfer,yes,yes,9.92,0,1,0,10,0,49.61,1731.54,0
C107092,40,30,one-year,mailed-check,no,no,7.24,0,0,3,18,1,36.76,1060.01,0
C107093,31,35,month-to-month,electronic-check,no,no,7.14,2,0,0,14,1,64.0,2302.68,0
C107094,42,71,month-to-month,electronic-check,yes,no,44.1,1,0,2,13,2,89.94,6469.89,0
C107095,47,72,two-year,mailed-check,yes,no,34.92,1,1,1,16,1,62.87,4604.05,0
C107096,42,11,one-year,mailed-check,yes,no,24.58,0,0,0,12,1,69.76,826.84,0
C107097,28,8,month-to-month,mailed-check,no,no,21.78,0,0,0,15,0,65.57,580.78,0
C107098,33,17,month-to-month,credit-card,yes,yes,72.5,3,1,2,12,3,105.13,1890.65,1
C107099,34,62,month-to-month,electronic-check,yes,no,40.64,2,0,1,21,3,89.8,5595.48,0
C107100,29,33,month-to-month,mailed-check,no,no,52.47,0,0,0,15,1,64.8,2179.01,0
C107101,43,63,two-year,mailed-check,no,no,22.82,0,0,0,20,3,86.82,5560.26,0
C107102,44,47,one-year,electronic-check,no,yes,12.33,1,0,1,17,2,94.17,,0
C107103,51,40,month-to-month,mailed-check,yes,no,9.56,1,1,0,13,0,48.48,1981.84,1
C107104,29,20,month-to-month,bank-transfer,no,no,10.85,0,2,0,9,3,110.68,2297.87,1
C107105,32,25,month-to-month,bank-transfer,yes,no,13.63,1,1,0,21,0,51.86,1317.65,0
C107106,58,10,month-to-month,bank-transfer,no,no,22.21,2,0,1,16,0,46.3,528.1,0
C107107,37,37,month-to-month,electronic-check,yes,yes,24.97,0,0,0,17,3,82.71,3096.62,0
C107108,39,20,month-to-month,mailed-check,no,no,17.95,3,0,2,7,0,59.03,1220.09,0
C107109,37,21,two-year,bank-transfer,no,no,16.15,1,2,1,11,1,45.27,936.38,0
C107110,53,2,one-year,mailed-check,no,no,8.07,0,0,0,11,3,86.95,242.64,0
C107111,53,58,two-year,bank-transfer,yes,no,74.07,1,0,1,17,3,69.37,4021.66,0
C107112,52,68,two-year,bank-transfer,yes,no,6.4,0,1,2,10,2,93.23,6435.63,0
C107113,39,36,two-year,mailed-check,yes,no,60.27,2,0,1,15,3,72.19,2706.76,0
C107114,29,39,two-year,electronic-check,yes,no,18.18,0,1,0,19,1,69.53,2770.51,0
C107115,62,67,month-to-month,bank-transfer,no,no,17.59,1,0,2,16,3,79.75,5426.6,1
C107116,49,37,month-to-month,mailed-check,yes,no,12.77,1,0,0,17,0,67.32,2528.25,0
C107117,34,45,month-to-month,electronic-check,yes,yes,33.74,0,0,0,17,0,39.8,1807.51,0
C107118,56,31,one-year,electronic-check,yes,no,10.3,0,1,0,10,0,61.89,1995.99,0
C107119,33,37,one-year,electronic-check,no,no,22.92,0,0,0,11,1,52.72,1971.59,0
C107120,56,38,month-to-month,bank-transfer,yes,no,31.09,0,0,1,14,0,59.87,2301.1,0
C107121,57,51,two-year,electronic-check,yes,no,3.12,1,1,2,14,0,31.95,1587.19,0
C107122,28,44,one-year,credit-card,yes,no,14.3,0,1,0,21,1,74.1,3295.54,0
C107123,46,36,one-year,credit-card,yes,no,76.72,2,1,1,23,1,82.29,3022.36,0
C107124,48,5,month-to-month,credit-card,yes,yes,13.4,1,3,1,10,0,52.4,,0
C107125,70,66,month-to-month,electronic-check,yes,no,11.27,2,0,2,11,0,56.79,3798.33,1
C107126,30,64,month-to-month,mailed-check,no,no,15.63,1,1,0,13,0,63.35,4125.46,1
C107127,56,13,month-to-month,credit-card,yes,no,87.89,0,0,2,15,0,64.35,870.72,0
C107128,39,21,one-year,bank-transfer,no,yes,60.9,0,0,0,13,1,48.82,1071.53,0
C107129,24,71,month-to-month,electronic-check,yes,no,20.84,0,0,0,25,1,52.14,3734.26,1
C107130,38,23,month-to-month,credit-card,yes,no,43.42,2,0,0,14,2,61.36,1521.4,0
C107131,39,59,month-to-month,,no,yes,20.62,0,0,2,10,1,65.82,3888.18,1
C107132,26,57,one-year,bank-transfer,no,no,23.03,2,0,1,10,1,58.6,3425.33,0
C107133,43,62,month-to-month,credit-card,yes,no,28.89,0,1,2,13,0,57.9,3657.04,0
C107134,50,1,two-year,credit-card,yes,no,36.88,0,0,0,20,0,69.32,99.23,0
C107135,42,35,month-to-month,mailed-check,yes,yes,15.56,0,0,0,10,0,51.6,1852.93,1
C107136,32,41,two-year,electronic-check,yes,no,10.81,3,0,1,18,3,69.12,2908.37,1
C107137,37,61,month-to-month,bank-transfer,yes,no,30.25,0,0,0,11,1,69.75,4361.38,0
C107138,39,16,month-to-month,bank-transfer,yes,no,8.13,1,0,2,16,3,97.08,1656.93,1
C107139,42,22,two-year,bank-transfer,yes,no,20.21,0,0,0,12,1,69.31,1532.75,0
C107140,52,13,one-year,mailed-check,yes,no,18.98,0,1,0,17,0,50.53,708.16,0
C107141,42,55,one-year,bank-transfer,no,yes,4.25,1,0,0,11,3,85.01,4784.16,1
C107142,22,72,one-year,mailed-check,yes,yes,10.92,0,1,0,15,0,49.89,3709.8,0
C107143,32,10,month-to-month,credit-card,no,no,20.66,2,0,0,16,3,81.49,866.02,0
C107144,41,17,one-year,credit-card,yes,no,0.74,0,0,0,15,1,38.6,752.49,0
C107145,52,22,month-to-month,mailed-check,no,no,40.08,0,0,2,19,2,80.17,1847.12,0
C107146,55,64,one-year,bank-transfer,no,no,10.01,0,0,0,10,2,77.4,4967.64,0
C107147,60,32,two-year,bank-transfer,yes,no,33.02,0,0,1,19,0,67.78,2290.96,0
C107148,41,20,two-year,mailed-check,yes,yes,13.82,1,0,1,7,0,38.79,785.3,0
C107149,48,23,one-year,electronic-check,yes,yes,67.84,1,0,0,18,2,58.5,1431.28,0
C107150,22,43,one-year,bank-transfer,no,no,21.62,2,0,1,17,2,80.45,3502.64,1
C107151,44,28,month-to-month,bank-transfer,yes,no,36.98,1,0,1,12,0,72.85,2150.95,0
C107152,26,10,month-to-month,mailed-check,no,yes,13.9,0,1,0,13,2,75.42,837.67,0
C107153,38,59,two-year,credit-card,no,no,56.05,0,0,3,13,1,64.43,3842.86,0
C107154,75,30,one-year,credit-card,yes,no,99.18,1,1,2,25,2,69.13,2111.48,1
C107155,43,18,month-to-month,credit-card,no,no,10.46,0,0,0,8,1,67.21,1251.79,1
C107156,29,53,one-year,credit-card,no,yes,12.66,0,0,1,20,0,44.18,2358.41,0
C107157,44,54,month-to-month,mailed-check,no,no,17.38,0,0,2,17,0,40.11,2148.33,0
C107158,33,11,two-year,credit-card,yes,no,50.63,0,0,0,10,1,73.59,839.73,1
C107159,27,5,two-year,credit-card,yes,no,7.68,1,1,1,24,3,65.44,461.97,0
C107160,64,3,month-to-month,bank-transfer,yes,yes,7.98,0,0,1,16,2,81.48,310.05,0
C107161,52,55,month-to-month,electronic-check,yes,no,7.08,4,0,0,13,1,62.85,3527.32,0
C107162,43,45,one-year,electronic-check,yes,no,6.05,0,1,1,12,2,81.41,3722.98,1
C107163,34,57,month-to-month,mailed-check,no,yes,10.6,1,0,2,15,1,55.93,3282.3,0
C107164,35,45,two-year,bank-transfer,yes,no,22.96,0,0,3,19,1,74.07,3435.0,0
C107165,58,29,month-to-month,mailed-check,yes,no,104.11,1,0,1,12,0,61.35,1820.27,0
C107166,43,43,month-to-month,credit-card,yes,no,6.91,0,0,1,19,1,42.79,1852.27,1
C107167,18,52,month-to-month,bank-transfer,no,no,22.33,1,0,0,14,1,54.73,2858.78,0
C107168,68,29,one-year,electronic-check,yes,yes,29.43,0,1,0,14,3,78.54,2326.4,1
C107169,41,66,one-year,electronic-check,yes,no,17.89,1,0,0,15,1,66.22,4454.62,1
C107170,43,65,two-year,bank-transfer,yes,no,24.49,1,0,1,20,1,51.22,3365.18,0
C107171,52,58,two-year,electronic-check,yes,no,14.88,0,0,2,16,0,41.09,2393.91,0
C107172,45,72,one-year,credit-card,yes,no,11.99,1,0,1,14,2,66.41,4822.57,0
C107173,48,28,month-to-month,credit-card,yes,no,16.3,2,0,2,13,3,89.7,2644.13,0
C107174,34,8,month-to-month,mailed-check,yes,yes,44.09,1,0,0,20,3,85.1,747.32,0
C107175,24,35,two-year,bank-transfer,yes,no,34.64,2,0,2,18,1,64.51,2339.51,0
C107176,42,54,month-to-month,credit-card,yes,yes,19.71,1,0,1,14,1,69.81,3849.45,0
C107177,56,56,two-year,credit-card,no,yes,6.95,1,0,1,17,0,43.73,2495.85,0
C107178,31,28,two-year,bank-transfer,yes,no,4.91,0,0,2,16,3,102.78,2960.65,0
C107179,30,21,one-year,credit-card,no,yes,16.03,0,0,2,13,0,75.9,1714.12,1
C107180,54,32,one-year,mailed-check,yes,no,32.33,0,0,0,16,2,70.8,2352.1,1
C107181,34,58,two-year,electronic-check,yes,no,29.89,0,0,1,11,1,61.98,3649.62,0
C107182,34,4,one-year,bank-transfer,no,no,27.48,1,0,1,14,1,64.27,294.84,0
C107183,35,23,one-year,credit-card,yes,no,6.16,1,1,0,10,1,57.81,1358.4,0
C107184,38,16,month-to-month,credit-card,yes,no,38.43,0,0,0,17,1,80.29,1406.05,0
C107185,20,58,month-to-month,electronic-check,yes,no,25.24,1,1,1,10,1,51.88,3087.56,1
C107186,33,34,month-to-month,mailed-check,no,no,9.9,0,0,1,15,1,59.81,2157.3,0
C107187,42,6,two-year,bank-transfer,yes,yes,40.79,0,0,0,8,3,89.57,635.43,0
C107188,42,19,one-year,,yes,yes,8.83,1,0,0,8,1,82.16,1661.76,1
C107189,53,3,one-year,bank-transfer,yes,no,27.4,0,0,2,14,1,81.18,244.56,0
C107190,61,34,month-to-month,electronic-check,yes,no,12.5,3,0,0,18,0,47.29,1674.55,0
C107191,57,72,two-year,credit-card,yes,no,17.37,4,0,0,17,1,56.89,4185.08,1
C107192,50,41,month-to-month,bank-transfer,no,yes,29.51,1,1,0,12,3,85.29,3632.0,1
C107193,37,63,one-year,credit-card,no,no,22.87,3,1,1,16,1,84.24,5304.73,0
C107194,32,54,month-to-month,credit-card,no,no,20.22,1,0,2,13,0,60.8,3284.93,1
C107195,39,64,two-year,electronic-check,yes,no,10.52,4,0,1,13,1,99.02,6455.92,1
C107196,46,22,one-year,credit-card,yes,no,11.8,0,2,1,18,1,73.07,1687.05,0
C107197,49,69,month-to-month,mailed-check,yes,no,12.38,1,0,0,12,0,75.69,5245.72,0
C107198,46,17,month-to-month,credit-card,yes,yes,43.39,0,0,1,13,1,61.76,1126.44,0
C107199,38,31,month-to-month,electronic-check,yes,yes,75.45,0,0,1,21,1,57.35,1824.5,1
C107200,48,49,month-to-month,credit-card,yes,no,10.65,1,0,1,16,0,84.2,4179.03,0
C107201,54,20,month-to-month,electronic-check,yes,no,58.45,1,0,1,17,1,50.67,1028.34,1
C107202,50,19,month-to-month,electronic-check,no,no,9.46,2,0,0,21,1,66.81,1306.97,0
C107203,39,9,month-to-month,credit-card,no,yes,27.47,1,0,0,25,3,87.02,841.3,0
C107204,29,0,month-to-month,electronic-check,no,no,9.11,1,1,0,15,0,48.19,0.0,0
C107205,29,36,one-year,electronic-check,yes,no,46.39,0,0,0,20,2,69.65,2637.42,1
C107206,31,72,month-to-month,credit-card,no,no,38.45,5,0,1,14,0,55.24,4085.15,0
C107207,42,16,month-to-month,mailed-check,yes,no,44.57,1,0,2,12,1,54.96,972.24,0
C107208,45,32,two-year,bank-transfer,yes,no,14.87,1,1,0,25,2,59.05,1942.96,0
C107209,22,68,month-to-month,credit-card,yes,yes,,0,0,0,16,3,79.11,5427.43,0
C107210,33,56,one-year,mailed-check,yes,no,43.33,2,0,2,12,2,66.7,3739.3,1
C107211,42,0,two-year,electronic-check,yes,no,19.5,1,0,3,11,0,49.63,73.11,1
C107212,28,36,one-year,bank-transfer,no,yes,19.68,2,0,0,15,0,46.01,1688.65,0
C107213,44,10,month-to-month,bank-transfer,yes,no,14.68,0,1,1,6,0,46.03,566.45,1
C107214,35,18,month-to-month,electronic-check,no,no,18.42,0,0,1,7,1,59.03,1123.19,0
C107215,30,17,two-year,mailed-check,yes,no,43.49,1,1,0,6,1,49.55,891.93,0
C107216,40,44,two-year,mailed-check,no,no,13.53,0,0,0,15,3,77.87,3470.65,0
C107217,44,14,month-to-month,electronic-check,no,no,13.28,0,0,0,16,0,62.38,998.42,0
C107218,29,18,one-year,electronic-check,yes,no,11.13,1,3,0,19,2,80.87,1459.85,0
C107219,36,16,two-year,credit-card,no,no,18.25,0,1,0,11,1,55.51,942.85,0
C107220,45,26,two-year,electronic-check,no,yes,45.89,0,0,3,21,2,61.77,1640.08,0
C107221,30,47,month-to-month,electronic-check,yes,yes,10.99,2,0,1,10,0,69.61,3371.45,0
C107222,19,29,month-to-month,credit-card,no,no,12.64,1,0,1,12,1,70.02,2100.07,1
C107223,21,23,month-to-month,mailed-check,no,no,58.61,1,0,1,20,1,73.25,1728.15,1
C107224,34,37,month-to-month,credit-card,yes,no,12.41,0,0,3,13,2,85.52,3257.38,0
C107225,23,44,one-year,credit-card,yes,no,21.61,1,3,0,13,1,72.7,3314.61,0
C107226,35,1,month-to-month,mailed-check,yes,no,66.23,0,0,0,14,3,94.23,199.56,0
C107227,59,64,month-to-month,mailed-check,yes,no,18.61,1,2,1,12,0,34.6,2270.67,0
C107228,22,66,month-to-month,electronic-check,no,no,79.84,1,0,1,12,3,70.41,4753.31,0
C107229,36,43,two-year,electronic-check,no,yes,10.45,0,0,2,12,0,39.08,1706.0,0
C107230,65,41,two-year,electronic-check,no,yes,77.04,0,1,1,13,1,82.27,3513.13,0
C107231,44,50,two-year,mailed-check,yes,no,18.04,0,0,1,14,0,51.56,2628.11,0
C107232,35,32,two-year,mailed-check,yes,no,2.69,1,0,0,16,1,52.36,1724.58,0
C107233,37,26,two-year,credit-card,yes,no,3.82,1,0,1,14,2,79.15,2205.33,0
C107234,44,25,month-to-month,electronic-check,yes,no,15.0,1,1,1,15,1,72.69,1881.29,0
C107235,59,11,month-to-month,mailed-check,no,no,25.47,0,0,1,26,2,82.92,1018.59,0
C107236,33,61,two-year,electronic-check,yes,no,19.38,1,0,0,16,2,77.79,4761.63,0
C107237,30,23,one-year,electronic-check,yes,yes,50.21,2,0,0,17,1,77.61,1813.42,0
C107238,22,20,month-to-month,credit-card,yes,yes,29.62,3,1,2,9,3,89.78,1920.45,0
C107239,40,70,two-year,bank-transfer,no,no,17.26,1,0,0,7,2,44.8,3158.48,0
C107240,22,36,month-to-month,mailed-check,yes,yes,23.91,0,1,1,17,3,73.33,2738.01,1
C107241,33,45,two-year,bank-transfer,yes,yes,15.73,0,1,0,13,1,58.08,2720.47,0
C107242,28,17,one-year,mailed-check,yes,no,30.62,1,0,1,22,3,79.23,1387.0,0
C107243,52,20,month-to-month,credit-card,yes,no,11.44,1,2,1,13,0,66.64,1485.03,0
C107244,33,53,two-year,mailed-check,yes,no,30.97,0,0,1,17,3,78.64,4213.36,0
C107245,44,32,one-year,bank-transfer,no,yes,18.86,1,1,2,12,1,38.91,1297.23,0
C107246,20,10,one-year,electronic-check,yes,no,15.33,0,0,0,13,0,79.37,912.55,0
C107247,41,60,one-year,mailed-check,yes,no,49.28,1,1,0,11,2,75.8,4636.3,1
C107248,25,29,month-to-month,mailed-check,no,no,65.77,2,0,0,21,2,54.72,1665.54,0
C107249,34,48,month-to-month,electronic-check,no,no,24.67,1,0,0,28,1,43.6,2113.69,0
C107250,66,24,month-to-month,bank-transfer,no,yes,16.52,0,2,2,13,1,66.29,1644.9,0
C107251,50,40,month-to-month,bank-transfer,yes,no,16.84,0,0,1,11,2,68.5,2821.83,0
C107252,37,56,month-to-month,electronic-check,no,no,16.72,1,0,0,15,0,70.79,4058.6,1
C107253,77,64,month-to-month,credit-card,no,no,1.15,3,1,1,14,2,68.38,4399.51,1
C107254,28,15,month-to-month,electronic-check,yes,no,33.19,0,2,0,10,2,71.54,1163.11,1
C107255,53,49,one-year,credit-card,yes,yes,27.45,0,0,1,18,1,54.51,2707.43,0
C107256,21,66,month-to-month,mailed-check,yes,no,22.95,1,0,0,11,1,63.65,4240.21,0
C107257,36,46,month-to-month,electronic-check,no,no,39.45,1,0,1,22,0,58.03,2772.41,0
C107258,23,10,two-year,electronic-check,yes,yes,8.68,2,0,1,15,0,71.53,780.12,0
C107259,42,13,two-year,bank-transfer,no,no,2.83,0,0,1,10,1,65.52,916.48,1
C107260,40,14,two-year,bank-transfer,no,no,16.2,3,1,0,9,1,65.04,993.13,1
C107261,35,7,month-to-month,bank-transfer,no,no,34.96,0,0,0,19,0,66.0,549.19,0
C107262,52,55,one-year,mailed-check,yes,no,24.29,1,1,1,15,1,81.19,4545.42,0
C107263,32,70,month-to-month,electronic-check,no,no,19.57,1,0,0,11,1,50.81,3607.78,0
C107264,43,37,one-year,credit-card,yes,no,67.57,0,1,0,17,0,51.07,1913.5,0
C107265,49,43,two-year,credit-card,no,no,,1,0,1,21,1,69.7,3073.58,0
C107266,21,56,month-to-month,mailed-check,yes,no,37.54,0,0,2,18,0,57.22,3272.46,0
C107267,30,30,two-year,credit-card,yes,yes,18.7,0,0,0,14,3,72.79,2291.68,0
C107268,40,34,one-year,bank-transfer,yes,no,109.79,0,2,0,18,0,38.09,1374.02,0
C107269,47,42,month-to-month,mailed-check,no,no,9.34,0,2,1,13,2,61.27,2612.09,0
C107270,56,22,month-to-month,bank-transfer,yes,no,45.37,0,0,0,17,1,70.4,1655.71,0
C107271,36,4,two-year,electronic-check,yes,yes,47.62,1,0,1,14,2,94.07,433.44,1
C107272,35,41,month-to-month,electronic-check,yes,no,15.35,0,0,1,22,1,63.8,2688.83,1
C107273,29,60,month-to-month,bank-transfer,no,no,54.61,0,0,0,19,1,68.45,4216.94,0
C107274,43,5,month-to-month,credit-card,yes,yes,8.7,1,0,1,12,2,62.63,421.58,0
C107275,35,15,two-year,mailed-check,yes,no,29.78,0,0,0,12,0,56.81,927.8,0
C107276,36,19,month-to-month,electronic-check,no,no,43.67,2,0,1,21,3,78.88,1618.24,0
C107277,38,58,two-year,electronic-check,yes,no,28.78,0,0,2,12,2,80.69,4775.27,0
C107278,46,36,one-year,mailed-check,yes,no,6.05,0,0,2,12,3,85.27,3138.04,0
C107279,32,39,month-to-month,bank-transfer,yes,no,43.07,1,0,1,12,3,99.64,4028.62,0
C107280,30,47,month-to-month,electronic-check,yes,no,52.91,1,0,0,14,0,61.56,2872.49,0
C107281,44,20,one-year,electronic-check,yes,no,25.86,0,0,1,20,3,88.34,1874.5,0
C107282,18,52,month-to-month,bank-transfer,yes,yes,4.45,1,0,0,15,1,48.49,2555.06,0
C107283,32,2,month-to-month,electronic-check,yes,yes,24.75,0,0,2,19,1,71.97,216.69,0
C107284,25,8,month-to-month,mailed-check,yes,no,14.28,1,0,1,16,0,64.73,664.42,0
C107285,53,59,two-year,bank-transfer,yes,yes,23.74,0,0,0,17,0,57.8,3490.87,1
C107286,34,48,one-year,electronic-check,yes,no,37.01,0,1,1,24,0,56.69,2756.91,0
C107287,32,12,month-to-month,mailed-check,yes,no,,4,1,0,8,0,53.35,630.59,0
C107288,38,32,month-to-month,electronic-check,no,yes,60.23,1,0,0,13,1,86.96,2841.23,1
C107289,32,3,month-to-month,electronic-check,yes,no,18.04,0,0,0,11,2,53.97,248.84,0
C107290,34,49,one-year,credit-card,no,no,26.24,1,1,0,19,2,85.84,4275.47,0
C107291,40,55,month-to-month,bank-transfer,no,no,15.57,2,0,1,10,0,60.77,3399.03,0
C107292,34,20,two-year,electronic-check,yes,no,37.0,0,0,1,10,2,64.77,1349.96,0
C107293,34,25,two-year,electronic-check,no,yes,60.21,2,0,2,17,1,75.03,1918.06,0
C107294,27,17,month-to-month,electronic-check,no,no,12.01,1,1,1,18,0,60.67,1155.5,1
C107295,25,28,two-year,credit-card,yes,no,33.63,0,0,0,9,1,53.58,1561.33,0
C107296,40,19,one-year,bank-transfer,yes,no,13.46,0,0,1,9,0,68.52,1385.51,0
C107297,43,18,one-year,bank-transfer,no,no,36.39,1,1,1,14,1,69.36,1382.1,0
C107298,22,31,month-to-month,electronic-check,yes,no,23.32,1,0,3,17,0,47.04,1499.18,0
C107299,48,62,two-year,credit-card,yes,no,41.97,2,0,1,18,1,83.12,5220.37,0
C107300,48,55,month-to-month,credit-card,yes,no,27.85,0,0,1,14,2,83.86,4698.31,1
C107301,51,21,two-year,electronic-check,yes,no,83.01,0,0,2,26,1,72.38,1544.96,1
C107302,43,68,month-to-month,mailed-check,yes,no,15.68,1,0,1,10,1,77.48,5353.77,0
C107303,47,15,month-to-month,mailed-check,no,yes,7.39,2,0,2,10,3,78.1,1247.73,1
C107304,65,66,two-year,bank-transfer,yes,no,14.66,0,0,2,18,2,82.31,5507.28,0
C107305,35,22,month-to-month,mailed-check,yes,no,14.86,0,1,1,17,0,65.58,1546.09,1
C107306,26,39,month-to-month,electronic-check,yes,no,21.14,2,0,1,16,3,81.46,3265.19,0
C107307,21,14,two-year,bank-transfer,no,yes,17.04,1,0,1,13,0,54.16,823.62,0
C107308,60,55,month-to-month,bank-transfer,yes,no,26.25,2,0,1,15,1,60.56,3403.86,0
C107309,60,23,two-year,mailed-check,yes,no,4.79,1,0,1,19,2,91.0,2199.01,0
C107310,28,63,two-year,mailed-check,no,no,16.97,0,1,5,11,1,48.85,3117.7,0
C107311,30,6,month-to-month,electronic-check,no,no,16.83,1,1,1,16,2,83.78,532.35,1
C107312,35,36,one-year,mailed-check,yes,yes,38.44,0,0,0,14,1,83.34,3054.19,0
C107313,54,11,two-year,credit-card,no,no,10.68,0,0,1,16,2,54.43,642.73,0
C107314,24,64,two-year,bank-transfer,yes,no,10.24,0,0,1,12,1,65.49,4280.25,0
C107315,18,30,month-to-month,credit-card,yes,no,22.95,0,1,1,15,3,104.3,3247.62,0
C107316,65,49,one-year,bank-transfer,yes,no,40.09,2,1,0,13,1,59.09,3001.43,0
C107317,43,64,one-year,credit-card,yes,no,0.99,1,0,1,15,1,68.67,4465.42,0
C107318,44,39,month-to-month,mailed-check,no,no,37.21,0,0,0,13,1,64.55,2673.75,0
C107319,37,4,one-year,electronic-check,yes,no,33.35,0,0,0,17,0,45.65,271.0,0
C107320,45,16,month-to-month,credit-card,yes,no,21.35,0,0,1,19,0,51.79,855.81,0
C107321,21,15,month-to-month,bank-transfer,yes,no,25.56,0,1,0,12,0,48.84,776.76,0
C107322,29,66,month-to-month,credit-card,yes,no,45.51,1,0,1,11,2,60.34,4026.3,0
C107323,40,66,two-year,bank-transfer,no,no,14.77,0,0,0,13,0,73.25,4931.69,0
C107324,18,34,month-to-month,mailed-check,no,no,6.79,1,1,1,20,2,86.58,3050.45,1
C107325,35,64,month-to-month,electronic-check,yes,yes,33.49,2,0,0,13,3,83.42,5446.49,1
C107326,35,17,month-to-month,mailed-check,yes,no,31.54,0,1,1,24,0,51.2,851.71,0
C107327,35,49,month-to-month,bank-transfer,yes,no,3.05,1,0,0,14,0,50.12,2479.02,0
C107328,32,28,two-year,credit-card,no,no,61.93,2,1,3,18,2,63.96,1820.83,0
C107329,27,17,month-to-month,credit-card,yes,no,30.11,1,1,0,13,3,78.91,1423.65,0
C107330,18,18,month-to-month,mailed-check,yes,no,11.26,1,1,0,11,2,55.95,1027.12,0
C107331,41,30,two-year,mailed-check,no,no,31.89,1,2,0,14,0,65.34,2003.85,0
C107332,35,24,month-to-month,electronic-check,no,no,28.91,0,0,1,16,1,39.72,,0
C107333,22,15,month-to-month,mailed-check,yes,no,16.45,0,1,0,21,0,58.41,940.14,0
C107334,40,24,two-year,credit-card,no,no,25.35,0,0,0,14,1,53.53,1401.76,1
C107335,35,9,one-year,bank-transfer,yes,yes,25.5,1,1,2,12,1,75.57,782.26,1
C107336,33,70,month-to-month,mailed-check,no,no,23.41,2,0,2,18,2,72.21,5163.06,1
C107337,18,27,one-year,credit-card,yes,no,21.95,0,0,3,15,3,93.55,2690.4,0
C107338,47,7,one-year,electronic-check,no,no,29.14,0,2,1,16,0,49.28,422.89,0
C107339,24,42,one-year,credit-card,no,yes,26.08,1,1,0,20,3,106.21,4584.18,0
C107340,40,64,month-to-month,bank-transfer,no,yes,14.85,2,0,1,21,2,58.4,3734.92,0
C107341,29,26,two-year,electronic-check,yes,no,9.41,1,0,0,7,2,62.71,1727.76,0
C107342,34,61,one-year,bank-transfer,no,no,25.25,3,0,2,16,3,71.77,4432.72,0
C107343,53,44,one-year,electronic-check,yes,no,37.02,1,1,1,18,0,56.41,2552.79,0
C107344,45,53,two-year,bank-transfer,yes,no,24.55,2,1,2,15,1,68.39,3719.84,1
C107345,53,21,two-year,electronic-check,yes,no,14.64,0,0,0,13,3,65.15,1426.53,0
C107346,43,2,one-year,electronic-check,no,no,4.52,1,0,0,12,1,48.54,149.23,1
C107347,44,25,month-to-month,bank-transfer,yes,yes,63.23,1,0,1,12,0,45.48,1126.68,1
C107348,18,67,month-to-month,mailed-check,yes,no,30.64,0,0,1,23,2,59.1,3979.0,0
C107349,35,57,one-year,electronic-check,no,no,29.09,2,0,0,17,3,77.06,4470.1,1
C107350,36,57,month-to-month,credit-card,no,no,16.55,1,0,0,14,1,88.96,5089.66,0
C107351,54,64,one-year,electronic-check,yes,no,4.71,0,1,1,10,2,68.29,4496.5,1
C107352,33,27,one-year,bank-transfer,yes,no,13.87,0,0,1,14,1,57.3,1598.9,0
C107353,42,23,one-year,bank-transfer,yes,no,56.87,3,0,0,11,3,85.89,2073.19,0
C107354,42,67,month-to-month,electronic-check,yes,no,7.7,1,1,0,17,0,36.76,2446.32,0
C107355,53,41,two-year,credit-card,yes,no,3.76,2,0,1,10,1,45.41,1881.64,0
C107356,37,21,one-year,mailed-check,no,yes,62.67,1,0,0,17,1,56.38,1228.44,0
C107357,49,20,month-to-month,electronic-check,no,no,11.42,0,0,1,20,2,56.22,1109.81,0
C107358,19,64,one-year,mailed-check,yes,no,19.66,2,1,0,15,0,66.46,4331.26,0
C107359,20,3,month-to-month,bank-transfer,yes,no,29.41,0,0,0,18,0,79.46,359.11,0
C107360,18,4,one-year,electronic-check,yes,no,,1,1,0,19,2,81.89,408.49,0
C107361,48,53,month-to-month,electronic-check,no,no,55.99,0,0,0,11,0,48.85,2640.98,0
C107362,47,0,one-year,mailed-check,no,no,21.51,3,0,0,22,1,67.91,60.4,0
C107363,50,12,month-to-month,bank-transfer,yes,yes,14.57,1,0,1,12,1,67.95,853.9,0
C107364,31,72,month-to-month,electronic-check,no,no,8.64,0,0,1,20,3,88.47,6458.94,0
C107365,32,31,month-to-month,mailed-check,yes,no,30.97,0,1,2,15,3,84.05,2693.05,0
C107366,38,53,month-to-month,electronic-check,no,no,24.66,1,1,2,17,0,42.1,2292.43,0
C107367,56,35,two-year,electronic-check,no,no,4.36,0,1,0,9,0,57.06,2024.59,0
C107368,59,6,two-year,bank-transfer,yes,no,19.58,0,0,0,12,0,55.54,387.72,0
C107369,49,13,month-to-month,electronic-check,no,no,25.12,0,0,1,8,2,64.77,887.4,1
C107370,43,55,month-to-month,electronic-check,yes,no,32.9,1,0,3,10,1,44.55,2482.68,0
C107371,55,6,one-year,electronic-check,yes,yes,10.09,1,0,1,8,0,38.1,277.26,0
C107372,36,43,month-to-month,bank-transfer,no,no,25.65,0,0,1,7,1,79.46,3417.84,0
C107373,34,25,month-to-month,bank-transfer,yes,no,8.41,0,0,0,19,1,73.37,1942.59,0
C107374,37,27,month-to-month,mailed-check,yes,yes,29.46,3,0,0,11,0,43.06,1215.86,1
C107375,27,69,one-year,bank-transfer,yes,yes,19.1,1,0,1,16,1,43.51,3091.57,0
C107376,37,44,two-year,bank-transfer,no,yes,79.65,0,1,1,16,0,60.12,2622.69,0
C107377,26,44,month-to-month,electronic-check,no,no,11.74,0,0,2,15,1,64.13,2915.32,0
C107378,51,25,two-year,,no,no,15.71,0,0,0,15,2,50.49,1277.34,0
C107379,46,27,two-year,electronic-check,no,no,4.64,1,0,0,20,2,88.53,2508.02,0
C107380,56,50,two-year,credit-card,no,no,22.22,0,0,2,12,0,71.22,3659.8,0
C107381,19,2,one-year,electronic-check,no,no,17.33,1,0,0,15,0,43.08,192.21,0
C107382,62,17,two-year,electronic-check,no,no,23.88,0,1,0,12,3,91.91,1668.04,0
C107383,20,43,one-year,mailed-check,yes,no,21.34,0,0,2,15,0,59.03,2524.85,0
C107384,25,45,two-year,mailed-check,no,no,80.6,1,0,1,16,0,68.53,3133.99,0
C107385,32,6,month-to-month,credit-card,yes,no,31.4,1,1,0,15,0,46.77,341.57,0
C107386,55,57,one-year,mailed-check,yes,no,38.75,1,3,0,11,1,74.45,4320.23,0
C107387,42,39,one-year,electronic-check,yes,no,24.41,1,0,2,16,3,112.45,4459.4,0
C107388,36,17,month-to-month,bank-transfer,yes,yes,27.21,0,1,2,27,2,83.16,1520.74,0
C107389,29,54,month-to-month,bank-transfer,no,no,23.75,2,0,0,15,1,71.82,4038.82,0
C107390,22,72,month-to-month,credit-card,yes,no,24.07,1,0,1,19,1,44.11,3223.57,1
C107391,53,30,month-to-month,bank-transfer,no,no,14.57,1,1,1,16,0,66.12,,1
C107392,49,20,month-to-month,mailed-check,yes,no,38.09,2,1,0,10,1,69.46,1469.8,0
C107393,55,21,month-to-month,electronic-check,no,no,83.87,0,1,1,21,0,50.25,1075.39,0
C107394,44,43,month-to-month,credit-card,yes,no,24.37,2,1,1,20,0,52.58,2265.42,0
C107395,18,3,one-year,bank-transfer,no,no,10.57,1,1,1,14,1,62.02,255.63,0
C107396,24,35,month-to-month,electronic-check,yes,no,44.11,0,0,0,17,3,87.91,3171.97,0
C107397,45,1,month-to-month,mailed-check,no,yes,62.36,0,0,1,19,1,49.43,85.45,0
C107398,35,2,month-to-month,bank-transfer,no,yes,15.26,1,0,1,14,0,56.54,170.84,1
C107399,32,31,month-to-month,electronic-check,no,yes,8.64,1,0,0,17,1,82.77,2611.22,0
C107400,26,54,month-to-month,bank-transfer,no,no,35.39,1,0,2,18,2,87.41,4805.07,1
C107401,50,64,two-year,bank-transfer,yes,no,24.94,0,3,1,21,0,43.59,2833.69,0
C107402,44,6,month-to-month,electronic-check,yes,no,33.22,3,0,2,21,1,68.58,455.91,1
C107403,45,17,month-to-month,credit-card,yes,yes,23.05,2,0,2,12,2,85.73,1503.36,1
C107404,31,30,one-year,credit-card,yes,no,19.59,1,0,0,11,0,31.38,927.24,0
C107405,41,41,two-year,electronic-check,yes,no,11.19,0,1,1,10,1,71.68,3083.45,0
C107406,23,72,month-to-month,mailed-check,no,no,30.31,3,0,3,14,0,57.0,4120.99,1
C107407,37,49,month-to-month,credit-card,no,no,7.51,0,0,1,17,0,36.62,1835.89,0
C107408,18,39,one-year,mailed-check,no,no,37.98,3,0,1,20,1,88.43,3564.93,0
C107409,20,4,month-to-month,credit-card,no,no,36.31,0,0,1,19,1,71.34,396.05,1
C107410,35,5,month-to-month,electronic-check,yes,no,29.51,0,1,2,18,1,65.24,462.7,0
C107411,68,11,two-year,bank-transfer,yes,yes,51.62,0,0,0,19,2,60.99,684.89,0
C107412,18,48,two-year,bank-transfer,no,no,18.3,1,0,0,16,2,77.62,3800.45,1
C107413,24,24,one-year,electronic-check,yes,no,17.81,1,0,3,14,0,61.09,1493.02,1
C107414,42,17,month-to-month,bank-transfer,yes,no,16.81,0,1,1,14,0,71.95,,1
C107415,60,48,one-year,electronic-check,no,yes,25.79,1,1,0,18,2,73.45,3569.36,1
C107416,41,59,two-year,electronic-check,yes,no,20.83,0,0,0,15,2,57.4,3445.89,0
C107417,47,32,two-year,electronic-check,yes,yes,16.37,0,0,0,17,3,72.47,2356.07,0
C107418,35,64,month-to-month,electronic-check,yes,no,17.45,0,2,3,11,1,66.3,4267.55,0
C107419,33,53,month-to-month,electronic-check,no,yes,28.6,2,2,0,9,2,94.17,5051.36,1
C107420,40,52,month-to-month,mailed-check,yes,no,48.34,0,1,1,20,1,71.55,3749.82,1
C107421,31,63,two-year,electronic-check,no,yes,14.3,0,0,0,14,1,70.81,4543.37,0
C107422,48,13,month-to-month,electronic-check,yes,yes,2.66,0,0,0,13,3,69.93,966.48,0
C107423,20,55,month-to-month,electronic-check,no,yes,34.86,0,0,1,17,1,74.2,4159.58,0
C107424,50,69,month-to-month,credit-card,no,no,10.6,0,1,0,13,1,58.27,4023.8,0
C107425,39,72,month-to-month,electronic-check,yes,no,48.25,3,0,0,13,2,73.04,5338.22,0
C107426,36,42,two-year,bank-transfer,no,yes,38.92,1,0,0,19,1,75.46,3230.25,0
C107427,19,55,month-to-month,electronic-check,yes,no,41.23,1,0,0,16,0,57.31,,1
C107428,27,64,month-to-month,electronic-check,yes,no,23.86,0,0,1,13,0,69.67,4597.83,0
C107429,53,62,one-year,mailed-check,yes,yes,46.63,1,0,0,17,0,74.49,4708.09,1
C107430,36,65,one-year,mailed-check,yes,no,30.09,2,0,0,14,1,83.78,5554.97,0
C107431,42,60,one-year,mailed-check,no,no,28.44,0,0,0,17,1,65.01,3954.94,1
C107432,28,27,two-year,bank-transfer,no,no,25.18,1,0,1,21,1,57.74,1627.44,0
C107433,39,53,month-to-month,electronic-check,no,no,32.31,1,0,2,20,1,55.98,3010.21,1
C107434,23,29,month-to-month,electronic-check,yes,no,6.4,0,0,2,23,0,61.91,1860.58,0
C107435,40,58,month-to-month,credit-card,no,no,16.22,0,0,1,13,1,70.41,4142.08,0
C107436,43,59,one-year,electronic-check,yes,no,16.25,1,1,0,12,1,65.67,3950.19,0
C107437,43,68,two-year,credit-card,yes,no,21.3,0,0,1,23,2,69.44,4807.38,0
C107438,28,42,month-to-month,bank-transfer,no,no,10.13,0,0,0,19,1,66.39,2858.56,0
C107439,35,34,one-year,electronic-check,no,no,13.76,3,0,1,14,1,46.86,1647.77,0
C107440,45,12,one-year,electronic-check,no,no,8.05,0,1,0,13,2,64.14,895.06,0
C107441,36,46,two-year,mailed-check,no,no,,1,0,1,7,2,64.97,3051.14,0
C107442,36,41,month-to-month,bank-transfer,yes,no,11.57,1,0,0,10,3,94.29,3987.18,1
C107443,62,37,month-to-month,credit-card,no,no,13.37,0,0,0,18,0,67.49,2557.8,0
C107444,28,49,one-year,electronic-check,no,no,39.47,0,1,1,11,0,34.05,1729.22,0
C107445,52,62,two-year,credit-card,no,no,21.75,1,0,1,19,1,47.03,2996.24,0
C107446,25,10,one-year,electronic-check,yes,no,19.17,1,1,0,13,1,72.79,836.58,0
C107447,47,31,two-year,electronic-check,yes,no,51.36,2,0,1,12,0,59.32,1927.18,0
C107448,47,52,month-to-month,mailed-check,yes,no,28.87,0,0,1,11,0,64.27,3448.32,1
C107449,33,59,one-year,credit-card,yes,no,30.47,1,0,0,13,0,49.36,2929.34,1
C107450,24,56,month-to-month,mailed-check,no,no,25.24,0,1,0,14,2,66.58,3758.98,0
C107451,18,58,month-to-month,credit-card,no,no,40.1,0,0,0,18,1,57.78,3453.88,0
C107452,32,62,month-to-month,mailed-check,no,yes,44.25,1,0,1,18,1,36.04,2238.69,1
C107453,45,70,month-to-month,credit-card,yes,no,28.07,0,0,2,14,0,43.24,3077.4,0
C107454,26,44,month-to-month,credit-card,no,no,39.78,3,0,1,14,0,44.58,2048.69,0
C107455,40,18,one-year,bank-transfer,yes,yes,32.27,2,0,0,16,1,54.27,1024.0,0
C107456,21,41,two-year,bank-transfer,yes,no,28.82,0,1,2,12,0,45.05,,0
C107457,36,51,month-to-month,mailed-check,yes,no,17.97,1,1,1,24,3,65.98,3391.53,1
C107458,25,7,month-to-month,credit-card,no,no,13.11,2,1,1,13,0,52.95,435.5,0
C107459,38,55,month-to-month,bank-transfer,no,no,6.54,2,1,1,20,2,80.6,4519.54,1
C107460,33,39,month-to-month,electronic-check,no,no,60.58,0,0,0,18,1,34.09,1420.0,0
C107461,25,68,month-to-month,credit-card,yes,no,40.05,2,0,2,22,2,58.89,4079.29,0
C107462,31,15,one-year,bank-transfer,yes,no,16.63,1,0,0,12,2,65.94,1107.91,0
C107463,28,66,two-year,bank-transfer,yes,yes,5.49,2,0,0,8,2,50.86,3447.89,0
C107464,23,32,month-to-month,bank-transfer,no,yes,32.41,0,0,0,11,0,70.23,2347.66,0
C107465,52,41,one-year,electronic-check,no,no,18.43,1,1,0,20,0,42.77,1766.86,0
C107466,35,48,one-year,mailed-check,yes,no,41.44,0,0,2,19,1,75.28,3740.27,0
C107467,18,42,month-to-month,electronic-check,yes,no,10.92,0,0,1,17,0,46.15,1959.51,0
C107468,32,65,month-to-month,credit-card,no,no,16.16,1,3,0,14,0,71.15,4686.39,0
C107469,50,12,month-to-month,bank-transfer,yes,no,19.84,0,0,2,16,0,45.99,576.44,0
C107470,30,53,month-to-month,credit-card,yes,no,35.46,0,1,0,12,2,63.83,3457.78,0
C107471,57,71,two-year,electronic-check,no,no,13.96,1,1,0,12,2,72.3,5180.85,0
C107472,29,16,month-to-month,credit-card,no,no,32.69,0,0,0,13,0,74.92,1217.45,0
C107473,45,18,month-to-month,mailed-check,no,no,6.9,1,0,1,13,3,91.07,1832.69,1
C107474,51,34,month-to-month,mailed-check,yes,no,21.9,0,0,1,17,2,68.57,2355.37,0
C107475,44,52,month-to-month,credit-card,no,no,55.5,0,2,1,19,0,60.41,3249.62,1
C107476,23,70,two-year,bank-transfer,yes,no,70.68,2,0,1,21,1,58.66,4203.18,0
C107477,28,58,month-to-month,credit-card,yes,no,45.95,1,0,0,10,1,84.02,4979.61,1
C107478,53,57,one-year,bank-transfer,yes,yes,5.35,0,0,0,12,3,96.12,5569.34,1
C107479,29,32,month-to-month,electronic-check,yes,no,20.41,3,0,0,13,1,65.84,,0
C107480,51,47,month-to-month,mailed-check,yes,no,22.39,1,0,1,20,1,66.83,3217.46,0
C107481,34,15,month-to-month,credit-card,yes,no,42.23,1,0,0,19,0,49.86,842.61,0
C107482,41,33,two-year,mailed-check,yes,no,24.84,2,0,1,15,2,71.97,2472.0,0
C107483,22,13,month-to-month,bank-transfer,yes,no,10.33,1,0,1,14,3,91.78,1290.09,1
C107484,32,1,one-year,electronic-check,no,no,46.42,0,0,1,16,2,78.97,217.26,0
C107485,28,62,month-to-month,mailed-check,yes,no,65.14,0,0,0,17,2,67.02,4251.63,0
C107486,42,58,one-year,credit-card,yes,no,38.11,0,0,1,12,2,46.28,2726.14,0
C107487,40,37,one-year,credit-card,no,no,13.49,1,1,1,17,2,83.45,3199.09,1
C107488,45,1,one-year,electronic-check,no,no,74.93,0,0,0,18,3,86.31,,1
C107489,33,6,month-to-month,electronic-check,yes,yes,40.38,2,1,2,25,1,76.79,489.21,1
C107490,28,8,month-to-month,electronic-check,yes,yes,36.13,1,0,0,16,2,51.21,544.31,0
C107491,41,52,two-year,electronic-check,yes,no,63.37,0,1,1,21,1,70.77,3773.9,1
C107492,27,14,one-year,credit-card,yes,no,41.11,1,0,0,21,0,54.98,734.93,0
C107493,52,18,month-to-month,mailed-check,yes,no,20.99,1,0,1,14,0,50.87,1001.42,0
C107494,38,62,month-to-month,electronic-check,yes,yes,58.36,0,1,0,14,1,82.59,5252.14,0
C107495,35,63,month-to-month,credit-card,yes,no,11.25,0,0,0,14,0,46.91,3034.33,0
C107496,45,55,month-to-month,credit-card,yes,no,13.01,2,1,1,9,0,72.08,4085.72,0
C107497,38,22,month-to-month,mailed-check,no,no,15.5,2,1,1,3,0,81.99,1908.25,1
C107498,19,42,month-to-month,credit-card,yes,no,25.4,0,0,2,17,1,50.71,2159.17,0
C107499,26,14,month-to-month,mailed-check,no,no,28.07,0,0,0,13,0,45.74,703.7,0
C107500,52,62,one-year,electronic-check,yes,no,19.98,0,0,1,15,3,79.55,5065.58,0
C107501,40,6,two-year,credit-card,yes,no,20.73,0,0,1,19,1,65.56,506.49,0
C107502,19,54,one-year,electronic-check,yes,no,29.03,0,0,3,15,2,90.49,4940.95,0
C107503,43,37,month-to-month,credit-card,yes,no,11.27,1,0,2,12,1,77.09,2982.57,1
C107504,32,55,one-year,bank-transfer,yes,no,34.09,0,1,2,18,1,58.55,3267.37,0
C107505,29,32,month-to-month,credit-card,no,no,2.38,2,1,0,15,2,64.07,2111.26,1
C107506,25,11,one-year,electronic-check,yes,no,23.07,0,0,1,12,2,67.36,812.11,0
C107507,51,54,month-to-month,mailed-check,yes,no,15.41,1,1,1,17,0,58.53,3292.87,0
C107508,18,46,month-to-month,credit-card,no,no,72.99,0,2,0,19,0,45.61,2094.98,0
C107509,29,33,one-year,credit-card,yes,no,18.86,1,0,1,23,2,58.82,1988.82,0
C107510,40,27,month-to-month,credit-card,yes,no,25.48,1,0,0,13,0,47.49,1355.93,1
C107511,58,25,one-year,electronic-check,no,yes,19.56,0,0,0,19,3,69.19,1805.43,0
C107512,46,35,one-year,bank-transfer,yes,no,9.64,0,0,2,13,2,74.38,2683.45,0
C107513,29,19,month-to-month,mailed-check,yes,yes,9.31,0,0,0,12,1,41.11,863.43,0
C107514,57,20,month-to-month,electronic-check,no,no,7.94,2,1,1,19,0,50.34,1012.73,1
C107515,23,20,one-year,mailed-check,yes,yes,22.83,0,0,1,14,2,59.19,1228.6,0
C107516,42,0,one-year,bank-transfer,no,no,18.31,0,1,1,11,1,65.41,,1
C107517,45,67,two-year,mailed-check,yes,no,5.26,1,1,0,16,1,48.97,3301.71,0
C107518,28,17,month-to-month,electronic-check,yes,no,66.93,1,1,1,13,0,62.9,1144.81,0
C107519,47,12,two-year,credit-card,yes,no,36.14,0,0,1,13,0,55.07,707.44,0
C107520,33,11,month-to-month,credit-card,no,no,25.84,0,0,0,16,0,73.6,,0
C107521,47,72,month-to-month,mailed-check,yes,yes,3.45,0,1,2,15,1,67.36,4887.4,1
C107522,18,34,one-year,credit-card,yes,yes,30.45,0,0,0,14,0,54.46,1876.78,0
C107523,43,23,month-to-month,credit-card,yes,no,24.83,0,0,0,16,0,55.81,1378.42,0
C107524,34,29,month-to-month,electronic-check,yes,no,41.13,2,0,0,11,2,72.33,2144.34,1
C107525,53,6,month-to-month,bank-transfer,yes,no,13.22,0,1,0,15,0,48.63,388.81,0
C107526,38,22,two-year,credit-card,no,no,16.16,0,0,0,8,1,63.71,1445.15,1
C107527,54,18,two-year,bank-transfer,no,no,27.56,1,0,0,14,1,57.0,1105.26,0
C107528,45,58,two-year,electronic-check,yes,no,15.67,2,1,0,17,0,51.61,3061.3,0
C107529,37,4,month-to-month,bank-transfer,yes,no,30.17,0,0,0,18,1,59.9,305.16,0
C107530,48,31,month-to-month,credit-card,yes,no,9.41,0,1,0,13,3,78.5,2546.78,1
C107531,49,57,two-year,bank-transfer,yes,no,21.55,0,1,2,18,2,75.34,4380.99,0
C107532,45,60,month-to-month,electronic-check,yes,yes,13.39,0,0,0,11,1,70.37,4323.59,0
C107533,18,37,month-to-month,electronic-check,no,no,39.78,2,0,2,12,3,88.35,3307.26,1
C107534,27,16,month-to-month,credit-card,yes,no,77.4,0,0,1,18,1,61.16,1000.77,0
C107535,56,24,one-year,mailed-check,yes,no,65.51,0,0,1,21,2,56.09,1384.68,0
C107536,24,16,one-year,credit-card,no,no,4.64,0,1,1,11,0,64.6,1061.94,1
C107537,50,48,month-to-month,mailed-check,yes,no,31.98,1,0,1,21,0,82.76,4069.34,1
C107538,47,21,month-to-month,credit-card,no,yes,13.22,3,1,0,17,1,74.19,1636.8,0
C107539,30,46,one-year,electronic-check,no,no,9.19,1,0,0,14,2,73.93,3534.24,0
C107540,18,47,one-year,credit-card,yes,no,31.38,1,1,1,11,1,69.42,3362.55,0
C107541,32,68,month-to-month,credit-card,no,no,9.19,0,1,1,11,1,65.18,4479.89,0
C107542,64,27,month-to-month,mailed-check,yes,no,48.15,1,1,1,15,3,78.08,2195.27,0
C107543,29,70,two-year,electronic-check,yes,no,31.83,1,0,1,15,1,56.77,4065.03,0
C107544,29,29,one-year,credit-card,no,no,41.81,0,0,1,15,1,78.68,2388.92,0
C107545,27,49,one-year,credit-card,no,no,27.6,1,0,2,10,0,47.07,2362.28,0
C107546,54,48,one-year,bank-transfer,yes,no,8.25,0,0,1,11,3,93.59,4557.52,0
C107547,36,59,two-year,mailed-check,yes,no,17.79,1,0,0,18,0,62.48,3752.5,0
C107548,31,34,month-to-month,credit-card,no,yes,53.74,0,0,3,15,2,91.07,3155.05,0
C107549,56,57,month-to-month,bank-transfer,no,no,20.99,0,0,0,15,0,64.82,3790.48,0
C107550,46,25,month-to-month,mailed-check,yes,no,19.92,0,1,1,3,1,35.55,955.8,0
C107551,28,35,two-year,mailed-check,yes,no,57.58,0,0,0,19,0,41.48,1476.38,0
C107552,24,36,month-to-month,electronic-check,yes,no,26.97,1,0,0,12,1,69.62,2586.37,0
C107553,53,51,month-to-month,credit-card,no,no,50.08,0,1,0,19,1,86.2,4493.98,0
C107554,39,45,month-to-month,credit-card,yes,yes,21.24,0,0,3,17,2,70.97,3271.96,0
C107555,20,5,one-year,,yes,no,10.99,2,0,0,18,3,55.43,308.39,0
C107556,18,59,one-year,electronic-check,yes,no,2.8,1,1,0,16,0,64.63,3856.17,0
C107557,26,55,month-to-month,electronic-check,no,no,20.89,0,0,1,18,0,75.78,4272.37,0
C107558,24,7,month-to-month,electronic-check,no,no,24.87,1,0,0,18,2,60.21,499.47,0
C107559,18,70,one-year,credit-card,yes,no,46.98,2,2,2,13,2,64.44,4602.16,0
C107560,26,48,month-to-month,bank-transfer,yes,no,0.39,2,0,0,12,1,81.24,3988.61,0
C107561,28,6,one-year,mailed-check,yes,no,33.85,2,0,0,11,0,41.63,244.34,0
C107562,33,35,month-to-month,electronic-check,no,no,23.35,1,0,0,15,0,43.52,1573.91,1
C107563,59,61,two-year,electronic-check,no,no,20.35,2,1,1,19,3,55.74,3456.83,0
C107564,36,20,month-to-month,bank-transfer,no,no,75.08,0,0,1,15,0,61.45,1270.69,1
C107565,37,68,one-year,electronic-check,no,no,31.99,1,0,0,13,0,53.44,3625.53,0
C107566,45,30,month-to-month,electronic-check,no,no,59.05,0,0,0,18,0,51.25,1541.4,0
C107567,36,16,month-to-month,credit-card,yes,no,12.92,0,0,0,16,1,74.59,,0
C107568,44,26,one-year,bank-transfer,yes,no,17.14,0,0,1,16,1,76.85,2075.49,0
C107569,42,38,one-year,credit-card,yes,no,47.27,0,0,0,17,2,91.15,3584.71,0
C107570,40,50,one-year,electronic-check,yes,yes,11.42,1,0,1,13,1,63.62,3298.58,1
C107571,72,67,one-year,electronic-check,no,yes,11.94,0,2,1,16,2,84.32,5718.31,1
C107572,50,14,one-year,,yes,yes,10.2,1,0,0,11,2,53.87,829.94,0
C107573,26,70,two-year,credit-card,yes,no,15.38,3,0,3,14,1,75.26,,0
C107574,43,38,month-to-month,bank-transfer,yes,no,27.77,2,0,1,12,0,65.84,2609.08,1
C107575,29,9,two-year,bank-transfer,yes,no,33.61,1,0,0,12,1,52.86,582.18,1
C107576,44,67,month-to-month,electronic-check,yes,yes,26.03,1,0,1,12,0,63.75,4383.62,0
C107577,22,25,month-to-month,bank-transfer,yes,no,18.26,0,1,2,7,3,83.19,2192.08,0
C107578,26,45,one-year,electronic-check,yes,yes,24.01,2,0,1,15,1,68.02,3127.63,0
C107579,43,50,month-to-month,electronic-check,yes,no,59.43,0,1,2,14,2,88.52,4520.98,0
C107580,51,0,month-to-month,mailed-check,yes,no,23.51,1,2,0,12,3,80.98,85.3,0
C107581,45,16,month-to-month,electronic-check,yes,no,17.25,0,0,2,12,1,79.83,1347.39,0
C107582,49,50,month-to-month,electronic-check,yes,no,2.26,0,0,0,10,0,41.72,,1
C107583,43,23,one-year,electronic-check,no,no,21.98,0,0,0,14,2,64.74,1484.05,1
C107584,41,0,month-to-month,electronic-check,yes,no,45.87,1,0,1,15,1,63.7,8.62,1
C107585,33,1,month-to-month,credit-card,no,no,5.12,0,0,1,16,2,56.96,105.79,0
C107586,49,60,month-to-month,credit-card,no,no,8.0,0,1,1,16,1,68.78,4196.31,0
C107587,51,11,month-to-month,electronic-check,no,no,15.78,0,0,0,16,0,51.87,638.31,0
C107588,38,7,month-to-month,electronic-check,yes,no,14.05,2,1,1,9,2,61.2,493.36,0
C107589,38,41,month-to-month,credit-card,yes,no,25.1,3,0,2,16,3,75.62,3203.35,1
C107590,58,8,two-year,electronic-check,no,no,70.18,0,0,1,13,2,76.31,682.61,1
C107591,39,47,one-year,bank-transfer,yes,no,9.71,2,0,0,17,2,76.09,3688.25,0
C107592,40,39,month-to-month,electronic-check,no,yes,13.81,0,0,0,8,0,60.21,2430.3,0
C107593,45,47,month-to-month,bank-transfer,yes,no,20.65,0,0,0,14,0,51.55,2452.99,0
C107594,38,35,month-to-month,electronic-check,no,no,12.94,0,0,0,19,0,33.61,1253.91,0
C107595,29,56,month-to-month,bank-transfer,no,no,25.0,1,0,0,18,1,73.96,4206.56,0
C107596,44,47,month-to-month,mailed-check,no,no,,0,0,0,13,2,68.64,3291.9,0
C107597,39,30,two-year,electronic-check,no,no,14.11,0,1,1,19,1,69.8,2164.23,0
C107598,61,1,one-year,mailed-check,yes,no,41.37,1,2,1,14,1,64.07,150.35,0
C107599,48,19,month-to-month,mailed-check,yes,no,17.59,0,1,1,10,1,91.8,1897.45,0
C107600,32,9,month-to-month,credit-card,no,no,12.85,0,0,0,20,0,23.58,207.31,0
C107601,48,1,one-year,mailed-check,no,no,6.38,0,0,0,15,3,67.84,172.43,1
C107602,43,19,two-year,electronic-check,yes,no,35.17,1,3,1,12,0,61.59,1291.69,0
C107603,55,15,month-to-month,bank-transfer,yes,no,28.31,1,0,1,15,3,67.04,1120.67,0
C107604,33,5,two-year,electronic-check,no,no,9.23,2,0,0,16,0,55.0,306.55,0
C107605,41,22,month-to-month,credit-card,yes,yes,11.62,0,1,0,12,1,48.02,1147.29,1
C107606,38,36,one-year,credit-card,no,yes,26.67,0,0,1,16,2,72.07,2676.67,1
C107607,40,13,month-to-month,electronic-check,no,yes,33.66,0,2,1,15,0,57.43,762.33,0
C107608,28,19,one-year,bank-transfer,yes,yes,29.01,0,0,0,10,1,72.67,1416.18,1
C107609,46,1,month-to-month,bank-transfer,no,no,35.05,0,0,1,20,0,60.33,74.04,1
C107610,44,3,month-to-month,electronic-check,yes,no,84.37,2,0,2,16,0,48.39,197.9,1
C107611,54,11,one-year,bank-transfer,yes,no,41.86,1,0,1,20,0,58.15,707.33,0
C107612,39,33,one-year,mailed-check,no,no,35.8,0,0,1,21,1,68.9,2346.6,0
C107613,34,48,one-year,mailed-check,yes,no,15.19,0,0,1,11,0,44.94,2170.58,0
C107614,48,57,month-to-month,bank-transfer,yes,no,8.43,0,0,0,13,3,89.73,5167.15,0
C107615,29,45,one-year,bank-transfer,no,no,53.82,1,0,0,9,3,89.28,4119.15,0
C107616,52,45,month-to-month,bank-transfer,yes,no,15.8,0,1,1,13,0,36.35,1696.66,0
C107617,52,68,one-year,mailed-check,yes,no,30.96,1,2,1,14,2,76.94,5310.75,0
C107618,54,18,month-to-month,bank-transfer,yes,no,6.09,0,0,0,11,2,63.09,1168.49,0
C107619,44,58,month-to-month,mailed-check,yes,no,4.06,1,0,2,26,0,31.36,1832.94,0
C107620,33,68,month-to-month,bank-transfer,yes,yes,41.6,2,0,1,11,0,50.54,3510.4,0
C107621,40,41,two-year,electronic-check,no,no,,0,0,0,13,2,64.54,2683.9,0
C107622,44,61,one-year,mailed-check,yes,yes,30.78,1,0,0,16,0,82.28,5121.55,1
C107623,32,10,month-to-month,mailed-check,yes,no,12.73,1,0,0,20,0,49.13,530.2,0
C107624,55,64,one-year,electronic-check,no,no,33.14,2,0,1,17,0,57.36,3721.63,1
C107625,46,41,month-to-month,electronic-check,yes,no,21.59,1,1,0,16,1,69.27,2948.4,1
C107626,28,16,month-to-month,mailed-check,yes,yes,18.86,1,0,1,18,0,51.63,880.31,0
C107627,62,4,month-to-month,electronic-check,no,no,28.79,0,0,0,13,0,59.85,273.06,0
C107628,40,52,one-year,mailed-check,no,no,32.04,0,2,1,15,0,48.17,2504.48,0
C107629,26,31,two-year,mailed-check,yes,no,13.62,1,0,0,10,0,42.45,1291.21,0
C107630,29,22,two-year,bank-transfer,yes,no,30.95,2,1,0,19,2,65.15,1502.77,0
C107631,57,28,month-to-month,credit-card,no,no,32.65,0,0,1,19,2,53.64,1553.48,0
C107632,61,72,month-to-month,credit-card,yes,no,41.08,3,0,1,11,2,79.61,5868.87,0
C107633,51,31,two-year,credit-card,yes,yes,50.15,1,2,3,15,1,66.15,2131.12,1
C107634,55,5,month-to-month,credit-card,yes,no,22.23,0,0,0,17,1,59.02,373.11,0
C107635,54,20,one-year,electronic-check,yes,no,12.82,0,1,0,14,1,70.99,1472.48,1
C107636,46,10,two-year,electronic-check,no,no,10.42,0,1,1,20,0,48.1,505.26,0
C107637,43,50,month-to-month,electronic-check,no,no,14.42,3,0,0,19,3,38.48,1988.78,0
C107638,45,58,month-to-month,electronic-check,yes,no,15.37,0,0,1,18,0,49.08,2884.98,0
C107639,48,61,two-year,credit-card,yes,no,17.29,2,0,1,15,2,78.15,4815.01,0
C107640,30,46,one-year,credit-card,no,no,21.76,1,0,0,8,1,73.71,3512.31,0
C107641,48,56,two-year,bank-transfer,yes,no,25.5,1,1,0,16,3,66.78,3797.41,0
C107642,57,30,one-year,credit-card,no,no,26.58,1,0,0,8,0,49.08,1491.54,0
C107643,37,45,month-to-month,bank-transfer,no,no,37.39,1,0,0,17,1,74.47,3495.91,0
C107644,35,7,two-year,mailed-check,no,no,53.59,1,0,0,14,1,45.18,339.6,0
C107645,45,39,one-year,electronic-check,yes,no,26.74,1,1,1,16,0,52.41,2081.54,0
C107646,31,40,two-year,credit-card,no,yes,15.4,0,0,1,15,1,68.18,,0
C107647,23,2,month-to-month,bank-transfer,yes,no,36.88,1,0,1,19,1,78.99,307.34,1
C107648,53,40,month-to-month,mailed-check,no,no,35.34,2,2,0,12,2,69.9,2870.42,1
C107649,34,52,month-to-month,electronic-check,yes,yes,14.2,1,0,0,18,1,46.71,2534.7,0
C107650,39,26,month-to-month,credit-card,yes,no,35.74,1,1,2,16,2,68.74,1852.01,0
C107651,32,39,two-year,credit-card,yes,no,1.52,0,1,0,19,2,99.74,3958.83,0
C107652,54,20,two-year,mailed-check,no,no,10.36,2,0,3,17,1,63.99,1307.4,0
C107653,49,19,month-to-month,credit-card,yes,no,8.52,1,0,3,8,1,77.23,1594.26,0
C107654,36,9,two-year,mailed-check,yes,no,10.9,0,0,2,17,1,63.09,651.3,0
C107655,25,23,month-to-month,credit-card,no,yes,37.41,0,0,2,11,1,54.6,1321.8,0
C107656,35,58,two-year,bank-transfer,yes,no,18.63,2,0,0,20,2,61.84,3623.32,0
C107657,46,68,one-year,bank-transfer,yes,no,40.5,1,0,0,14,0,51.33,3528.98,0
C107658,41,46,one-year,credit-card,yes,no,56.72,0,1,1,14,3,94.87,4474.6,0
C107659,40,45,one-year,credit-card,no,no,54.84,0,0,5,14,2,54.95,2493.01,0
C107660,42,44,one-year,electronic-check,no,no,13.86,0,0,2,8,2,82.37,3664.22,0
C107661,48,34,two-year,credit-card,no,no,19.23,1,0,0,12,2,58.39,2028.42,0
C107662,38,30,month-to-month,mailed-check,no,no,22.23,0,0,0,19,0,52.16,1620.2,0
C107663,44,45,two-year,electronic-check,no,yes,62.06,1,0,1,14,1,68.85,3158.22,0
C107664,27,57,month-to-month,bank-transfer,yes,no,13.64,0,0,0,9,1,71.19,4185.67,0
C107665,70,30,month-to-month,mailed-check,yes,no,44.95,1,0,0,16,1,60.52,1933.75,0
C107666,36,41,one-year,mailed-check,no,no,30.79,1,0,1,24,0,62.59,2639.52,0
C107667,41,34,one-year,mailed-check,no,yes,2.25,0,0,1,19,2,68.67,2369.82,1
C107668,46,20,two-year,electronic-check,yes,yes,18.13,0,1,2,16,1,72.01,1527.1,0
C107669,34,21,month-to-month,electronic-check,no,no,9.83,1,0,0,12,0,54.74,1189.61,1
C107670,39,5,month-to-month,bank-transfer,yes,no,17.66,2,0,0,13,2,72.22,335.88,1
C107671,39,32,month-to-month,electronic-check,yes,no,2.4,2,0,0,8,0,56.75,1935.26,1
C107672,28,52,two-year,bank-transfer,yes,no,64.6,0,0,1,9,2,74.67,3917.03,0
C107673,44,50,two-year,mailed-check,no,no,16.39,1,0,0,9,1,74.77,3883.79,0
C107674,19,71,two-year,,yes,no,17.8,3,1,0,8,3,80.05,5763.14,0
C107675,60,2,month-to-month,electronic-check,yes,no,60.54,0,0,1,24,2,73.94,267.51,0
C107676,49,55,two-year,mailed-check,yes,no,7.26,1,0,0,20,0,48.34,2761.07,0
C107677,47,58,month-to-month,credit-card,no,no,31.63,0,0,2,14,0,85.35,5068.05,1
C107678,18,31,two-year,credit-card,yes,no,12.51,2,0,0,13,3,101.86,3271.09,1
C107679,29,20,one-year,mailed-check,yes,no,4.18,0,0,1,11,0,42.73,903.57,0
C107680,56,26,month-to-month,electronic-check,no,no,34.41,1,1,2,10,1,69.69,1889.62,0
C107681,85,49,one-year,bank-transfer,no,no,51.13,1,0,4,15,1,80.72,3990.37,0
C107682,53,62,one-year,mailed-check,yes,no,21.27,1,0,0,14,0,61.71,3864.57,1
C107683,51,46,month-to-month,mailed-check,yes,no,38.06,0,1,0,12,0,56.71,2598.14,0
C107684,45,37,month-to-month,mailed-check,no,no,13.6,0,0,0,7,1,55.82,2107.3,1
C107685,29,47,one-year,bank-transfer,yes,no,32.39,2,0,2,16,1,69.67,3293.44,1
C107686,51,5,two-year,electronic-check,yes,no,22.78,1,0,2,18,0,45.02,291.79,0
C107687,26,44,one-year,credit-card,yes,no,14.87,3,1,0,10,2,73.37,3225.31,1
C107688,24,3,month-to-month,mailed-check,no,no,9.44,0,0,1,16,0,48.83,185.99,1
C107689,24,70,one-year,electronic-check,no,no,50.5,0,0,0,16,2,79.85,5677.67,0
C107690,51,64,month-to-month,credit-card,yes,yes,23.41,0,0,1,14,0,72.29,4708.54,0
C107691,38,37,month-to-month,mailed-check,yes,no,16.85,1,0,2,12,1,56.06,2075.32,0
C107692,40,27,month-to-month,electronic-check,yes,no,18.56,2,1,1,12,1,60.07,1729.93,0
C107693,39,53,month-to-month,electronic-check,no,no,33.08,1,0,0,18,0,72.03,3889.61,0
C107694,25,46,month-to-month,bank-transfer,no,no,37.23,1,0,2,16,1,58.87,2750.39,0
C107695,31,51,month-to-month,bank-transfer,yes,no,22.89,0,0,1,16,1,25.95,1310.54,0
C107696,32,37,month-to-month,mailed-check,no,no,31.18,2,2,1,19,2,94.02,3568.16,0
C107697,22,17,one-year,,yes,no,17.62,1,2,1,13,1,78.82,1363.89,0
C107698,33,5,month-to-month,electronic-check,yes,no,19.36,1,0,2,10,0,65.36,395.59,0
C107699,26,20,month-to-month,mailed-check,yes,no,34.79,0,0,1,18,1,64.12,1284.8,0
C107700,46,38,month-to-month,mailed-check,no,no,17.14,2,1,0,14,1,64.48,2495.26,0
C107701,47,30,one-year,mailed-check,no,no,8.8,1,0,0,16,1,43.67,1340.63,1
C107702,23,36,two-year,mailed-check,yes,no,33.55,0,0,1,21,3,70.31,2574.46,0
C107703,35,20,month-to-month,bank-transfer,yes,no,29.55,1,2,1,17,1,62.39,1289.42,0
C107704,61,68,one-year,bank-transfer,no,yes,41.5,1,0,3,14,0,55.44,3804.49,1
C107705,27,26,two-year,bank-transfer,yes,no,33.21,1,1,0,17,3,91.84,2479.53,0
C107706,44,61,one-year,bank-transfer,yes,yes,28.98,0,1,0,20,3,104.05,6486.06,1
C107707,40,28,month-to-month,electronic-check,no,no,7.71,0,0,0,10,0,54.06,1616.77,1
C107708,52,32,month-to-month,bank-transfer,no,no,22.43,0,1,1,15,1,62.02,2081.79,1
C107709,43,44,month-to-month,electronic-check,yes,no,15.46,1,0,1,16,0,73.49,3355.57,0
C107710,34,19,month-to-month,bank-transfer,yes,no,33.03,0,0,0,20,3,96.73,1972.32,0
C107711,40,16,month-to-month,mailed-check,no,no,64.49,0,1,1,17,2,78.21,1327.32,0
C107712,40,27,two-year,bank-transfer,yes,no,36.74,1,0,0,15,0,57.05,1586.46,0
C107713,38,58,month-to-month,credit-card,no,yes,7.23,0,1,1,11,0,45.42,2742.83,0
C107714,23,10,month-to-month,mailed-check,no,no,27.84,2,0,1,17,0,52.09,574.09,0
C107715,54,31,two-year,electronic-check,no,no,15.53,0,1,0,13,2,68.89,2165.38,0
C107716,52,49,one-year,credit-card,yes,yes,35.41,0,0,1,15,1,74.8,3758.76,1
C107717,26,51,month-to-month,mailed-check,no,no,39.38,2,0,3,19,1,57.6,3053.76,1
C107718,35,31,two-year,mailed-check,no,no,21.95,0,1,0,22,2,67.41,2187.36,0
C107719,36,5,month-to-month,electronic-check,no,no,17.29,0,0,0,12,1,69.3,409.16,0
C107720,25,1,month-to-month,mailed-check,yes,no,28.93,1,0,0,16,2,66.13,173.47,0
C107721,18,34,month-to-month,mailed-check,no,no,14.16,0,0,3,16,2,63.07,2170.86,0
C107722,31,59,month-to-month,credit-card,yes,no,40.15,1,0,0,15,0,88.76,5340.76,0
C107723,35,2,two-year,bank-transfer,yes,no,33.38,0,0,0,7,1,65.63,187.18,0
C107724,22,64,month-to-month,mailed-check,yes,no,16.75,0,0,1,10,1,67.76,4380.68,0
C107725,41,49,two-year,bank-transfer,yes,no,9.91,0,4,1,14,1,62.01,3073.4,0
C107726,53,0,month-to-month,credit-card,yes,no,26.88,0,1,1,12,1,49.49,56.58,1
C107727,49,25,two-year,electronic-check,no,no,45.11,1,0,1,15,1,65.37,1699.57,0
C107728,37,16,month-to-month,bank-transfer,yes,no,38.32,1,0,1,17,2,61.8,1086.25,0
C107729,18,69,two-year,electronic-check,yes,yes,8.68,1,0,4,11,2,79.84,,1
C107730,48,40,month-to-month,electronic-check,no,no,31.11,0,2,0,12,3,89.33,3761.33,0
C107731,41,23,two-year,bank-transfer,yes,no,33.38,1,0,1,16,0,63.5,1533.09,0
C107732,44,20,two-year,credit-card,yes,no,19.55,2,0,0,11,1,51.09,1086.15,1
C107733,62,41,one-year,credit-card,no,no,23.48,0,0,0,16,2,49.55,2109.71,0
C107734,29,0,month-to-month,mailed-check,yes,no,37.0,0,1,0,12,2,43.84,0.0,1
C107735,18,18,one-year,electronic-check,yes,no,25.29,0,0,0,12,1,71.46,1430.14,0
C107736,26,12,one-year,electronic-check,yes,no,3.43,0,0,1,21,1,64.94,821.24,0
C107737,45,45,one-year,,no,yes,12.14,1,0,1,11,1,49.18,2296.33,1
C107738,39,48,one-year,mailed-check,yes,no,16.53,1,0,2,17,2,82.8,4075.31,0
C107739,24,34,two-year,mailed-check,no,no,12.41,0,2,0,14,2,87.88,3064.09,0
C107740,22,10,two-year,bank-transfer,no,yes,39.96,1,0,1,15,0,56.2,645.21,0
C107741,35,27,month-to-month,electronic-check,yes,yes,30.32,1,1,1,10,1,59.53,1661.87,0
C107742,24,61,month-to-month,electronic-check,no,no,7.67,0,0,1,22,1,61.76,3843.07,0
C107743,45,14,month-to-month,electronic-check,yes,no,29.87,0,1,0,17,2,81.57,1247.74,0
C107744,34,11,one-year,bank-transfer,no,no,42.0,0,0,2,13,0,69.71,837.81,0
C107745,31,8,two-year,electronic-check,no,no,19.65,0,2,2,7,1,56.31,517.71,0
C107746,30,59,month-to-month,electronic-check,no,no,28.55,1,0,1,16,0,57.85,3451.13,0
C107747,42,8,month-to-month,mailed-check,no,no,24.53,1,0,0,14,1,116.56,1017.8,1
C107748,40,42,month-to-month,electronic-check,yes,no,9.42,0,0,0,12,0,80.44,3491.11,0
C107749,41,72,month-to-month,mailed-check,no,no,29.95,0,2,0,18,0,56.86,4123.03,1
C107750,41,46,two-year,credit-card,no,no,15.24,1,1,0,11,0,72.6,3465.3,0
C107751,38,30,one-year,electronic-check,no,yes,55.81,0,0,1,22,1,71.57,2187.0,0
C107752,27,15,month-to-month,electronic-check,no,yes,8.91,1,1,0,13,1,81.15,1299.39,1
C107753,30,0,month-to-month,electronic-check,yes,no,22.65,0,0,3,11,2,63.81,86.29,1
C107754,34,11,month-to-month,electronic-check,no,no,43.57,0,1,2,12,0,66.04,833.05,0
C107755,64,69,one-year,credit-card,yes,no,16.74,0,0,2,19,0,67.83,4754.51,1
C107756,23,10,one-year,bank-transfer,yes,no,29.56,1,0,2,18,1,66.11,800.23,1
C107757,34,1,month-to-month,mailed-check,yes,yes,128.81,0,0,0,19,2,64.35,72.14,0
C107758,40,59,month-to-month,bank-transfer,yes,no,41.54,1,1,1,14,0,59.8,3512.26,1
C107759,35,30,two-year,electronic-check,yes,no,30.62,1,0,0,17,0,40.17,1192.17,0
C107760,52,26,two-year,mailed-check,yes,no,38.14,0,1,0,16,2,70.04,1836.73,1
C107761,35,52,one-year,electronic-check,no,no,31.71,1,0,0,15,0,49.91,2600.56,0
C107762,36,38,month-to-month,credit-card,no,yes,11.71,0,3,1,17,1,76.68,2970.7,0
C107763,49,66,two-year,bank-transfer,no,no,28.95,1,0,0,14,0,62.53,4170.76,0
C107764,61,34,one-year,electronic-check,yes,no,81.12,0,1,0,15,0,67.23,2337.82,0
C107765,56,52,two-year,bank-transfer,no,no,49.68,1,1,1,13,3,87.78,4609.85,0
C107766,37,64,month-to-month,electronic-check,no,no,18.6,1,1,0,12,1,51.59,3353.5,0
C107767,38,33,month-to-month,electronic-check,no,no,20.26,1,1,1,10,0,75.25,2585.67,0
C107768,40,20,month-to-month,electronic-check,yes,yes,84.65,1,0,0,13,1,78.12,1623.27,1
C107769,41,71,two-year,electronic-check,no,yes,22.63,2,2,1,10,1,47.51,3410.8,0
C107770,29,16,one-year,electronic-check,yes,no,16.98,0,0,1,14,2,83.89,1459.99,0
C107771,50,2,month-to-month,credit-card,yes,no,12.0,1,2,1,6,1,70.49,239.96,0
C107772,41,42,two-year,electronic-check,yes,no,25.88,1,1,0,19,1,71.23,3046.12,1
C107773,38,72,two-year,mailed-check,no,no,16.18,1,0,0,8,0,44.45,3286.69,0
C107774,24,6,month-to-month,electronic-check,yes,no,25.13,1,0,0,15,0,56.01,380.88,0
C107775,40,62,one-year,electronic-check,yes,no,30.05,0,0,0,16,0,64.43,4080.37,0
C107776,18,60,one-year,electronic-check,no,yes,53.7,2,0,0,18,1,67.08,4049.97,0
C107777,32,67,month-to-month,electronic-check,yes,no,19.98,0,0,1,16,0,40.04,2695.31,0
C107778,32,30,one-year,electronic-check,yes,no,3.3,0,0,0,19,0,50.57,1524.65,0
C107779,42,18,month-to-month,electronic-check,no,no,19.23,0,1,1,10,2,77.59,1472.19,0
C107780,62,37,two-year,electronic-check,no,no,19.42,1,0,0,15,2,70.71,2668.77,0
C107781,46,10,two-year,bank-transfer,no,no,18.27,1,1,1,15,2,99.33,1064.93,1
C107782,56,61,two-year,credit-card,no,no,21.94,2,1,1,9,1,74.25,4612.11,0
C107783,47,48,one-year,electronic-check,yes,no,4.69,1,1,0,16,2,80.11,3957.7,0
C107784,53,35,month-to-month,bank-transfer,yes,no,9.25,0,0,2,12,1,65.05,2335.79,0
C107785,61,37,month-to-month,bank-transfer,yes,no,17.67,0,1,0,10,0,50.58,1929.53,0
C107786,30,51,one-year,bank-transfer,no,no,,1,1,4,12,0,77.66,4035.29,1
C107787,29,38,month-to-month,bank-transfer,yes,no,23.01,0,0,1,22,1,58.91,2263.53,0
C107788,47,61,one-year,mailed-check,yes,no,33.42,0,1,0,15,0,57.72,3562.47,1
C107789,39,67,month-to-month,credit-card,no,no,8.18,0,1,2,15,0,54.36,3744.56,0
C107790,42,69,month-to-month,electronic-check,yes,no,13.2,0,0,2,17,1,45.97,3204.12,0
C107791,36,45,month-to-month,mailed-check,yes,no,0.85,1,0,3,20,2,75.41,3538.09,1
C107792,32,54,one-year,bank-transfer,no,no,4.04,2,0,2,10,0,66.84,3658.89,0
C107793,58,22,month-to-month,credit-card,yes,no,76.37,1,0,2,12,1,64.03,1447.44,0
C107794,26,2,one-year,mailed-check,no,yes,7.71,1,0,1,11,2,67.49,275.43,1
C107795,47,29,month-to-month,,yes,no,10.75,0,0,1,14,1,52.47,1622.25,0
C107796,45,63,one-year,bank-transfer,yes,no,12.81,0,0,1,19,0,77.22,4921.55,1
C107797,20,9,one-year,bank-transfer,yes,no,62.08,0,1,1,26,1,74.25,736.81,0
C107798,29,39,one-year,credit-card,yes,no,7.97,1,0,0,16,3,89.35,3498.28,0
C107799,31,14,month-to-month,bank-transfer,yes,no,20.81,2,1,0,17,3,78.52,1201.28,1
C107800,46,31,month-to-month,mailed-check,yes,no,13.63,1,0,1,23,2,80.98,2571.5,1
C107801,35,10,month-to-month,credit-card,yes,yes,16.07,0,0,1,20,3,64.72,707.95,1
C107802,38,53,one-year,electronic-check,yes,no,6.38,1,0,0,18,2,61.98,3304.97,0
C107803,22,59,month-to-month,credit-card,yes,no,13.97,0,1,1,15,0,80.17,4851.78,1
C107804,67,55,two-year,credit-card,yes,no,35.05,0,0,0,21,2,78.98,4397.69,0
C107805,40,51,two-year,bank-transfer,yes,no,20.65,1,0,0,17,2,71.75,3744.23,0
C107806,45,17,month-to-month,electronic-check,yes,no,29.3,4,0,1,13,2,50.17,898.25,1
C107807,33,38,two-year,electronic-check,yes,yes,8.8,1,0,1,9,2,77.24,3064.58,1
C107808,31,7,one-year,electronic-check,no,no,37.96,0,1,1,14,0,52.22,446.41,0
C107809,62,27,month-to-month,electronic-check,yes,no,21.7,3,0,1,17,1,76.17,2136.2,0
C107810,18,36,one-year,bank-transfer,no,no,16.36,0,2,0,17,2,51.35,1892.46,0
C107811,42,48,two-year,credit-card,yes,no,18.17,1,0,2,22,0,66.77,3232.99,0
C107812,24,7,month-to-month,bank-transfer,yes,yes,23.8,1,1,1,25,0,50.98,348.77,1
C107813,34,59,month-to-month,mailed-check,yes,no,23.12,0,0,1,9,0,43.94,2589.51,1
C107814,31,33,one-year,credit-card,yes,yes,53.7,2,0,2,11,1,69.66,2378.59,0
C107815,27,64,month-to-month,credit-card,no,no,24.49,1,0,1,11,1,86.72,5664.87,0
C107816,39,38,one-year,bank-transfer,no,yes,23.82,0,0,1,10,1,72.58,2870.42,0
C107817,18,39,one-year,mailed-check,yes,no,19.98,2,0,0,14,3,90.4,3614.44,0
C107818,35,50,one-year,bank-transfer,yes,no,27.41,0,0,1,15,2,64.49,3290.45,1
C107819,38,59,month-to-month,mailed-check,no,no,40.51,0,0,2,18,1,85.11,5089.86,1
C107820,23,11,month-to-month,electronic-check,no,no,3.98,1,1,2,16,2,79.27,937.57,0
C107821,57,37,two-year,bank-transfer,yes,yes,3.49,1,0,2,12,1,37.26,1438.93,0
C107822,32,2,month-to-month,bank-transfer,yes,no,19.4,1,0,2,18,1,75.41,200.84,0
C107823,36,34,month-to-month,electronic-check,yes,no,12.14,1,0,0,20,2,76.03,2668.15,0
C107824,32,59,month-to-month,credit-card,yes,no,22.91,0,0,1,14,2,67.6,4060.37,0
C107825,38,63,month-to-month,credit-card,yes,no,23.3,0,0,2,9,1,78.7,5035.37,0
C107826,55,20,month-to-month,bank-transfer,yes,no,19.19,0,0,0,14,1,54.12,1133.64,0
C107827,69,28,month-to-month,electronic-check,yes,no,47.89,0,0,0,19,2,69.89,2065.66,0
C107828,48,40,one-year,electronic-check,yes,no,11.17,0,0,1,17,2,78.19,3224.37,0
C107829,52,28,one-year,bank-transfer,yes,no,13.16,0,1,1,10,1,69.13,2016.75,0
C107830,60,12,two-year,credit-card,yes,no,57.09,1,1,0,18,0,51.03,687.75,1
C107831,42,22,two-year,mailed-check,no,yes,7.67,0,0,2,13,2,60.35,1372.75,0
C107832,58,29,month-to-month,electronic-check,yes,no,18.25,1,0,0,11,2,70.1,2140.8,1
C107833,49,37,month-to-month,electronic-check,yes,no,16.83,0,0,1,19,0,49.86,1932.65,0
C107834,41,67,two-year,electronic-check,yes,yes,30.77,0,0,2,13,2,91.77,6223.91,1
C107835,43,39,month-to-month,bank-transfer,yes,no,20.94,0,1,2,17,1,34.12,1368.09,0
C107836,18,28,month-to-month,mailed-check,yes,no,6.7,1,2,0,14,1,74.53,2153.43,0
C107837,43,48,month-to-month,electronic-check,yes,yes,14.89,0,0,0,16,0,31.18,1551.49,0
C107838,20,56,one-year,mailed-check,yes,no,13.53,0,2,3,9,1,60.95,3487.73,0
C107839,19,31,month-to-month,credit-card,yes,yes,34.83,0,2,1,21,2,59.82,1878.62,0
C107840,41,35,month-to-month,mailed-check,yes,no,56.92,1,0,0,14,1,50.52,1814.44,0
C107841,26,15,month-to-month,electronic-check,yes,no,47.93,0,0,1,12,1,80.26,1332.32,0
C107842,39,63,one-year,bank-transfer,yes,yes,20.45,1,0,0,8,1,72.96,4659.21,1
C107843,41,63,month-to-month,credit-card,no,no,42.09,0,1,1,13,1,65.64,4234.73,0
C107844,41,12,one-year,electronic-check,yes,no,42.59,1,1,0,19,1,64.59,896.05,0
C107845,28,25,month-to-month,electronic-check,no,no,64.94,0,0,5,20,3,76.5,,0
C107846,50,19,month-to-month,bank-transfer,yes,no,0.42,0,2,0,12,1,57.61,1198.38,1
C107847,38,67,month-to-month,electronic-check,no,yes,16.17,1,1,0,7,2,73.48,4958.73,0
C107848,44,4,month-to-month,credit-card,yes,no,33.67,0,0,2,18,1,60.37,309.17,0
C107849,25,15,month-to-month,bank-transfer,yes,no,12.59,0,0,1,14,1,63.08,1024.44,1
C107850,37,22,two-year,electronic-check,no,no,6.94,0,0,1,13,1,77.95,1774.87,0
C107851,52,40,month-to-month,credit-card,yes,yes,8.55,0,1,2,12,0,62.37,2542.56,0
C107852,51,18,two-year,bank-transfer,no,yes,28.21,0,1,0,18,3,88.98,1709.64,0
C107853,29,39,month-to-month,mailed-check,yes,no,13.52,1,0,0,17,0,43.64,1751.54,0
C107854,32,54,month-to-month,electronic-check,no,yes,8.7,0,0,0,24,1,71.39,3943.12,0
C107855,27,60,one-year,bank-transfer,no,no,57.9,0,0,0,13,1,36.61,2331.76,0
C107856,31,7,two-year,credit-card,yes,no,27.81,1,0,0,9,1,54.79,432.13,0
C107857,22,10,month-to-month,electronic-check,no,no,51.98,1,0,1,13,0,43.05,428.47,0
C107858,37,6,month-to-month,mailed-check,yes,yes,16.5,1,0,0,16,2,65.78,433.73,0
C107859,47,66,one-year,credit-card,no,no,38.68,0,2,1,14,0,53.6,3589.09,0
C107860,30,47,month-to-month,mailed-check,yes,no,10.14,1,1,1,15,2,65.54,3096.03,0
C107861,38,38,one-year,electronic-check,yes,no,13.5,0,0,0,18,2,79.18,3096.41,1
C107862,36,57,two-year,electronic-check,yes,no,16.02,0,2,1,21,2,81.37,4770.49,0
C107863,52,42,month-to-month,bank-transfer,yes,no,13.7,0,0,1,11,0,71.62,3137.19,0
C107864,32,17,two-year,bank-transfer,yes,no,8.19,1,1,1,14,3,74.43,1340.8,0
C107865,32,37,month-to-month,electronic-check,yes,no,14.47,0,0,0,10,0,45.59,1752.45,1
C107866,29,51,two-year,electronic-check,yes,no,5.63,0,0,0,6,1,61.61,3237.31,0
C107867,25,2,two-year,bank-transfer,yes,no,22.82,4,0,0,16,1,67.88,300.91,0
C107868,45,44,one-year,bank-transfer,no,no,45.27,1,0,2,16,3,87.03,3919.12,1
C107869,37,36,two-year,electronic-check,yes,no,12.3,1,0,2,15,2,94.17,3453.57,1
C107870,40,5,two-year,mailed-check,yes,no,19.11,1,0,2,9,0,66.03,384.9,0
C107871,54,19,month-to-month,bank-transfer,no,no,42.57,1,0,1,16,2,89.43,1761.13,0
C107872,55,32,month-to-month,electronic-check,no,yes,58.83,1,0,0,14,0,63.68,2114.76,0
C107873,19,25,month-to-month,electronic-check,yes,no,40.37,1,0,0,13,1,64.62,1707.18,0
C107874,47,21,month-to-month,credit-card,yes,no,23.27,0,1,0,13,0,25.73,567.71,0
C107875,42,47,one-year,credit-card,yes,yes,31.4,1,0,2,15,0,57.16,2716.8,0
C107876,33,29,month-to-month,electronic-check,yes,yes,33.4,1,1,1,12,3,83.72,2489.9,1
C107877,43,36,one-year,credit-card,yes,yes,31.75,0,1,1,17,1,59.67,2240.4,0
C107878,18,58,month-to-month,bank-transfer,no,no,13.43,1,0,0,13,0,67.29,3952.2,0
C107879,57,6,month-to-month,credit-card,yes,no,37.21,0,0,0,11,1,50.64,444.36,0
C107880,45,26,month-to-month,credit-card,yes,yes,44.77,0,1,0,11,2,84.77,2254.94,1
C107881,29,5,two-year,bank-transfer,yes,no,2.19,0,0,1,12,0,62.27,337.88,0
C107882,32,67,month-to-month,mailed-check,no,no,16.13,0,0,0,14,2,81.06,5479.1,1
C107883,19,13,month-to-month,electronic-check,no,no,29.56,3,1,0,14,0,66.05,967.93,0
C107884,35,59,month-to-month,mailed-check,yes,yes,25.35,1,0,1,12,0,34.47,2058.79,0
C107885,33,13,two-year,mailed-check,no,no,29.98,1,0,1,10,1,67.67,934.26,0
C107886,23,23,month-to-month,bank-transfer,no,no,9.24,0,0,2,11,1,48.53,1228.94,0
C107887,48,44,one-year,electronic-check,no,no,2.04,0,0,2,15,2,74.27,3252.04,0
C107888,54,60,month-to-month,credit-card,yes,no,24.02,1,0,0,19,2,57.78,3535.21,0
C107889,39,12,month-to-month,credit-card,yes,no,20.37,0,1,0,15,0,45.97,,0
C107890,35,15,one-year,electronic-check,no,no,44.16,3,1,2,16,0,51.5,911.66,1
C107891,44,64,one-year,bank-transfer,yes,no,29.81,1,0,2,10,2,67.76,4387.04,1
C107892,39,23,one-year,credit-card,yes,no,2.23,0,0,0,12,1,65.31,1540.29,0
C107893,26,15,month-to-month,bank-transfer,no,yes,30.33,0,0,0,10,0,64.57,1057.04,0
C107894,31,54,two-year,,no,no,52.89,2,0,0,14,1,95.03,5238.09,0
C107895,35,6,one-year,mailed-check,yes,yes,43.11,0,2,0,21,0,48.68,361.26,0
C107896,42,63,two-year,electronic-check,yes,no,29.87,0,0,0,16,3,95.99,6129.5,0
C107897,39,63,month-to-month,mailed-check,yes,no,14.7,0,1,2,9,2,76.35,4865.13,1
C107898,42,62,month-to-month,mailed-check,yes,yes,18.75,2,2,2,10,0,42.49,2644.34,1
C107899,21,21,month-to-month,electronic-check,yes,no,18.38,2,0,1,11,1,39.06,868.83,0
C107900,47,8,one-year,credit-card,yes,no,33.55,1,0,1,14,2,65.47,595.53,0
C107901,39,31,one-year,bank-transfer,yes,no,32.12,1,0,2,15,1,58.07,1870.81,0
C107902,70,24,month-to-month,mailed-check,yes,no,22.73,0,1,0,8,1,59.3,1568.26,0
C107903,34,70,month-to-month,mailed-check,no,no,40.97,0,0,0,9,0,39.37,2849.95,0
C107904,43,46,month-to-month,mailed-check,yes,yes,12.14,1,0,2,20,1,61.25,2877.4,0
C107905,73,68,month-to-month,mailed-check,yes,yes,38.73,0,0,0,6,3,80.49,5538.15,0
C107906,41,54,two-year,mailed-check,yes,yes,59.55,2,0,2,9,1,53.8,3002.38,0
C107907,38,52,month-to-month,electronic-check,yes,no,49.24,0,1,0,23,2,80.09,4271.38,0
C107908,27,8,month-to-month,credit-card,yes,no,38.98,0,0,0,10,0,35.87,334.33,0
C107909,57,5,month-to-month,credit-card,no,no,14.39,0,1,0,18,2,75.59,477.77,0
C107910,25,3,month-to-month,mailed-check,no,yes,,0,0,1,24,2,72.78,256.68,1
C107911,44,43,two-year,bank-transfer,yes,no,33.19,0,1,0,14,0,57.09,2541.28,0
C107912,33,14,month-to-month,credit-card,yes,yes,26.14,1,1,0,21,3,89.5,1323.73,0
C107913,37,72,two-year,electronic-check,yes,no,33.0,1,0,0,16,3,86.97,6344.18,0
C107914,22,9,one-year,electronic-check,yes,no,70.72,0,0,1,17,1,45.79,,0
C107915,55,69,one-year,electronic-check,yes,no,48.16,0,0,2,16,2,65.6,4624.28,0
C107916,36,48,month-to-month,mailed-check,yes,no,63.33,0,0,0,22,1,73.18,3512.71,0
C107917,24,7,one-year,electronic-check,yes,no,46.56,0,0,0,14,0,62.88,559.45,0
C107918,54,4,one-year,bank-transfer,yes,yes,18.95,0,0,2,15,1,51.94,293.44,1
C107919,33,28,month-to-month,mailed-check,no,yes,9.94,0,1,0,8,2,51.49,1464.92,0
C107920,43,24,two-year,electronic-check,yes,no,18.57,0,0,0,15,1,70.55,1750.12,0
C107921,49,23,month-to-month,mailed-check,no,no,25.3,0,0,0,11,3,91.36,2201.13,1
C107922,45,38,month-to-month,electronic-check,yes,no,44.69,0,0,4,18,3,61.56,2388.57,0
C107923,18,9,month-to-month,mailed-check,no,no,39.72,2,1,1,10,0,41.05,365.65,0
C107924,47,9,one-year,electronic-check,yes,no,12.06,1,1,1,10,2,66.86,638.57,0
C107925,38,50,month-to-month,electronic-check,no,no,26.62,1,1,1,13,1,56.81,2921.55,0
C107926,35,72,month-to-month,electronic-check,no,no,53.04,0,2,1,25,3,86.89,6307.12,0
C107927,38,19,month-to-month,bank-transfer,yes,no,12.43,0,1,0,11,0,70.73,1413.29,1
C107928,20,68,month-to-month,electronic-check,yes,no,21.04,0,0,0,20,0,40.03,2778.83,0
C107929,41,25,month-to-month,,no,no,18.05,1,0,4,19,0,53.12,1391.33,1
C107930,23,24,two-year,credit-card,yes,no,41.86,1,0,0,12,1,56.26,1394.75,0
C107931,36,6,month-to-month,mailed-check,no,no,64.98,0,2,0,18,2,81.5,549.88,0
C107932,41,30,two-year,,no,no,17.15,0,0,1,15,1,72.17,2199.21,0
C107933,52,36,one-year,bank-transfer,yes,no,14.33,1,0,0,14,3,68.39,2543.12,0
C107934,29,48,one-year,electronic-check,no,no,7.97,0,0,0,15,2,83.12,4041.97,0
C107935,56,11,two-year,credit-card,yes,yes,24.34,1,2,0,17,3,80.36,1037.02,1
C107936,50,13,month-to-month,bank-transfer,yes,no,43.53,1,1,0,27,0,54.07,748.99,0
C107937,34,31,one-year,mailed-check,no,no,5.32,2,1,0,20,0,62.72,2016.41,0
C107938,26,5,month-to-month,electronic-check,no,yes,22.02,1,0,2,16,3,59.26,332.86,0
C107939,22,10,month-to-month,bank-transfer,yes,no,29.87,1,0,1,14,1,86.88,978.89,1
C107940,42,45,month-to-month,bank-transfer,yes,no,39.68,0,0,2,15,0,56.47,2531.24,0
C107941,30,69,one-year,electronic-check,yes,yes,28.77,1,0,2,13,0,70.25,4932.52,1
C107942,53,41,two-year,bank-transfer,no,no,9.42,2,0,0,19,0,46.79,1956.89,0
C107943,31,10,month-to-month,electronic-check,no,no,14.85,0,0,0,15,2,53.16,681.35,0
C107944,28,72,one-year,credit-card,yes,no,56.66,1,0,1,19,3,84.84,6191.67,0
C107945,42,38,month-to-month,credit-card,yes,no,35.95,0,0,1,15,2,59.7,2300.7,1
C107946,31,52,month-to-month,electronic-check,yes,no,16.94,0,0,0,14,0,46.82,2514.77,0
C107947,39,14,month-to-month,electronic-check,yes,yes,21.76,1,0,0,16,2,74.45,1123.38,0
C107948,51,42,one-year,mailed-check,no,no,10.94,1,0,0,14,0,64.06,2705.02,0
C107949,40,5,month-to-month,credit-card,yes,no,4.66,2,0,0,11,0,57.94,406.77,0
C107950,40,45,month-to-month,electronic-check,yes,no,23.03,3,0,2,18,0,67.43,3058.12,1
C107951,41,14,month-to-month,electronic-check,no,no,13.91,0,0,1,16,2,70.69,1046.54,0
C107952,19,66,one-year,bank-transfer,yes,yes,30.59,0,0,1,13,0,71.53,4804.19,1
C107953,44,3,two-year,electronic-check,no,no,74.57,2,0,0,18,3,93.09,376.45,0
C107954,41,47,month-to-month,electronic-check,yes,no,29.28,0,0,0,16,0,42.09,2050.94,1
C107955,50,10,one-year,bank-transfer,yes,no,29.28,1,0,1,24,1,69.27,715.9,0
C107956,46,50,one-year,mailed-check,no,no,43.11,1,1,0,21,3,83.51,4252.84,0
C107957,37,36,month-to-month,bank-transfer,no,no,7.87,0,0,2,14,0,44.25,1608.54,1
C107958,51,70,month-to-month,electronic-check,no,no,33.18,0,0,1,18,1,69.54,4959.99,0
C107959,35,47,two-year,mailed-check,yes,no,10.71,0,0,1,20,0,59.04,2867.54,0
C107960,42,27,month-to-month,mailed-check,yes,no,42.49,0,0,0,11,0,63.85,1776.78,0
C107961,35,6,month-to-month,mailed-check,no,no,29.2,0,0,1,23,2,57.83,400.68,1
C107962,45,43,two-year,credit-card,yes,no,8.63,0,0,1,13,0,27.49,1191.77,0
C107963,34,32,two-year,electronic-check,yes,no,29.56,2,0,0,23,1,58.48,1892.45,0
C107964,59,3,one-year,mailed-check,yes,no,6.86,0,0,0,13,1,56.92,249.68,0
C107965,63,42,two-year,credit-card,yes,no,8.37,0,0,1,16,0,59.46,2523.15,0
C107966,49,15,month-to-month,electronic-check,yes,no,6.27,0,0,2,9,2,45.94,734.58,0
C107967,57,17,one-year,credit-card,no,no,44.38,2,0,0,20,0,63.49,1164.52,0
C107968,21,0,month-to-month,mailed-check,yes,no,31.36,0,0,0,11,1,73.1,20.89,0
C107969,22,27,two-year,electronic-check,yes,no,25.43,0,1,2,13,0,65.35,1835.54,1
C107970,35,15,month-to-month,electronic-check,no,no,11.82,0,0,0,16,0,64.0,986.96,0
C107971,39,5,month-to-month,electronic-check,no,no,33.48,0,0,1,17,1,52.93,330.87,1
C107972,37,31,month-to-month,credit-card,no,no,25.93,0,0,2,12,2,65.11,2085.88,0
C107973,19,16,one-year,credit-card,no,no,15.63,0,1,3,10,3,74.49,1241.49,0
C107974,53,9,month-to-month,bank-transfer,no,no,27.64,0,0,2,11,0,53.07,541.01,0
C107975,65,34,one-year,electronic-check,yes,no,31.54,0,0,0,12,3,71.58,2523.63,0
C107976,54,4,month-to-month,mailed-check,no,no,9.21,1,0,0,16,1,66.82,291.64,0
C107977,52,72,month-to-month,mailed-check,yes,no,52.18,3,1,1,16,1,71.4,5216.17,0
C107978,42,34,one-year,electronic-check,yes,no,20.8,1,0,1,19,1,68.38,2368.96,1
C107979,29,72,month-to-month,electronic-check,yes,no,32.53,0,0,0,15,1,66.54,4882.92,0
C107980,40,64,one-year,mailed-check,yes,no,19.6,0,0,2,14,0,59.47,3786.24,0
C107981,64,71,two-year,mailed-check,no,no,29.49,1,1,1,18,3,80.25,5793.13,0
C107982,35,39,one-year,bank-transfer,no,no,17.43,0,1,2,20,0,61.15,2400.48,0
C107983,34,30,month-to-month,mailed-check,yes,no,18.57,0,0,0,10,1,68.95,2121.44,1
C107984,52,52,month-to-month,electronic-check,no,no,17.17,0,0,1,14,2,61.59,3312.09,0
C107985,53,5,two-year,electronic-check,no,yes,25.21,2,0,1,14,1,90.7,491.84,0
C107986,29,61,one-year,bank-transfer,yes,no,36.96,3,0,0,9,0,74.36,4618.19,1
C107987,36,23,two-year,bank-transfer,no,yes,37.48,2,0,0,17,1,74.76,1757.99,0
C107988,33,0,month-to-month,electronic-check,yes,yes,36.08,1,0,0,24,3,92.38,139.45,1
C107989,40,17,one-year,credit-card,yes,no,27.03,2,0,1,17,1,64.56,1175.22,0
C107990,52,17,month-to-month,bank-transfer,yes,no,15.82,1,0,1,18,0,50.83,1007.36,0
C107991,29,1,one-year,electronic-check,no,no,2.3,1,0,1,22,2,83.95,173.08,0
C107992,52,48,two-year,electronic-check,yes,no,36.48,0,0,2,23,0,59.76,2959.27,0
C107993,40,6,two-year,credit-card,yes,yes,25.02,3,0,0,15,0,64.23,444.97,0
C107994,67,61,month-to-month,mailed-check,yes,no,14.23,0,0,1,16,1,80.98,5086.81,0
C107995,43,33,two-year,electronic-check,no,no,20.58,0,0,1,13,0,36.92,1258.68,0
C107996,38,52,month-to-month,mailed-check,no,no,39.34,0,0,0,18,0,62.18,3342.27,0
C107997,46,24,month-to-month,electronic-check,yes,no,9.71,0,1,1,17,1,53.03,1264.02,0
C107998,35,9,one-year,credit-card,no,yes,54.05,0,1,1,13,3,92.76,930.64,0
C107999,18,13,month-to-month,credit-card,yes,no,79.82,0,1,0,15,0,49.93,683.16,0
